cik,event_type,event_date,form,adsh
719739,DEREGISTRATION,2025-01-24,15-12G,0001193125-25-012292
719739,DELISTING_NOTICE,2023-05-02,25-NSE,0001354457-23-000327
719739,PERIODIC_REPORT,2023-02-24,10-K,0000719739-23-000021
719739,PERIODIC_REPORT,2022-11-07,10-Q,0000719739-22-000081
719739,PERIODIC_REPORT,2022-08-08,10-Q,0000719739-22-000055
719739,PERIODIC_REPORT,2022-05-06,10-Q,0000719739-22-000040
719739,PERIODIC_REPORT,2022-03-01,10-K,0000719739-22-000023
719739,PERIODIC_REPORT,2021-11-08,10-Q,0000719739-21-000071
719739,PERIODIC_REPORT,2021-08-06,10-Q,0000719739-21-000060
719739,PERIODIC_REPORT,2021-05-10,10-Q,0000719739-21-000036
719739,PERIODIC_REPORT,2021-03-01,10-K,0000719739-21-000023
719739,PERIODIC_REPORT,2020-11-05,10-Q,0000719739-20-000074
719739,PERIODIC_REPORT,2020-08-07,10-Q,0000719739-20-000055
719739,PERIODIC_REPORT,2020-05-11,10-Q,0000719739-20-000036
719739,PERIODIC_REPORT,2020-02-28,10-K,0000719739-20-000016
719739,LISTING_REGISTRATION,2019-12-06,8-A12B,0001193125-19-308331
719739,PERIODIC_REPORT,2019-11-12,10-Q,0000719739-19-000075
719739,PERIODIC_REPORT,2019-08-09,10-Q,0000719739-19-000052
719739,PERIODIC_REPORT,2019-05-09,10-Q,0000719739-19-000034
719739,PERIODIC_REPORT,2019-02-28,10-K,0000719739-19-000018
719739,PERIODIC_REPORT,2018-11-09,10-Q,0000719739-18-000049
719739,PERIODIC_REPORT,2018-08-07,10-Q,0000719739-18-000038
719739,PERIODIC_REPORT,2018-05-08,10-Q,0000719739-18-000024
719739,PERIODIC_REPORT,2018-02-28,10-K,0000719739-18-000011
719739,DEREGISTRATION,2018-01-10,15-12G,0001193125-18-008216
719739,DELISTING_NOTICE,2017-12-22,25-NSE/A,0001354457-17-000264
719739,DELISTING_NOTICE,2017-12-22,25-NSE,0001354457-17-000263
719739,PERIODIC_REPORT,2017-11-08,10-Q,0000719739-17-000062
719739,PERIODIC_REPORT,2017-08-07,10-Q,0000719739-17-000049
719739,PERIODIC_REPORT,2017-05-10,10-Q,0000719739-17-000021
719739,PERIODIC_REPORT,2017-02-28,10-K,0000719739-17-000012
719739,PERIODIC_REPORT,2016-11-08,10-Q,0000719739-16-000114
719739,PERIODIC_REPORT,2016-08-08,10-Q,0000719739-16-000095
719739,PERIODIC_REPORT,2016-05-10,10-Q,0000719739-16-000085
719739,PERIODIC_REPORT,2016-02-26,10-K,0000719739-16-000073
719739,PERIODIC_REPORT,2015-11-06,10-Q,0000719739-15-000059
719739,PERIODIC_REPORT,2015-08-07,10-Q,0000719739-15-000048
719739,PERIODIC_REPORT,2015-05-11,10-Q,0000719739-15-000034
719739,PERIODIC_REPORT,2015-02-26,10-K,0000719739-15-000022
719739,PERIODIC_REPORT,2014-11-07,10-Q,0000719739-14-000044
719739,PERIODIC_REPORT,2014-08-08,10-Q,0000719739-14-000034
719739,IPO_PRICING,2014-05-14,424B4,0001193125-14-197961
719739,PERIODIC_REPORT,2014-05-09,10-Q,0000719739-14-000021
719739,PERIODIC_REPORT,2014-02-27,10-K,0000719739-14-000012
719739,PERIODIC_REPORT,2013-11-08,10-Q,0000719739-13-000054
719739,PERIODIC_REPORT,2013-08-08,10-Q,0000719739-13-000040
719739,PERIODIC_REPORT,2013-05-10,10-Q,0000719739-13-000019
719739,PERIODIC_REPORT,2013-02-27,10-K,0000719739-13-000009
719739,PERIODIC_REPORT,2012-11-09,10-Q,0000719739-12-000011
719739,PERIODIC_REPORT,2012-08-08,10-Q,0001193125-12-344003
719739,PERIODIC_REPORT,2012-05-10,10-Q,0001193125-12-225234
719739,PERIODIC_REPORT,2012-02-28,10-K,0001193125-12-085818
719739,PERIODIC_REPORT,2011-11-04,10-Q,0001193125-11-297377
719739,PERIODIC_REPORT,2011-08-05,10-Q,0001193125-11-212416
719739,PERIODIC_REPORT,2011-05-06,10-Q,0001193125-11-130721
719739,PERIODIC_REPORT,2011-02-25,10-K,0001193125-11-047635
719739,PERIODIC_REPORT,2010-11-05,10-Q,0001193125-10-250157
719739,PERIODIC_REPORT,2010-08-06,10-Q,0001193125-10-181548
719739,PERIODIC_REPORT,2010-05-07,10-Q,0001193125-10-112861
719739,PERIODIC_REPORT,2010-03-01,10-K,0001193125-10-044799
719739,LISTING_REGISTRATION,2010-01-19,8-A12G/A,0001193125-10-008129
719739,PERIODIC_REPORT,2009-11-06,10-Q,0001193125-09-227746
719739,PERIODIC_REPORT,2009-08-07,10-Q,0001193125-09-169253
719739,PERIODIC_REPORT,2009-05-08,10-Q,0001193125-09-105436
719739,PERIODIC_REPORT,2009-03-02,10-K,0001193125-09-042756
719739,PERIODIC_REPORT,2008-11-10,10-Q,0001193125-08-231745
719739,PERIODIC_REPORT,2008-08-07,10-Q,0001193125-08-170171
719739,PERIODIC_REPORT,2008-05-09,10-Q,0001193125-08-109999
719739,LISTING_REGISTRATION,2008-04-30,8-A12G/A,0001193125-08-097227
719739,PERIODIC_REPORT,2008-02-29,10-K,0001193125-08-043869
719739,LISTING_REGISTRATION,2008-01-29,8-A12G/A,0001193125-08-014458
719739,PERIODIC_REPORT,2007-11-09,10-Q,0001193125-07-242426
719739,PERIODIC_REPORT,2007-08-09,10-Q,0001193125-07-177464
719739,PERIODIC_REPORT,2007-05-10,10-Q,0001104659-07-038279
719739,PERIODIC_REPORT,2007-03-01,10-K,0001104659-07-015557
719739,PERIODIC_REPORT,2006-11-09,10-Q,0001104659-06-073678
719739,PERIODIC_REPORT,2006-08-09,10-Q,0001104659-06-053227
719739,PERIODIC_REPORT,2006-05-10,10-Q,0001104659-06-033375
719739,PERIODIC_REPORT,2006-03-27,10-K,0001104659-06-019224
719739,PERIODIC_REPORT,2005-12-30,10-Q,0001104659-05-063169
719739,PERIODIC_REPORT,2005-12-30,10-Q,0001104659-05-063168
719739,PERIODIC_REPORT,2005-12-30,10-Q/A,0001104659-05-063167
719739,PERIODIC_REPORT,2005-12-30,10-K/A,0001104659-05-063164
719739,PERIODIC_REPORT,2005-05-10,10-Q,0001104659-05-022061
719739,PERIODIC_REPORT,2005-03-16,10-K,0001104659-05-011395
719739,PERIODIC_REPORT,2004-11-09,10-Q,0001104659-04-034798
719739,PERIODIC_REPORT,2004-08-09,10-Q,0001047469-04-025818
719739,LISTING_REGISTRATION,2004-08-03,8-A12G/A,0001047469-04-025093
719739,PERIODIC_REPORT,2004-05-07,10-Q,0001104659-04-013238
719739,PERIODIC_REPORT,2004-03-11,10-K,0001104659-04-007053
719739,LISTING_REGISTRATION,2004-02-27,8-A12G/A,0001047469-04-005929
719739,PERIODIC_REPORT,2003-11-14,10-Q,0001104659-03-026710
719739,LISTING_REGISTRATION,2003-11-14,8-A12G/A,0001047469-03-037426
719739,IPO_PRICING,2003-10-24,424B4,0001047469-03-034279
719739,LISTING_REGISTRATION,2003-10-21,8-A12G,0001047469-03-033804
719739,PERIODIC_REPORT,2003-09-25,10-Q/A,0001104659-03-021569
719739,PERIODIC_REPORT,2003-09-25,10-Q/A,0001104659-03-021568
719739,PERIODIC_REPORT,2003-08-14,10-Q,0001104659-03-018768
719739,PERIODIC_REPORT,2003-05-13,10-Q,0001104659-03-009338
719739,PERIODIC_REPORT,2003-03-05,10-K,0001047469-03-007766
719739,PERIODIC_REPORT,2002-11-14,10-Q,0001104659-02-005955
719739,PERIODIC_REPORT,2002-08-13,10-Q,0001104659-02-003752
719739,PERIODIC_REPORT,2002-05-13,10-Q,0001104659-02-002126
719739,PERIODIC_REPORT,2002-03-19,10-K,0000912057-02-010546
719739,PERIODIC_REPORT,2001-11-14,10-Q,0001104659-01-503220
719739,PERIODIC_REPORT,2001-08-14,10-Q,0001104659-01-501929
719739,PERIODIC_REPORT,2001-05-15,10-Q,0001104659-01-500837
719739,PERIODIC_REPORT,2001-03-16,10-K,0000912057-01-504039
719739,PERIODIC_REPORT,2000-11-14,10-Q,0000912057-00-049904
719739,PERIODIC_REPORT,2000-08-14,10-Q,0000912057-00-037307
719739,IPO_PRICING,2000-08-02,424B4,0000912057-00-034263
719739,PERIODIC_REPORT,2000-05-12,10-Q,0000912057-00-023874
719739,PERIODIC_REPORT,2000-03-17,10-K,0000912057-00-012198
719739,IPO_PRICING,1999-12-14,424B4,0000912057-99-009330
719739,PERIODIC_REPORT,1999-11-15,10-Q,0000912057-99-006015
719739,PERIODIC_REPORT,1999-08-11,10-Q,0001047469-99-030980
719739,PERIODIC_REPORT,1999-05-14,10-Q,0001047469-99-020447
719739,PERIODIC_REPORT,1999-03-19,10-K,0001047469-99-010533
719739,PERIODIC_REPORT,1998-11-13,10-Q,0001047469-98-040795
719739,LISTING_REGISTRATION,1998-10-27,8-A12G,0001047469-98-038191
719739,PERIODIC_REPORT,1998-08-13,10-Q,0001047469-98-031098
719739,IPO_PRICING,1998-05-20,424B4,0001047469-98-021384
719739,LISTING_REGISTRATION,1998-05-12,8-A12G,0001047469-98-019461
719739,PERIODIC_REPORT,1998-04-30,10-Q,0001047469-98-018394
719739,PERIODIC_REPORT,1998-03-13,10-K,0001047469-98-009785
719739,PERIODIC_REPORT,1997-11-13,10-Q,0001047469-97-004280
719739,PERIODIC_REPORT,1997-08-13,10-Q,0000912057-97-027505
719739,PERIODIC_REPORT,1997-05-14,10-Q,0000912057-97-017644
719739,PERIODIC_REPORT,1997-03-20,10-K,0000912057-97-009519
719739,PERIODIC_REPORT,1996-11-13,10-Q,0001012870-96-000641
719739,PERIODIC_REPORT,1996-08-13,10-Q,0001012870-96-000254
719739,PERIODIC_REPORT,1996-05-15,10-Q,0000898430-96-002049
719739,PERIODIC_REPORT,1996-03-11,10-K,0000912057-96-004310
719739,PERIODIC_REPORT,1995-11-14,10-Q,0000912057-95-009851
719739,PERIODIC_REPORT,1995-08-14,10-Q,0000912057-95-006444
719739,PERIODIC_REPORT,1995-05-15,10-Q,0000912057-95-003836
719739,FIRST_EDGAR_FILING,1995-02-14,,
1310067,DEREGISTRATION,2019-04-18,15-15D,0001193125-19-111058
1310067,DEREGISTRATION,2019-04-18,15-15D,0001193125-19-111056
1310067,PERIODIC_REPORT,2018-12-13,10-Q,0001310067-18-000029
1310067,DELISTING_NOTICE,2018-11-15,25-NSE,0001354457-18-000476
1310067,PERIODIC_REPORT,2018-09-13,10-Q,0001310067-18-000021
1310067,PERIODIC_REPORT,2018-05-31,10-Q,0001310067-18-000014
1310067,PERIODIC_REPORT,2018-03-23,10-K,0001310067-18-000006
1310067,PERIODIC_REPORT,2017-11-30,10-Q,0001310067-17-000028
1310067,PERIODIC_REPORT,2017-08-24,10-Q,0001310067-17-000021
1310067,PERIODIC_REPORT,2017-05-25,10-Q,0001310067-17-000013
1310067,PERIODIC_REPORT,2017-03-21,10-K,0001310067-17-000005
1310067,DEREGISTRATION,2017-01-27,15-12B,0001193125-17-022112
1310067,DEREGISTRATION,2017-01-27,15-12G,0001193125-17-022107
1310067,DEREGISTRATION,2017-01-27,15-12B,0001193125-17-022101
1310067,DEREGISTRATION,2017-01-27,15-12G,0001193125-17-022093
1310067,PERIODIC_REPORT,2016-12-08,10-Q,0001310067-16-000088
1310067,PERIODIC_REPORT,2016-08-25,10-Q,0001310067-16-000080
1310067,PERIODIC_REPORT,2016-05-26,10-Q/A,0001310067-16-000069
1310067,PERIODIC_REPORT,2016-05-26,10-Q,0001310067-16-000068
1310067,PERIODIC_REPORT,2016-03-16,10-K,0001310067-16-000059
1310067,PERIODIC_REPORT,2015-12-03,10-Q,0001310067-15-000048
1310067,PERIODIC_REPORT,2015-08-20,10-Q,0001310067-15-000038
1310067,PERIODIC_REPORT,2015-06-08,10-Q,0001310067-15-000018
1310067,PERIODIC_REPORT,2015-03-17,10-K,0001310067-15-000009
1310067,DEREGISTRATION,2014-12-10,15-12B,0001193125-14-439010
1310067,PERIODIC_REPORT,2014-12-04,10-Q,0001310067-14-000043
1310067,DELISTING_NOTICE,2014-11-13,25-NSE,0001354457-14-000192
1310067,DELISTING_NOTICE,2014-11-04,25-NSE,0001354457-14-000189
1310067,LISTING_REGISTRATION,2014-10-30,8-A12B,0001193125-14-388210
1310067,LISTING_REGISTRATION,2014-10-15,8-A12B,0001047469-14-008321
1310067,PERIODIC_REPORT,2014-08-21,10-Q,0001310067-14-000029
1310067,PERIODIC_REPORT,2014-05-22,10-Q,0001310067-14-000017
1310067,PERIODIC_REPORT,2014-03-18,10-K,0001310067-14-000007
1310067,PERIODIC_REPORT,2013-11-21,10-Q,0001310067-13-000044
1310067,PERIODIC_REPORT,2013-08-22,10-Q,0001310067-13-000035
1310067,PERIODIC_REPORT,2013-05-24,10-Q,0001310067-13-000021
1310067,PERIODIC_REPORT,2013-03-20,10-K,0001310067-13-000013
1310067,DEREGISTRATION,2013-01-25,15-12G,0001193125-13-024281
1310067,PERIODIC_REPORT,2012-11-16,10-Q,0001445305-12-003689
1310067,PERIODIC_REPORT,2012-08-16,10-Q,0001193125-12-358165
1310067,PERIODIC_REPORT,2012-05-17,10-Q,0001193125-12-238344
1310067,PERIODIC_REPORT,2012-03-14,10-K,0001193125-12-114869
1310067,PERIODIC_REPORT,2011-11-18,10-Q/A,0001193125-11-316529
1310067,PERIODIC_REPORT,2011-11-17,10-Q,0001193125-11-314963
1310067,PERIODIC_REPORT,2011-08-18,10-Q,0001193125-11-226650
1310067,PERIODIC_REPORT,2011-05-19,10-Q,0001193125-11-144672
1310067,PERIODIC_REPORT,2011-03-11,10-K,0001193125-11-062911
1310067,PERIODIC_REPORT,2010-11-18,10-Q,0001193125-10-263486
1310067,PERIODIC_REPORT,2010-08-20,10-Q,0001193125-10-193532
1310067,PERIODIC_REPORT,2010-05-21,10-Q,0001193125-10-125329
1310067,PERIODIC_REPORT,2010-03-12,10-K,0001193125-10-055594
1310067,PERIODIC_REPORT,2009-11-20,10-Q,0001193125-09-238578
1310067,PERIODIC_REPORT,2009-08-25,10-Q,0001193125-09-180513
1310067,PERIODIC_REPORT,2009-05-28,10-Q,0001193125-09-119756
1310067,PERIODIC_REPORT,2009-03-17,10-K,0001193125-09-055685
1310067,DEREGISTRATION,2009-01-30,15-12G,0001193125-09-015464
1310067,PERIODIC_REPORT,2008-12-02,10-Q,0001193125-08-246175
1310067,PERIODIC_REPORT,2008-08-29,10-Q,0001193125-08-187101
1310067,PERIODIC_REPORT,2008-05-30,10-Q,0001193125-08-125083
1310067,PERIODIC_REPORT,2008-03-26,10-K,0001193125-08-065062
1310067,PERIODIC_REPORT,2007-11-30,10-Q,0001193125-07-256544
1310067,PERIODIC_REPORT,2007-08-30,10-Q,0001193125-07-192375
1310067,PERIODIC_REPORT,2007-06-01,10-Q,0001193125-07-127254
1310067,PERIODIC_REPORT,2007-03-28,10-K,0001193125-07-066067
1310067,PERIODIC_REPORT,2006-12-05,10-Q,0001193125-06-247053
1310067,PERIODIC_REPORT,2006-09-01,10-Q,0001193125-06-184494
1310067,PERIODIC_REPORT,2006-06-08,10-Q,0000950137-06-006644
1310067,PERIODIC_REPORT,2006-03-17,10-K/A,0001047469-06-003605
1310067,PERIODIC_REPORT,2006-03-15,10-K,0001047469-06-003414
1310067,PERIODIC_REPORT,2005-12-06,10-Q,0000950134-05-022644
1310067,PERIODIC_REPORT,2005-09-08,10-Q,0000950137-05-011087
1310067,PERIODIC_REPORT,2005-06-07,10-Q,0000950134-05-011459
1310067,FIRST_EDGAR_FILING,2004-12-02,,
886158,DEREGISTRATION,2023-09-29,15-12G,0001193125-23-247520
886158,DELISTING_NOTICE,2023-07-10,25-NSE,0001354457-23-000478
886158,PERIODIC_REPORT,2023-06-14,10-K,0000886158-23-000059
886158,IPO_REGISTRATION,2023-04-11,S-1,0001193125-23-097982
886158,PERIODIC_REPORT,2023-01-26,10-Q,0000886158-23-000026
886158,PERIODIC_REPORT,2022-09-30,10-Q,0000886158-22-000150
886158,PERIODIC_REPORT,2022-06-29,10-Q,0000886158-22-000081
886158,PERIODIC_REPORT,2022-04-21,10-K,0000886158-22-000047
886158,PERIODIC_REPORT,2022-01-06,10-Q,0000886158-22-000006
886158,PERIODIC_REPORT,2021-09-30,10-Q,0000886158-21-000040
886158,PERIODIC_REPORT,2021-06-30,10-Q,0000886158-21-000030
886158,PERIODIC_REPORT,2021-04-27,10-K/A,0000886158-21-000018
886158,PERIODIC_REPORT,2021-04-22,10-K,0000886158-21-000015
886158,PERIODIC_REPORT,2021-01-07,10-Q,0000886158-21-000006
886158,PERIODIC_REPORT,2020-10-01,10-Q,0000886158-20-000026
886158,PERIODIC_REPORT,2020-07-08,10-Q,0000886158-20-000018
886158,PERIODIC_REPORT,2020-04-29,10-K,0000886158-20-000008
886158,PERIODIC_REPORT,2020-01-09,10-Q,0000886158-20-000004
886158,PERIODIC_REPORT,2019-10-15,10-Q/A,0000886158-19-000026
886158,PERIODIC_REPORT,2019-10-09,10-Q,0000886158-19-000024
886158,PERIODIC_REPORT,2019-07-11,10-Q,0000886158-19-000020
886158,PERIODIC_REPORT,2019-04-30,10-K,0000886158-19-000012
886158,PERIODIC_REPORT,2019-01-09,10-Q,0000886158-19-000007
886158,PERIODIC_REPORT,2018-10-10,10-Q,0000886158-18-000018
886158,PERIODIC_REPORT,2018-07-06,10-Q,0000886158-18-000008
886158,PERIODIC_REPORT,2018-05-02,10-K,0001171843-18-003340
886158,PERIODIC_REPORT,2017-12-28,10-Q,0001171843-17-007870
886158,PERIODIC_REPORT,2017-10-02,10-Q,0001171843-17-005862
886158,PERIODIC_REPORT,2017-06-30,10-Q,0001171843-17-003900
886158,PERIODIC_REPORT,2017-04-25,10-K,0001171843-17-002300
886158,PERIODIC_REPORT,2017-01-04,10-Q,0001171843-17-000054
886158,PERIODIC_REPORT,2016-10-05,10-Q,0001171843-16-012382
886158,PERIODIC_REPORT,2016-07-06,10-Q,0001171843-16-010973
886158,PERIODIC_REPORT,2016-04-26,10-K,0001171843-16-009400
886158,PERIODIC_REPORT,2016-01-07,10-Q,0001171843-16-007100
886158,PERIODIC_REPORT,2015-10-07,10-Q,0001171843-15-005433
886158,PERIODIC_REPORT,2015-07-08,10-Q,0001171843-15-003732
886158,PERIODIC_REPORT,2015-04-28,10-K,0001171843-15-002257
886158,PERIODIC_REPORT,2015-01-08,10-Q,0001171843-15-000148
886158,PERIODIC_REPORT,2014-10-08,10-Q,0001171843-14-004662
886158,PERIODIC_REPORT,2014-06-27,10-Q,0001171843-14-003028
886158,PERIODIC_REPORT,2014-04-29,10-K,0001171843-14-001962
886158,PERIODIC_REPORT,2014-01-09,10-Q,0001171843-14-000099
886158,PERIODIC_REPORT,2013-10-09,10-Q,0001171843-13-003940
886158,PERIODIC_REPORT,2013-07-10,10-Q,0001171843-13-002718
886158,PERIODIC_REPORT,2013-04-30,10-K,0001104659-13-035115
886158,PERIODIC_REPORT,2013-01-02,10-Q,0001104659-13-000130
886158,PERIODIC_REPORT,2012-10-03,10-Q,0001104659-12-067225
886158,PERIODIC_REPORT,2012-07-03,10-Q,0001104659-12-047405
886158,PERIODIC_REPORT,2012-04-24,10-K,0001104659-12-027814
886158,PERIODIC_REPORT,2012-01-04,10-Q,0001104659-12-000340
886158,PERIODIC_REPORT,2011-10-05,10-Q,0001104659-11-055067
886158,PERIODIC_REPORT,2011-07-06,10-Q,0001104659-11-038026
886158,PERIODIC_REPORT,2011-04-26,10-K,0001104659-11-022393
886158,PERIODIC_REPORT,2011-01-04,10-Q,0001104659-11-000287
886158,PERIODIC_REPORT,2010-10-05,10-Q,0001104659-10-051261
886158,PERIODIC_REPORT,2010-07-07,10-Q,0001104659-10-037298
886158,PERIODIC_REPORT,2010-04-27,10-K,0001104659-10-022152
886158,PERIODIC_REPORT,2010-01-06,10-Q,0001104659-10-000569
886158,PERIODIC_REPORT,2009-10-07,10-Q,0001104659-09-058149
886158,PERIODIC_REPORT,2009-07-08,10-Q,0001104659-09-042390
886158,PERIODIC_REPORT,2009-05-12,10-K/A,0001104659-09-031840
886158,PERIODIC_REPORT,2009-04-28,10-K,0001104659-09-026769
886158,PERIODIC_REPORT,2009-01-08,10-Q,0001104659-09-001189
886158,PERIODIC_REPORT,2008-10-09,10-Q,0001104659-08-062931
886158,PERIODIC_REPORT,2008-07-10,10-Q,0001104659-08-045024
886158,PERIODIC_REPORT,2008-04-30,10-K,0001104659-08-028282
886158,PERIODIC_REPORT,2008-01-10,10-Q,0001104659-08-001718
886158,PERIODIC_REPORT,2007-10-09,10-Q,0001104659-07-073843
886158,PERIODIC_REPORT,2007-07-11,10-Q,0001104659-07-053377
886158,PERIODIC_REPORT,2007-05-02,10-K,0001104659-07-034862
886158,PERIODIC_REPORT,2007-01-04,10-Q,0001104659-07-000589
886158,PERIODIC_REPORT,2006-10-10,10-Q,0001104659-06-065923
886158,PERIODIC_REPORT,2006-07-06,10-Q,0001104659-06-045525
886158,PERIODIC_REPORT,2006-05-12,10-K,0001104659-06-034196
886158,PERIODIC_REPORT,2006-01-05,10-Q,0001104659-06-000666
886158,PERIODIC_REPORT,2005-10-05,10-Q,0001104659-05-047280
886158,PERIODIC_REPORT,2005-07-06,10-Q,0001104659-05-031291
886158,PERIODIC_REPORT,2005-05-12,10-K,0001104659-05-022926
886158,PERIODIC_REPORT,2005-01-12,10-Q/A,0001104659-05-001150
886158,PERIODIC_REPORT,2005-01-04,10-Q,0001104659-05-000180
886158,PERIODIC_REPORT,2004-09-30,10-Q,0001104659-04-029164
886158,PERIODIC_REPORT,2004-07-07,10-Q,0001104659-04-019084
886158,PERIODIC_REPORT,2004-05-13,10-K,0001104659-04-014261
886158,PERIODIC_REPORT,2004-01-12,10-Q,0001104659-04-000623
886158,PERIODIC_REPORT,2003-10-10,10-Q,0000950123-03-011313
886158,PERIODIC_REPORT,2003-07-14,10-Q,0000950123-03-008163
886158,PERIODIC_REPORT,2003-05-29,10-K,0000950123-03-006624
886158,PERIODIC_REPORT,2003-01-14,10-Q,0000950123-03-000303
886158,PERIODIC_REPORT,2002-10-11,10-Q,0000950123-02-009647
886158,PERIODIC_REPORT,2002-07-12,10-Q,0000950123-02-006949
886158,PERIODIC_REPORT,2002-05-31,10-K,0000950123-02-005774
886158,PERIODIC_REPORT,2002-01-14,10-Q,0000950123-02-000317
886158,PERIODIC_REPORT,2001-10-15,10-Q,0000950123-01-507222
886158,PERIODIC_REPORT,2001-07-16,10-Q,0000950123-01-504373
886158,PERIODIC_REPORT,2001-05-31,10-K,0000950123-01-503128
886158,PERIODIC_REPORT,2001-01-09,10-Q,0000950123-01-000169
886158,PERIODIC_REPORT,2000-10-10,10-Q,0000950123-00-009245
886158,PERIODIC_REPORT,2000-07-11,10-Q,0000950123-00-006458
886158,PERIODIC_REPORT,2000-05-26,10-K,0000950123-00-005455
886158,PERIODIC_REPORT,2000-01-11,10-Q,0000950123-00-000199
886158,PERIODIC_REPORT,1999-10-12,10-Q,0000950123-99-009238
886158,PERIODIC_REPORT,1999-07-13,10-Q,0000950123-99-006470
886158,PERIODIC_REPORT,1999-05-27,10-K,0000950123-99-005226
886158,PERIODIC_REPORT,1999-01-11,10-Q,0000950123-99-000139
886158,PERIODIC_REPORT,1998-10-09,10-Q,0000950123-98-008898
886158,PERIODIC_REPORT,1998-07-13,10-Q,0000950123-98-006600
886158,PERIODIC_REPORT,1998-05-29,10-K,0000950123-98-005716
886158,PERIODIC_REPORT,1998-01-12,10-Q,0000950123-98-000171
886158,PERIODIC_REPORT,1997-10-14,10-Q,0000950123-97-008549
886158,PERIODIC_REPORT,1997-07-15,10-Q,0000950123-97-005870
886158,PERIODIC_REPORT,1997-05-28,10-K,0000950123-97-004684
886158,PERIODIC_REPORT,1997-01-07,10-Q,0000950123-97-000083
886158,PERIODIC_REPORT,1996-10-09,10-Q/A,0000950123-96-005502
886158,PERIODIC_REPORT,1996-10-08,10-Q,0000950123-96-005471
886158,PERIODIC_REPORT,1996-06-26,10-Q,0000950123-96-003291
886158,PERIODIC_REPORT,1996-05-24,10-K,0000950123-96-002684
886158,FIRST_EDGAR_FILING,1995-02-03,,
1130713,DELISTING_NOTICE,2026-08-14,25,0001140361-26-033184
1130713,LISTING_REGISTRATION,2026-08-14,8-A12B,0001140361-26-033179
1130713,PERIODIC_REPORT,2026-08-04,10-Q,0001628280-26-052744
1130713,PERIODIC_REPORT,2026-04-27,10-Q,0001130713-26-000038
1130713,PERIODIC_REPORT,2026-02-24,10-K,0001130713-26-000018
1130713,PERIODIC_REPORT,2025-10-27,10-Q,0001130713-25-000078
1130713,LISTING_REGISTRATION,2025-10-06,8-A12B,0001140361-25-037402
1130713,PERIODIC_REPORT,2025-07-29,10-Q,0001130713-25-000057
1130713,PERIODIC_REPORT,2025-04-29,10-Q,0001130713-25-000041
1130713,PERIODIC_REPORT,2025-02-25,10-K,0001130713-25-000024
1130713,PERIODIC_REPORT,2024-10-31,10-K/A,0001130713-24-000085
1130713,PERIODIC_REPORT,2024-10-25,10-Q,0001130713-24-000075
1130713,PERIODIC_REPORT,2024-07-31,10-Q,0001130713-24-000057
1130713,PERIODIC_REPORT,2024-06-24,10-K/A,0001130713-24-000047
1130713,PERIODIC_REPORT,2024-05-08,10-Q,0001130713-24-000033
1130713,PERIODIC_REPORT,2024-02-23,10-K,0001130713-24-000013
1130713,DELISTING_NOTICE,2023-11-03,25,0001140361-23-051408
1130713,PERIODIC_REPORT,2023-10-31,10-Q,0001130713-23-000084
1130713,LISTING_REGISTRATION,2023-10-25,8-A12B,0001140361-23-049418
1130713,PERIODIC_REPORT,2023-07-31,10-Q,0001130713-23-000057
1130713,PERIODIC_REPORT,2023-07-03,10-K/A,0001130713-23-000047
1130713,PERIODIC_REPORT,2023-05-02,10-Q,0001130713-23-000032
1130713,PERIODIC_REPORT,2023-02-24,10-K,0001130713-23-000014
1130713,PERIODIC_REPORT,2022-11-01,10-Q,0001130713-22-000056
1130713,PERIODIC_REPORT,2022-08-02,10-Q,0001130713-22-000045
1130713,PERIODIC_REPORT,2022-05-04,10-Q,0001130713-22-000023
1130713,PERIODIC_REPORT,2022-02-25,10-K,0001130713-22-000009
1130713,PERIODIC_REPORT,2021-11-04,10-Q,0001130713-21-000051
1130713,PERIODIC_REPORT,2021-08-05,10-Q,0001130713-21-000041
1130713,PERIODIC_REPORT,2021-05-06,10-Q,0001130713-21-000025
1130713,PERIODIC_REPORT,2021-02-26,10-K,0001130713-21-000019
1130713,PERIODIC_REPORT,2020-11-05,10-Q,0001130713-20-000072
1130713,PERIODIC_REPORT,2020-08-06,10-Q,0001130713-20-000053
1130713,PERIODIC_REPORT,2020-05-07,10-Q,0001130713-20-000030
1130713,PERIODIC_REPORT,2020-03-13,10-K,0001130713-20-000014
1130713,PERIODIC_REPORT,2019-11-12,10-Q,0001130713-19-000077
1130713,PERIODIC_REPORT,2019-08-08,10-Q,0001130713-19-000061
1130713,PERIODIC_REPORT,2019-05-09,10-Q,0001130713-19-000036
1130713,PERIODIC_REPORT,2019-03-18,10-K,0001130713-19-000016
1130713,PERIODIC_REPORT,2018-11-09,10-Q,0001130713-18-000071
1130713,PERIODIC_REPORT,2018-08-09,10-Q,0001130713-18-000060
1130713,PERIODIC_REPORT,2018-05-08,10-Q,0001130713-18-000032
1130713,PERIODIC_REPORT,2018-03-15,10-K,0001130713-18-000019
1130713,PERIODIC_REPORT,2017-11-08,10-Q,0001130713-17-000054
1130713,PERIODIC_REPORT,2017-08-03,10-Q,0001130713-17-000040
1130713,PERIODIC_REPORT,2017-05-04,10-Q,0001130713-17-000023
1130713,PERIODIC_REPORT,2017-03-03,10-K,0001130713-17-000013
1130713,PERIODIC_REPORT,2016-11-03,10-Q,0001130713-16-000096
1130713,PERIODIC_REPORT,2016-08-04,10-Q,0001130713-16-000087
1130713,PERIODIC_REPORT,2016-05-05,10-Q,0001130713-16-000076
1130713,PERIODIC_REPORT,2016-03-08,10-K,0001130713-16-000071
1130713,PERIODIC_REPORT,2015-11-09,10-Q,0001130713-15-000049
1130713,PERIODIC_REPORT,2015-08-07,10-Q,0001130713-15-000037
1130713,PERIODIC_REPORT,2015-04-29,10-Q,0001130713-15-000018
1130713,PERIODIC_REPORT,2015-03-12,10-K,0001130713-15-000009
1130713,PERIODIC_REPORT,2014-10-28,10-Q,0001130713-14-000068
1130713,PERIODIC_REPORT,2014-07-29,10-Q,0001130713-14-000051
1130713,PERIODIC_REPORT,2014-04-29,10-Q,0001130713-14-000026
1130713,PERIODIC_REPORT,2014-02-27,10-K,0001130713-14-000014
1130713,PERIODIC_REPORT,2013-10-24,10-Q,0001130713-13-000014
1130713,PERIODIC_REPORT,2013-07-25,10-Q,0001104659-13-056690
1130713,PERIODIC_REPORT,2013-04-25,10-Q,0001104659-13-032734
1130713,PERIODIC_REPORT,2013-02-21,10-K,0001047469-13-001400
1130713,PERIODIC_REPORT,2012-10-25,10-Q,0001104659-12-071035
1130713,PERIODIC_REPORT,2012-07-26,10-Q,0001104659-12-051221
1130713,PERIODIC_REPORT,2012-04-26,10-Q,0001104659-12-028699
1130713,PERIODIC_REPORT,2012-03-02,10-K,0001047469-12-002034
1130713,PERIODIC_REPORT,2011-10-27,10-Q,0001104659-11-058262
1130713,PERIODIC_REPORT,2011-07-28,10-Q,0001104659-11-041296
1130713,PERIODIC_REPORT,2011-04-28,10-Q,0001104659-11-023227
1130713,PERIODIC_REPORT,2011-02-28,10-K,0001047469-11-001488
1130713,PERIODIC_REPORT,2010-10-29,10-Q,0001104659-10-054525
1130713,IPO_PRICING,2010-08-30,424B1,0001047469-10-007776
1130713,IPO_REGISTRATION,2010-08-25,S-1/A,0001047469-10-007711
1130713,PERIODIC_REPORT,2010-08-05,10-Q,0001104659-10-042456
1130713,IPO_REGISTRATION,2010-07-28,S-1/A,0001047469-10-006658
1130713,IPO_REGISTRATION,2010-07-09,S-1/A,0001047469-10-006330
1130713,IPO_REGISTRATION,2010-05-17,S-1,0001047469-10-005353
1130713,PERIODIC_REPORT,2010-05-04,10-Q,0001104659-10-024913
1130713,PERIODIC_REPORT,2010-03-31,10-K,0001047469-10-003040
1130713,PERIODIC_REPORT,2010-03-31,10-Q/A,0001104659-10-017637
1130713,PERIODIC_REPORT,2010-03-31,10-Q/A,0001104659-10-017636
1130713,PERIODIC_REPORT,2010-03-31,10-Q/A,0001104659-10-017633
1130713,PERIODIC_REPORT,2009-11-16,10-Q,0001104659-09-065304
1130713,PERIODIC_REPORT,2009-07-31,10-Q,0001104659-09-046345
1130713,PERIODIC_REPORT,2009-05-01,10-Q,0001104659-09-028412
1130713,PERIODIC_REPORT,2009-03-05,10-K/A,0001047469-09-002271
1130713,PERIODIC_REPORT,2009-02-23,10-K,0001104659-09-011509
1130713,PERIODIC_REPORT,2008-11-10,10-Q,0001104659-08-069355
1130713,PERIODIC_REPORT,2008-11-10,10-Q/A,0001104659-08-069354
1130713,PERIODIC_REPORT,2008-11-10,10-Q/A,0001104659-08-069353
1130713,PERIODIC_REPORT,2008-11-10,10-K/A,0001104659-08-069352
1130713,PERIODIC_REPORT,2008-08-04,10-Q,0001104659-08-049653
1130713,PERIODIC_REPORT,2008-05-09,10-Q,0001104659-08-031908
1130713,PERIODIC_REPORT,2008-03-17,10-K,0001047469-08-002930
1130713,PERIODIC_REPORT,2008-03-17,10-Q/A,0001104659-08-017769
1130713,PERIODIC_REPORT,2008-03-17,10-Q/A,0001104659-08-017766
1130713,PERIODIC_REPORT,2008-03-17,10-Q/A,0001104659-08-017765
1130713,PERIODIC_REPORT,2008-03-17,10-K/A,0001104659-08-017763
1130713,PERIODIC_REPORT,2007-11-07,10-Q,0001104659-07-080662
1130713,PERIODIC_REPORT,2007-08-09,10-Q,0001104659-07-060737
1130713,PERIODIC_REPORT,2007-05-09,10-Q,0001104659-07-037498
1130713,PERIODIC_REPORT,2007-03-14,10-K,0001104659-07-019224
1130713,PERIODIC_REPORT,2006-11-09,10-Q,0001104659-06-073420
1130713,PERIODIC_REPORT,2006-10-06,10-Q/A,0001104659-06-065408
1130713,PERIODIC_REPORT,2006-08-04,10-Q,0001104659-06-051644
1130713,PERIODIC_REPORT,2006-05-10,10-Q,0001104659-06-033233
1130713,PERIODIC_REPORT,2006-03-16,10-K,0001104659-06-017414
1130713,PERIODIC_REPORT,2006-03-15,10-Q/A,0001104659-06-016637
1130713,PERIODIC_REPORT,2006-03-15,10-Q/A,0001104659-06-016634
1130713,PERIODIC_REPORT,2006-03-15,10-Q/A,0001104659-06-016614
1130713,PERIODIC_REPORT,2006-03-15,10-K/A,0001104659-06-016612
1130713,PERIODIC_REPORT,2005-11-09,10-Q,0001104659-05-054073
1130713,PERIODIC_REPORT,2005-08-09,10-Q,0001104659-05-037853
1130713,PERIODIC_REPORT,2005-05-10,10-Q,0001104659-05-022068
1130713,PERIODIC_REPORT,2005-03-16,10-K,0001047469-05-006713
1130713,PERIODIC_REPORT,2004-11-09,10-Q,0001104659-04-034610
1130713,PERIODIC_REPORT,2004-08-09,10-Q/A,0001104659-04-023447
1130713,PERIODIC_REPORT,2004-08-09,10-Q,0001104659-04-023286
1130713,PERIODIC_REPORT,2004-04-29,10-Q,0001104659-04-011826
1130713,PERIODIC_REPORT,2004-02-24,10-K,0001047469-04-005489
1130713,PERIODIC_REPORT,2003-11-13,10-Q,0001104659-03-025887
1130713,PERIODIC_REPORT,2003-08-13,10-Q,0001104659-03-017973
1130713,PERIODIC_REPORT,2003-05-13,10-Q,0001104659-03-009390
1130713,PERIODIC_REPORT,2003-02-21,10-K,0001047469-03-006454
1130713,IPO_PRICING,2003-02-13,424B4,0001047469-03-005215
1130713,IPO_REGISTRATION,2003-02-12,S-1/A,0001047469-03-004846
1130713,IPO_REGISTRATION,2003-01-28,S-1,0001047469-03-002903
1130713,PERIODIC_REPORT,2002-11-13,10-Q,0000912057-02-042151
1130713,PERIODIC_REPORT,2002-08-14,10-Q,0000912057-02-032188
1130713,IPO_PRICING,2002-05-30,424B4,0000912057-02-022360
1130713,IPO_REGISTRATION,2002-05-23,S-1/A,0000912057-02-021809
1130713,IPO_REGISTRATION,2002-05-16,S-1/A,0000912057-02-021036
1130713,IPO_REGISTRATION,2002-05-09,S-1/A,0000912057-02-019358
1130713,IPO_REGISTRATION,2002-05-06,S-1/A,0000912057-02-018495
1130713,LISTING_REGISTRATION,2002-05-06,8-A12G,0000912057-02-018494
1130713,IPO_REGISTRATION,2002-04-17,S-1/A,0000912057-02-015487
1130713,IPO_REGISTRATION,2002-04-05,S-1/A,0000912057-02-013827
1130713,IPO_REGISTRATION,2002-03-05,S-1,0000912057-02-008668
1130713,FIRST_EDGAR_FILING,2002-03-05,,
1418091,DEREGISTRATION,2022-11-07,15-12G,0001193125-22-279042
1418091,DELISTING_NOTICE,2022-10-28,25-NSE,0000876661-22-000890
1418091,PERIODIC_REPORT,2022-07-26,10-Q,0001418091-22-000147
1418091,PERIODIC_REPORT,2022-05-02,10-Q,0001418091-22-000075
1418091,LISTING_REGISTRATION,2022-04-18,8-A12B,0001193125-22-107480
1418091,PERIODIC_REPORT,2022-02-16,10-K,0001418091-22-000029
1418091,PERIODIC_REPORT,2021-10-27,10-Q,0001418091-21-000209
1418091,PERIODIC_REPORT,2021-07-27,10-Q,0001418091-21-000155
1418091,PERIODIC_REPORT,2021-04-30,10-Q,0001418091-21-000085
1418091,PERIODIC_REPORT,2021-02-17,10-K,0001418091-21-000031
1418091,PERIODIC_REPORT,2020-10-30,10-Q,0001418091-20-000202
1418091,PERIODIC_REPORT,2020-08-03,10-Q,0001418091-20-000158
1418091,PERIODIC_REPORT,2020-05-05,10-Q,0001418091-20-000089
1418091,PERIODIC_REPORT,2020-02-19,10-K,0001418091-20-000037
1418091,PERIODIC_REPORT,2019-10-30,10-Q,0001418091-19-000008
1418091,PERIODIC_REPORT,2019-07-31,10-Q,0001564590-19-027504
1418091,PERIODIC_REPORT,2019-04-30,10-Q,0001564590-19-014333
1418091,PERIODIC_REPORT,2019-02-21,10-K,0001564590-19-003523
1418091,PERIODIC_REPORT,2018-10-30,10-Q,0001564590-18-025638
1418091,PERIODIC_REPORT,2018-07-30,10-Q,0001564590-18-017905
1418091,PERIODIC_REPORT,2018-05-03,10-Q,0001564590-18-010739
1418091,PERIODIC_REPORT,2018-02-23,10-K,0001564590-18-003046
1418091,PERIODIC_REPORT,2017-11-01,10-Q,0001564590-17-020841
1418091,PERIODIC_REPORT,2017-08-03,10-Q,0001564590-17-014980
1418091,PERIODIC_REPORT,2017-05-02,10-Q,0001564590-17-008149
1418091,PERIODIC_REPORT,2017-02-27,10-K,0001564590-17-002584
1418091,PERIODIC_REPORT,2016-11-01,10-Q,0001564590-16-026749
1418091,PERIODIC_REPORT,2016-08-01,10-Q,0001564590-16-021918
1418091,PERIODIC_REPORT,2016-05-03,10-Q,0001564590-16-017462
1418091,PERIODIC_REPORT,2016-02-29,10-K,0001564590-16-013646
1418091,PERIODIC_REPORT,2015-11-06,10-Q,0001564590-15-009950
1418091,PERIODIC_REPORT,2015-08-07,10-Q,0001564590-15-006705
1418091,PERIODIC_REPORT,2015-05-11,10-Q,0001564590-15-003897
1418091,PERIODIC_REPORT,2015-03-02,10-K,0001564590-15-001159
1418091,PERIODIC_REPORT,2014-11-06,10-Q,0001564590-14-005159
1418091,PERIODIC_REPORT,2014-08-11,10-Q,0001564590-14-003474
1418091,PERIODIC_REPORT,2014-05-08,10-Q,0001564590-14-001959
1418091,PERIODIC_REPORT,2014-03-06,10-K,0000950123-14-003031
1418091,IPO_PRICING,2013-11-07,424B4,0001193125-13-431301
1418091,IPO_REGISTRATION,2013-11-04,S-1/A,0001193125-13-424260
1418091,LISTING_REGISTRATION,2013-10-31,8-A12B,0001193125-13-420869
1418091,IPO_REGISTRATION,2013-10-24,S-1/A,0001193125-13-409822
1418091,IPO_REGISTRATION,2013-10-22,S-1/A,0001193125-13-406804
1418091,IPO_REGISTRATION,2013-10-15,S-1/A,0001193125-13-400028
1418091,IPO_REGISTRATION,2013-10-03,S-1,0001193125-13-390321
1418091,FIRST_EDGAR_FILING,2007-11-30,,
1652044,PERIODIC_REPORT,2026-07-23,10-Q,0001652044-26-000071
1652044,LISTING_REGISTRATION,2026-06-05,8-A12B,0001193125-26-259954
1652044,LISTING_REGISTRATION,2026-06-03,8-A12B,0001193125-26-255736
1652044,PERIODIC_REPORT,2026-04-30,10-Q,0001652044-26-000048
1652044,LISTING_REGISTRATION,2026-03-12,8-A12B,0001193125-26-104210
1652044,PERIODIC_REPORT,2026-02-05,10-K,0001652044-26-000018
1652044,LISTING_REGISTRATION,2025-11-21,8-A12B,0001193125-25-291400
1652044,PERIODIC_REPORT,2025-10-30,10-Q,0001652044-25-000091
1652044,PERIODIC_REPORT,2025-07-24,10-Q,0001652044-25-000062
1652044,LISTING_REGISTRATION,2025-05-14,8-A12B,0001193125-25-119875
1652044,PERIODIC_REPORT,2025-04-25,10-Q,0001652044-25-000043
1652044,PERIODIC_REPORT,2025-02-05,10-K,0001652044-25-000014
1652044,PERIODIC_REPORT,2024-10-30,10-Q,0001652044-24-000118
1652044,PERIODIC_REPORT,2024-07-24,10-Q,0001652044-24-000079
1652044,PERIODIC_REPORT,2024-04-26,10-Q,0001652044-24-000053
1652044,PERIODIC_REPORT,2024-01-31,10-K,0001652044-24-000022
1652044,PERIODIC_REPORT,2023-10-25,10-Q,0001652044-23-000094
1652044,PERIODIC_REPORT,2023-07-26,10-Q,0001652044-23-000070
1652044,PERIODIC_REPORT,2023-04-26,10-Q,0001652044-23-000045
1652044,PERIODIC_REPORT,2023-02-03,10-K,0001652044-23-000016
1652044,PERIODIC_REPORT,2022-10-26,10-Q,0001652044-22-000090
1652044,PERIODIC_REPORT,2022-07-27,10-Q,0001652044-22-000071
1652044,PERIODIC_REPORT,2022-04-27,10-Q,0001652044-22-000029
1652044,PERIODIC_REPORT,2022-02-02,10-K,0001652044-22-000019
1652044,PERIODIC_REPORT,2021-10-27,10-Q,0001652044-21-000057
1652044,PERIODIC_REPORT,2021-07-28,10-Q,0001652044-21-000047
1652044,PERIODIC_REPORT,2021-04-28,10-Q,0001652044-21-000020
1652044,PERIODIC_REPORT,2021-02-03,10-K,0001652044-21-000010
1652044,PERIODIC_REPORT,2020-10-30,10-Q,0001652044-20-000050
1652044,PERIODIC_REPORT,2020-07-31,10-Q,0001652044-20-000032
1652044,PERIODIC_REPORT,2020-04-29,10-Q,0001652044-20-000021
1652044,PERIODIC_REPORT,2020-02-04,10-K,0001652044-20-000008
1652044,PERIODIC_REPORT,2019-10-29,10-Q,0001652044-19-000032
1652044,PERIODIC_REPORT,2019-07-26,10-Q,0001652044-19-000023
1652044,PERIODIC_REPORT,2019-04-30,10-Q,0001652044-19-000015
1652044,PERIODIC_REPORT,2019-02-06,10-K/A,0001193125-19-028757
1652044,PERIODIC_REPORT,2019-02-05,10-K,0001652044-19-000004
1652044,PERIODIC_REPORT,2018-10-26,10-Q,0001652044-18-000035
1652044,PERIODIC_REPORT,2018-07-24,10-Q,0001652044-18-000027
1652044,PERIODIC_REPORT,2018-04-24,10-Q,0001652044-18-000016
1652044,PERIODIC_REPORT,2018-02-06,10-K,0001652044-18-000007
1652044,PERIODIC_REPORT,2017-10-27,10-Q,0001652044-17-000042
1652044,PERIODIC_REPORT,2017-07-25,10-Q,0001652044-17-000026
1652044,PERIODIC_REPORT,2017-05-02,10-Q,0001652044-17-000014
1652044,PERIODIC_REPORT,2017-02-03,10-K,0001652044-17-000008
1652044,PERIODIC_REPORT,2016-11-03,10-Q,0001652044-16-000038
1652044,PERIODIC_REPORT,2016-08-04,10-Q,0001652044-16-000032
1652044,PERIODIC_REPORT,2016-05-03,10-Q,0001652044-16-000021
1652044,PERIODIC_REPORT,2016-03-29,10-K/A,0001193125-16-520367
1652044,PERIODIC_REPORT,2016-02-11,10-K,0001652044-16-000012
1652044,PERIODIC_REPORT,2015-10-29,10-Q,0001652044-15-000005
1652044,FIRST_EDGAR_FILING,2015-10-02,,
1288776,PERIODIC_REPORT,2016-03-29,10-K/A,0001193125-16-520367
1288776,DEREGISTRATION,2016-02-12,15-15D,0001193125-16-460404
1288776,DEREGISTRATION,2016-02-12,15-15D,0001193125-16-460399
1288776,PERIODIC_REPORT,2016-02-11,10-K,0001652044-16-000012
1288776,DEREGISTRATION,2016-01-04,15-15D,0001193125-16-419941
1288776,PERIODIC_REPORT,2015-10-29,10-Q,0001288776-15-000046
1288776,DEREGISTRATION,2015-10-13,15-12B,0001193125-15-342740
1288776,DEREGISTRATION,2015-10-13,15-12G,0001193125-15-342725
1288776,DEREGISTRATION,2015-10-02,15-15D,0001193125-15-336650
1288776,DEREGISTRATION,2015-10-02,15-12G,0001193125-15-336646
1288776,DELISTING_NOTICE,2015-10-02,25-NSE,0001354457-15-000182
1288776,PERIODIC_REPORT,2015-07-23,10-Q,0001288776-15-000035
1288776,PERIODIC_REPORT,2015-04-29,10-Q,0001288776-15-000023
1288776,PERIODIC_REPORT,2015-02-09,10-K,0001288776-15-000008
1288776,PERIODIC_REPORT,2014-10-23,10-Q,0001288776-14-000075
1288776,PERIODIC_REPORT,2014-07-25,10-Q,0001288776-14-000065
1288776,PERIODIC_REPORT,2014-04-24,10-Q,0001288776-14-000040
1288776,DEREGISTRATION,2014-04-10,15-12G,0001193125-14-138742
1288776,LISTING_REGISTRATION,2014-03-26,8-A12B,0001193125-14-116482
1288776,PERIODIC_REPORT,2014-02-12,10-K,0001288776-14-000020
1288776,PERIODIC_REPORT,2013-10-24,10-Q,0001288776-13-000068
1288776,PERIODIC_REPORT,2013-07-25,10-Q,0001288776-13-000055
1288776,PERIODIC_REPORT,2013-04-25,10-Q,0001288776-13-000030
1288776,PERIODIC_REPORT,2013-01-29,10-K,0001193125-13-028362
1288776,PERIODIC_REPORT,2012-10-30,10-Q,0001193125-12-440217
1288776,PERIODIC_REPORT,2012-07-24,10-Q,0001193125-12-312575
1288776,PERIODIC_REPORT,2012-04-25,10-Q,0001193125-12-182401
1288776,PERIODIC_REPORT,2012-04-23,10-K/A,0001193125-12-174477
1288776,PERIODIC_REPORT,2012-01-26,10-K,0001193125-12-025336
1288776,PERIODIC_REPORT,2011-10-26,10-Q,0001193125-11-282235
1288776,PERIODIC_REPORT,2011-07-27,10-Q,0001193125-11-199078
1288776,PERIODIC_REPORT,2011-05-10,10-Q,0001193125-11-134428
1288776,PERIODIC_REPORT,2011-02-11,10-K,0001193125-11-032930
1288776,PERIODIC_REPORT,2010-10-29,10-Q,0001193125-10-241317
1288776,PERIODIC_REPORT,2010-07-30,10-Q,0001193125-10-172387
1288776,PERIODIC_REPORT,2010-05-05,10-Q,0001193125-10-108704
1288776,PERIODIC_REPORT,2010-02-12,10-K,0001193125-10-030774
1288776,PERIODIC_REPORT,2009-11-04,10-Q,0001193125-09-222384
1288776,PERIODIC_REPORT,2009-08-04,10-Q,0001193125-09-163845
1288776,PERIODIC_REPORT,2009-05-06,10-Q,0001193125-09-101727
1288776,PERIODIC_REPORT,2009-02-13,10-K,0001193125-09-029448
1288776,PERIODIC_REPORT,2008-11-07,10-Q,0001193125-08-230197
1288776,PERIODIC_REPORT,2008-08-07,10-Q,0001193125-08-170309
1288776,PERIODIC_REPORT,2008-05-12,10-Q,0001193125-08-111739
1288776,PERIODIC_REPORT,2008-02-15,10-K,0001193125-08-032690
1288776,LISTING_REGISTRATION,2008-02-05,8-A12G,0001193125-08-020129
1288776,PERIODIC_REPORT,2007-11-07,10-Q,0001193125-07-238468
1288776,PERIODIC_REPORT,2007-08-09,10-Q,0001193125-07-175880
1288776,PERIODIC_REPORT,2007-05-10,10-Q/A,0001193125-07-110490
1288776,PERIODIC_REPORT,2007-05-09,10-Q,0001193125-07-108436
1288776,PERIODIC_REPORT,2007-03-01,10-K,0001193125-07-044494
1288776,PERIODIC_REPORT,2006-11-08,10-Q,0001193125-06-228163
1288776,PERIODIC_REPORT,2006-08-09,10-Q,0001193125-06-167945
1288776,PERIODIC_REPORT,2006-05-10,10-Q,0001193125-06-107734
1288776,PERIODIC_REPORT,2006-03-16,10-K,0001193125-06-056598
1288776,PERIODIC_REPORT,2005-11-14,10-Q,0001193125-05-225524
1288776,IPO_PRICING,2005-09-15,424B4,0001193125-05-186028
1288776,PERIODIC_REPORT,2005-08-15,10-Q,0001193125-05-168339
1288776,PERIODIC_REPORT,2005-05-16,10-Q,0001193125-05-108755
1288776,PERIODIC_REPORT,2005-03-30,10-K,0001193125-05-065298
1288776,IPO_REGISTRATION,2004-11-23,S-1/A,0001193125-04-202434
1288776,IPO_REGISTRATION,2004-11-18,S-1/A,0001193125-04-199531
1288776,PERIODIC_REPORT,2004-11-15,10-Q,0001193125-04-197540
1288776,IPO_REGISTRATION,2004-11-12,S-1/A,0001193125-04-195558
1288776,IPO_REGISTRATION,2004-10-26,S-1/A,0001193125-04-177544
1288776,IPO_PRICING,2004-08-19,424B4,0001193125-04-143377
1288776,PERIODIC_REPORT,2004-08-18,10-Q/A,0001193125-04-142809
1288776,IPO_REGISTRATION,2004-08-18,S-1/A,0001193125-04-142742
1288776,PERIODIC_REPORT,2004-08-16,10-Q,0001193125-04-141838
1288776,IPO_REGISTRATION,2004-08-16,S-1/A,0001193125-04-141762
1288776,IPO_REGISTRATION,2004-08-13,S-1/A,0001193125-04-139655
1288776,IPO_REGISTRATION,2004-08-11,S-1/A,0001193125-04-138034
1288776,IPO_REGISTRATION,2004-08-09,S-1/A,0001193125-04-135503
1288776,IPO_REGISTRATION,2004-08-06,S-1/A,0001193125-04-134174
1288776,IPO_REGISTRATION,2004-08-04,S-1,0001193125-04-131481
1288776,IPO_REGISTRATION,2004-07-26,S-1/A,0001193125-04-124025
1288776,IPO_REGISTRATION,2004-07-12,S-1/A,0001193125-04-116608
1288776,IPO_REGISTRATION,2004-06-21,S-1/A,0001193125-04-105564
1288776,IPO_REGISTRATION,2004-05-21,S-1/A,0001193125-04-093053
1288776,IPO_REGISTRATION,2004-04-29,S-1,0001193125-04-073639
1288776,FIRST_EDGAR_FILING,2001-03-12,,
1451512,DEREGISTRATION,2024-01-16,15-12G,0001477932-24-000206
1451512,PERIODIC_REPORT,2023-11-14,10-Q,0001451512-23-000062
1451512,PERIODIC_REPORT,2023-08-14,10-Q,0001451512-23-000048
1451512,PERIODIC_REPORT,2023-05-11,10-Q,0001451512-23-000028
1451512,PERIODIC_REPORT,2023-04-10,10-K,0001451512-23-000018
1451512,PERIODIC_REPORT,2022-11-14,10-Q,0001451512-22-000011
1451512,PERIODIC_REPORT,2022-08-18,10-Q,0001451512-22-000009
1451512,PERIODIC_REPORT,2022-05-16,10-Q,0001451512-22-000005
1451512,PERIODIC_REPORT,2022-04-15,10-K,0001628280-22-009362
1451512,PERIODIC_REPORT,2021-11-15,10-Q,0001477932-21-008379
1451512,PERIODIC_REPORT,2021-08-16,10-Q,0001477932-21-005583
1451512,IPO_REGISTRATION,2021-06-03,S-1,0001477932-21-003783
1451512,PERIODIC_REPORT,2021-05-17,10-Q,0001477932-21-003315
1451512,PERIODIC_REPORT,2021-03-30,10-K,0001477932-21-001784
1451512,PERIODIC_REPORT,2020-11-06,10-Q,0001477932-20-006322
1451512,PERIODIC_REPORT,2020-08-07,10-Q,0001477932-20-004647
1451512,PERIODIC_REPORT,2020-06-18,10-Q,0001477932-20-003447
1451512,PERIODIC_REPORT,2020-03-13,10-K,0001477932-20-001325
1451512,PERIODIC_REPORT,2019-11-12,10-Q,0001477932-19-006332
1451512,PERIODIC_REPORT,2019-08-08,10-Q,0001477932-19-004600
1451512,PERIODIC_REPORT,2019-05-09,10-Q,0001477932-19-002511
1451512,PERIODIC_REPORT,2019-03-15,10-K,0001477932-19-000995
1451512,PERIODIC_REPORT,2018-11-08,10-Q,0001477932-18-005335
1451512,PERIODIC_REPORT,2018-08-09,10-Q,0001477932-18-003910
1451512,PERIODIC_REPORT,2018-06-12,10-K/A,0001477932-18-002991
1451512,PERIODIC_REPORT,2018-05-10,10-Q,0001477932-18-002303
1451512,PERIODIC_REPORT,2018-03-16,10-K,0001477932-18-001325
1451512,PERIODIC_REPORT,2018-01-12,10-K/A,0001477932-18-000194
1451512,PERIODIC_REPORT,2017-11-09,10-Q,0001477932-17-005447
1451512,PERIODIC_REPORT,2017-10-27,10-K/A,0001477932-17-005281
1451512,PERIODIC_REPORT,2017-08-08,10-Q,0001477932-17-003740
1451512,PERIODIC_REPORT,2017-06-27,10-K/A,0001477932-17-003002
1451512,PERIODIC_REPORT,2017-05-10,10-Q,0001477932-17-002157
1451512,PERIODIC_REPORT,2017-03-31,10-K,0001477932-17-001483
1451512,PERIODIC_REPORT,2016-11-09,10-Q,0001477932-16-013322
1451512,PERIODIC_REPORT,2016-08-15,10-Q,0001477932-16-011890
1451512,PERIODIC_REPORT,2016-07-29,10-Q/A,0001477932-16-011562
1451512,PERIODIC_REPORT,2016-07-20,10-Q/A,0001477932-16-011456
1451512,PERIODIC_REPORT,2016-07-01,10-Q/A,0001477932-16-011166
1451512,PERIODIC_REPORT,2016-05-12,10-Q,0001477932-16-010217
1451512,PERIODIC_REPORT,2016-03-29,10-K,0001477932-16-009227
1451512,PERIODIC_REPORT,2015-11-09,10-Q,0001477932-15-006819
1451512,PERIODIC_REPORT,2015-08-12,10-Q,0001477932-15-005017
1451512,IPO_REGISTRATION,2015-06-25,S-1/A,0001477932-15-004058
1451512,PERIODIC_REPORT,2015-06-12,10-Q/A,0001477932-15-003827
1451512,IPO_REGISTRATION,2015-05-28,S-1/A,0001477932-15-003589
1451512,PERIODIC_REPORT,2015-05-28,10-K/A,0001477932-15-003587
1451512,PERIODIC_REPORT,2015-05-15,10-Q,0001477932-15-003277
1451512,PERIODIC_REPORT,2015-03-27,10-K,0001477932-15-001943
1451512,IPO_REGISTRATION,2014-12-24,S-1,0001477932-14-007296
1451512,IPO_REGISTRATION,2014-11-20,S-1/A,0001477932-14-006612
1451512,PERIODIC_REPORT,2014-11-20,10-Q/A,0001477932-14-006610
1451512,PERIODIC_REPORT,2014-11-14,10-Q,0001477932-14-006257
1451512,IPO_REGISTRATION,2014-10-30,S-1/A,0001477932-14-005702
1451512,IPO_REGISTRATION,2014-10-06,S-1/A,0001477932-14-005270
1451512,IPO_REGISTRATION,2014-09-12,S-1/A,0001477932-14-005005
1451512,PERIODIC_REPORT,2014-09-09,10-K/A,0001477932-14-004944
1451512,PERIODIC_REPORT,2014-08-13,10-Q,0001477932-14-004286
1451512,PERIODIC_REPORT,2014-08-13,10-Q/A,0001477932-14-004284
1451512,IPO_REGISTRATION,2014-08-08,S-1,0001477932-14-004165
1451512,PERIODIC_REPORT,2014-05-21,10-K/A,0001477932-14-002829
1451512,PERIODIC_REPORT,2014-05-15,10-Q,0001477932-14-002627
1451512,PERIODIC_REPORT,2014-04-16,10-K/A,0001477932-14-001840
1451512,PERIODIC_REPORT,2014-03-31,10-K,0001477932-14-001462
1451512,IPO_REGISTRATION,2014-01-21,S-1/A,0001477932-14-000286
1451512,IPO_REGISTRATION,2014-01-08,S-1/A,0001477932-14-000062
1451512,IPO_REGISTRATION,2013-12-19,S-1/A,0001477932-13-006114
1451512,IPO_REGISTRATION,2013-12-05,S-1/A,0001477932-13-005952
1451512,PERIODIC_REPORT,2013-11-19,10-Q,0001477932-13-005750
1451512,IPO_REGISTRATION,2013-10-28,S-1,0001477932-13-004877
1451512,IPO_REGISTRATION,2013-09-27,S-1/A,0001477932-13-004380
1451512,IPO_REGISTRATION,2013-09-23,S-1/A,0001477932-13-004297
1451512,IPO_REGISTRATION,2013-08-30,S-1/A,0001477932-13-004071
1451512,PERIODIC_REPORT,2013-08-19,10-Q,0001477932-13-003908
1451512,PERIODIC_REPORT,2013-08-19,10-Q/A,0001477932-13-003905
1451512,IPO_REGISTRATION,2013-07-31,S-1/A,0001477932-13-003426
1451512,IPO_REGISTRATION,2013-07-02,S-1/A,0001477932-13-003062
1451512,IPO_REGISTRATION,2013-05-28,S-1/A,0001477932-13-002732
1451512,PERIODIC_REPORT,2013-05-20,10-Q,0001477932-13-002645
1451512,IPO_REGISTRATION,2013-05-16,S-1/A,0001477932-13-002556
1451512,IPO_REGISTRATION,2013-05-09,S-1,0001477932-13-002250
1451512,PERIODIC_REPORT,2013-04-02,10-K/A,0001477932-13-001574
1451512,PERIODIC_REPORT,2013-03-26,10-K,0001477932-13-001312
1451512,PERIODIC_REPORT,2013-01-10,10-Q/A,0001477932-13-000080
1451512,PERIODIC_REPORT,2012-11-27,10-Q/A,0001477932-12-004648
1451512,PERIODIC_REPORT,2012-11-19,10-Q,0001477932-12-004518
1451512,PERIODIC_REPORT,2012-08-29,10-Q/A,0001477932-12-003457
1451512,PERIODIC_REPORT,2012-08-20,10-Q,0001477932-12-003278
1451512,PERIODIC_REPORT,2012-05-21,10-Q,0001477932-12-001747
1451512,PERIODIC_REPORT,2012-02-09,10-Q,0001494733-12-000015
1451512,PERIODIC_REPORT,2011-12-22,10-K,0001494733-11-000077
1451512,PERIODIC_REPORT,2011-08-12,10-Q,0001494733-11-000034
1451512,PERIODIC_REPORT,2011-04-29,10-Q,0000931731-11-000100
1451512,LISTING_REGISTRATION,2011-01-25,8-A12G,0000931731-11-000032
1451512,PERIODIC_REPORT,2011-01-25,10-Q,0000931731-11-000031
1451512,PERIODIC_REPORT,2010-12-27,10-K,0000931731-10-000207
1451512,PERIODIC_REPORT,2010-07-26,10-Q,0000931731-10-000099
1451512,IPO_REGISTRATION,2010-05-28,S-1/A,0000931731-10-000071
1451512,IPO_REGISTRATION,2010-05-11,S-1/A,0000931731-10-000057
1451512,IPO_REGISTRATION,2010-02-11,S-1/A,0000931731-10-000008
1451512,IPO_REGISTRATION,2009-08-05,S-1/A,0000931731-09-000189
1451512,IPO_REGISTRATION,2009-06-02,S-1/A,0000931731-09-000161
1451512,IPO_REGISTRATION,2008-12-23,S-1,0000931731-08-000280
1451512,FIRST_EDGAR_FILING,2008-12-23,,
1326801,PERIODIC_REPORT,2026-07-30,10-Q,0001628280-26-050705
1326801,PERIODIC_REPORT,2026-04-30,10-Q,0001628280-26-028526
1326801,PERIODIC_REPORT,2026-01-29,10-K,0001628280-26-003942
1326801,PERIODIC_REPORT,2025-10-30,10-Q,0001628280-25-047240
1326801,PERIODIC_REPORT,2025-07-31,10-Q,0001628280-25-036791
1326801,PERIODIC_REPORT,2025-05-01,10-Q,0001326801-25-000054
1326801,PERIODIC_REPORT,2025-01-30,10-K,0001326801-25-000017
1326801,PERIODIC_REPORT,2024-10-31,10-Q,0001326801-24-000081
1326801,PERIODIC_REPORT,2024-08-01,10-Q,0001326801-24-000069
1326801,PERIODIC_REPORT,2024-04-25,10-Q,0001326801-24-000049
1326801,PERIODIC_REPORT,2024-02-02,10-K,0001326801-24-000012
1326801,PERIODIC_REPORT,2023-10-26,10-Q,0001326801-23-000103
1326801,PERIODIC_REPORT,2023-07-27,10-Q,0001326801-23-000093
1326801,PERIODIC_REPORT,2023-04-27,10-Q,0001326801-23-000067
1326801,PERIODIC_REPORT,2023-02-02,10-K,0001326801-23-000013
1326801,PERIODIC_REPORT,2022-10-27,10-Q,0001326801-22-000108
1326801,PERIODIC_REPORT,2022-07-28,10-Q,0001326801-22-000082
1326801,PERIODIC_REPORT,2022-04-28,10-Q,0001326801-22-000057
1326801,PERIODIC_REPORT,2022-02-03,10-K,0001326801-22-000018
1326801,PERIODIC_REPORT,2021-10-26,10-Q,0001326801-21-000065
1326801,PERIODIC_REPORT,2021-07-29,10-Q,0001326801-21-000049
1326801,PERIODIC_REPORT,2021-04-29,10-Q,0001326801-21-000033
1326801,PERIODIC_REPORT,2021-01-28,10-K,0001326801-21-000014
1326801,PERIODIC_REPORT,2020-10-30,10-Q,0001326801-20-000084
1326801,PERIODIC_REPORT,2020-07-31,10-Q,0001326801-20-000076
1326801,PERIODIC_REPORT,2020-04-30,10-Q,0001326801-20-000048
1326801,PERIODIC_REPORT,2020-01-30,10-K,0001326801-20-000013
1326801,PERIODIC_REPORT,2019-10-31,10-Q,0001326801-19-000069
1326801,PERIODIC_REPORT,2019-07-25,10-Q,0001326801-19-000055
1326801,PERIODIC_REPORT,2019-04-25,10-Q,0001326801-19-000037
1326801,PERIODIC_REPORT,2019-01-31,10-K,0001326801-19-000009
1326801,PERIODIC_REPORT,2018-10-31,10-Q,0001326801-18-000067
1326801,PERIODIC_REPORT,2018-07-26,10-Q,0001326801-18-000057
1326801,PERIODIC_REPORT,2018-04-26,10-Q,0001326801-18-000032
1326801,PERIODIC_REPORT,2018-02-01,10-K,0001326801-18-000009
1326801,PERIODIC_REPORT,2017-11-02,10-Q,0001326801-17-000053
1326801,PERIODIC_REPORT,2017-07-27,10-Q,0001326801-17-000038
1326801,PERIODIC_REPORT,2017-05-04,10-Q,0001326801-17-000024
1326801,PERIODIC_REPORT,2017-02-03,10-K,0001326801-17-000007
1326801,PERIODIC_REPORT,2016-11-03,10-Q,0001326801-16-000087
1326801,PERIODIC_REPORT,2016-07-28,10-Q,0001326801-16-000082
1326801,PERIODIC_REPORT,2016-04-28,10-Q,0001326801-16-000067
1326801,PERIODIC_REPORT,2016-04-27,10-K/A,0001326801-16-000063
1326801,PERIODIC_REPORT,2016-01-28,10-K,0001326801-16-000043
1326801,PERIODIC_REPORT,2015-11-05,10-Q,0001326801-15-000032
1326801,PERIODIC_REPORT,2015-07-31,10-Q,0001326801-15-000028
1326801,PERIODIC_REPORT,2015-04-23,10-Q,0001326801-15-000015
1326801,PERIODIC_REPORT,2015-02-13,10-K/A,0001326801-15-000010
1326801,PERIODIC_REPORT,2015-01-29,10-K,0001326801-15-000006
1326801,PERIODIC_REPORT,2014-10-30,10-Q,0001326801-14-000068
1326801,PERIODIC_REPORT,2014-07-24,10-Q,0001326801-14-000032
1326801,PERIODIC_REPORT,2014-04-25,10-Q,0001326801-14-000023
1326801,PERIODIC_REPORT,2014-01-31,10-K,0001326801-14-000007
1326801,PERIODIC_REPORT,2013-11-01,10-Q,0001326801-13-000031
1326801,PERIODIC_REPORT,2013-07-25,10-Q,0001326801-13-000019
1326801,PERIODIC_REPORT,2013-05-02,10-Q,0001326801-13-000011
1326801,PERIODIC_REPORT,2013-02-01,10-K,0001326801-13-000003
1326801,PERIODIC_REPORT,2012-10-24,10-Q,0001326801-12-000006
1326801,PERIODIC_REPORT,2012-07-31,10-Q,0001193125-12-325997
1326801,IPO_PRICING,2012-05-18,424B4,0001193125-12-240111
1326801,IPO_REGISTRATION,2012-05-16,S-1/A,0001193125-12-235588
1326801,IPO_REGISTRATION,2012-05-15,S-1/A,0001193125-12-232582
1326801,LISTING_REGISTRATION,2012-05-14,8-A12B,0001193125-12-230161
1326801,IPO_REGISTRATION,2012-05-09,S-1/A,0001193125-12-222368
1326801,IPO_REGISTRATION,2012-05-03,S-1/A,0001193125-12-208192
1326801,IPO_REGISTRATION,2012-04-23,S-1/A,0001193125-12-175673
1326801,IPO_REGISTRATION,2012-03-27,S-1/A,0001193125-12-134663
1326801,IPO_REGISTRATION,2012-03-07,S-1/A,0001193125-12-101422
1326801,IPO_REGISTRATION,2012-02-08,S-1/A,0001193125-12-046715
1326801,IPO_REGISTRATION,2012-02-01,S-1,0001193125-12-034517
1326801,FIRST_EDGAR_FILING,2005-05-06,,
1321655,PERIODIC_REPORT,2026-08-04,10-Q,0001321655-26-000041
1321655,PERIODIC_REPORT,2026-05-05,10-Q,0001321655-26-000028
1321655,PERIODIC_REPORT,2026-02-17,10-K,0001321655-26-000011
1321655,PERIODIC_REPORT,2025-11-04,10-Q,0001321655-25-000131
1321655,PERIODIC_REPORT,2025-08-05,10-Q,0001321655-25-000106
1321655,PERIODIC_REPORT,2025-05-06,10-Q,0001321655-25-000066
1321655,PERIODIC_REPORT,2025-02-18,10-K,0001321655-25-000022
1321655,DELISTING_NOTICE,2024-11-25,25,0001321655-24-000231
1321655,LISTING_REGISTRATION,2024-11-25,8-A12B,0001321655-24-000230
1321655,PERIODIC_REPORT,2024-11-05,10-Q,0001321655-24-000209
1321655,PERIODIC_REPORT,2024-08-06,10-Q,0001321655-24-000135
1321655,PERIODIC_REPORT,2024-05-07,10-Q,0001321655-24-000071
1321655,PERIODIC_REPORT,2024-02-20,10-K,0001321655-24-000022
1321655,PERIODIC_REPORT,2023-11-03,10-Q,0001321655-23-000118
1321655,PERIODIC_REPORT,2023-08-08,10-Q,0001321655-23-000090
1321655,PERIODIC_REPORT,2023-05-09,10-Q,0001321655-23-000044
1321655,PERIODIC_REPORT,2023-02-21,10-K,0001321655-23-000011
1321655,PERIODIC_REPORT,2022-11-07,10-Q,0001321655-22-000032
1321655,PERIODIC_REPORT,2022-08-08,10-Q,0001321655-22-000016
1321655,PERIODIC_REPORT,2022-05-09,10-Q,0001321655-22-000006
1321655,PERIODIC_REPORT,2022-02-24,10-K,0001193125-22-050913
1321655,PERIODIC_REPORT,2021-11-09,10-Q,0001193125-21-323920
1321655,PERIODIC_REPORT,2021-08-12,10-Q,0000950123-21-010430
1321655,PERIODIC_REPORT,2021-05-12,10-Q,0001193125-21-159222
1321655,PERIODIC_REPORT,2021-02-26,10-K,0001193125-21-060650
1321655,PERIODIC_REPORT,2020-11-13,10-Q,0001193125-20-292177
1321655,IPO_PRICING,2020-09-30,424B4,0001193125-20-258493
1321655,LISTING_REGISTRATION,2020-09-21,8-A12B,0001193125-20-250175
1321655,IPO_REGISTRATION,2020-09-21,S-1/A,0001193125-20-250103
1321655,IPO_REGISTRATION,2020-09-21,S-1/A,0001193125-20-249544
1321655,IPO_REGISTRATION,2020-09-18,S-1/A,0001193125-20-248369
1321655,IPO_REGISTRATION,2020-09-14,S-1/A,0001193125-20-244936
1321655,IPO_REGISTRATION,2020-09-09,S-1/A,0001193125-20-241694
1321655,IPO_REGISTRATION,2020-09-03,S-1/A,0001193125-20-239121
1321655,IPO_REGISTRATION,2020-08-25,S-1,0001193125-20-230013
1321655,FIRST_EDGAR_FILING,2005-03-22,,
1679788,PERIODIC_REPORT,2026-07-30,10-Q,0001679788-26-000088
1679788,PERIODIC_REPORT,2026-05-07,10-Q,0001679788-26-000054
1679788,PERIODIC_REPORT,2026-02-12,10-K,0001679788-26-000015
1679788,PERIODIC_REPORT,2025-10-30,10-Q,0001679788-25-000208
1679788,PERIODIC_REPORT,2025-07-31,10-Q,0001679788-25-000154
1679788,PERIODIC_REPORT,2025-05-08,10-Q,0001679788-25-000089
1679788,PERIODIC_REPORT,2025-02-13,10-K,0001679788-25-000022
1679788,PERIODIC_REPORT,2024-10-30,10-Q,0001679788-24-000187
1679788,PERIODIC_REPORT,2024-08-01,10-Q,0001679788-24-000149
1679788,PERIODIC_REPORT,2024-05-02,10-Q,0001679788-24-000089
1679788,PERIODIC_REPORT,2024-02-15,10-K,0001679788-24-000022
1679788,PERIODIC_REPORT,2023-11-02,10-Q,0001679788-23-000113
1679788,PERIODIC_REPORT,2023-08-03,10-Q,0001679788-23-000106
1679788,PERIODIC_REPORT,2023-05-04,10-Q,0001679788-23-000073
1679788,PERIODIC_REPORT,2023-02-21,10-K,0001679788-23-000031
1679788,PERIODIC_REPORT,2022-11-03,10-Q,0001679788-22-000116
1679788,PERIODIC_REPORT,2022-08-09,10-Q,0001679788-22-000085
1679788,PERIODIC_REPORT,2022-05-10,10-Q,0001679788-22-000048
1679788,PERIODIC_REPORT,2022-02-25,10-K,0001679788-22-000031
1679788,PERIODIC_REPORT,2021-11-10,10-Q,0001679788-21-000071
1679788,PERIODIC_REPORT,2021-08-11,10-Q,0001679788-21-000026
1679788,PERIODIC_REPORT,2021-05-14,10-Q,0001679788-21-000010
1679788,IPO_PRICING,2021-04-14,424B4,0001628280-21-006850
1679788,LISTING_REGISTRATION,2021-03-23,8-A12B,0001628280-21-005378
1679788,IPO_REGISTRATION,2021-03-23,S-1/A,0001628280-21-005373
1679788,IPO_REGISTRATION,2021-03-17,S-1/A,0001628280-21-004939
1679788,IPO_REGISTRATION,2021-02-25,S-1,0001628280-21-003168
1679788,FIRST_EDGAR_FILING,2016-07-21,,
1874178,PERIODIC_REPORT,2026-07-30,10-Q,0001874178-26-000054
1874178,PERIODIC_REPORT,2026-04-30,10-Q,0001874178-26-000035
1874178,PERIODIC_REPORT,2026-02-12,10-K,0001874178-26-000008
1874178,PERIODIC_REPORT,2025-11-04,10-Q,0001874178-25-000052
1874178,PERIODIC_REPORT,2025-08-05,10-Q,0001874178-25-000036
1874178,PERIODIC_REPORT,2025-05-06,10-Q,0001874178-25-000026
1874178,PERIODIC_REPORT,2025-02-24,10-K,0001874178-25-000007
1874178,PERIODIC_REPORT,2024-11-07,10-Q,0001874178-24-000063
1874178,PERIODIC_REPORT,2024-08-06,10-Q,0001874178-24-000057
1874178,PERIODIC_REPORT,2024-05-07,10-Q,0001874178-24-000042
1874178,PERIODIC_REPORT,2024-02-26,10-K,0001874178-24-000014
1874178,PERIODIC_REPORT,2023-11-07,10-Q,0001874178-23-000058
1874178,PERIODIC_REPORT,2023-08-08,10-Q,0001874178-23-000041
1874178,PERIODIC_REPORT,2023-05-09,10-Q,0001874178-23-000029
1874178,PERIODIC_REPORT,2023-02-28,10-K,0001874178-23-000009
1874178,PERIODIC_REPORT,2022-11-09,10-Q,0001874178-22-000059
1874178,PERIODIC_REPORT,2022-08-11,10-Q,0001874178-22-000048
1874178,PERIODIC_REPORT,2022-05-11,10-Q,0001874178-22-000029
1874178,PERIODIC_REPORT,2022-03-31,10-K,0001874178-22-000008
1874178,PERIODIC_REPORT,2021-12-17,10-Q,0001874178-21-000006
1874178,IPO_PRICING,2021-11-12,424B4,0001193125-21-328239
1874178,IPO_REGISTRATION,2021-11-09,S-1MEF,0001193125-21-324915
1874178,LISTING_REGISTRATION,2021-11-08,8-A12B,0001193125-21-323132
1874178,IPO_REGISTRATION,2021-11-05,S-1/A,0001193125-21-321716
1874178,IPO_REGISTRATION,2021-11-01,S-1/A,0001193125-21-315537
1874178,IPO_REGISTRATION,2021-10-22,S-1/A,0001193125-21-305592
1874178,IPO_REGISTRATION,2021-10-01,S-1,0001193125-21-289903
1874178,FIRST_EDGAR_FILING,2021-08-25,,
1318605,PERIODIC_REPORT,2026-07-23,10-Q,0001628280-26-049270
1318605,PERIODIC_REPORT,2026-04-30,10-K/A,0001104659-26-053166
1318605,PERIODIC_REPORT,2026-04-23,10-Q,0001628280-26-026673
1318605,PERIODIC_REPORT,2026-01-29,10-K,0001628280-26-003952
1318605,PERIODIC_REPORT,2025-10-23,10-Q,0001628280-25-045968
1318605,PERIODIC_REPORT,2025-07-24,10-Q,0001628280-25-035806
1318605,PERIODIC_REPORT,2025-04-30,10-K/A,0001104659-25-042659
1318605,PERIODIC_REPORT,2025-04-23,10-Q,0001628280-25-018911
1318605,PERIODIC_REPORT,2025-01-30,10-K,0001628280-25-003063
1318605,PERIODIC_REPORT,2024-10-24,10-Q,0001628280-24-043486
1318605,PERIODIC_REPORT,2024-07-24,10-Q,0001628280-24-032662
1318605,PERIODIC_REPORT,2024-04-24,10-Q,0001628280-24-017503
1318605,PERIODIC_REPORT,2024-01-29,10-K,0001628280-24-002390
1318605,PERIODIC_REPORT,2023-10-23,10-Q,0001628280-23-034847
1318605,PERIODIC_REPORT,2023-07-24,10-Q,0000950170-23-033872
1318605,PERIODIC_REPORT,2023-04-24,10-Q,0000950170-23-013890
1318605,PERIODIC_REPORT,2023-01-31,10-K,0000950170-23-001409
1318605,PERIODIC_REPORT,2022-10-24,10-Q,0000950170-22-019867
1318605,PERIODIC_REPORT,2022-07-25,10-Q,0000950170-22-012936
1318605,PERIODIC_REPORT,2022-05-02,10-K/A,0001564590-22-016871
1318605,PERIODIC_REPORT,2022-04-25,10-Q,0000950170-22-006034
1318605,PERIODIC_REPORT,2022-02-07,10-K,0000950170-22-000796
1318605,PERIODIC_REPORT,2021-10-25,10-Q,0000950170-21-002253
1318605,PERIODIC_REPORT,2021-07-27,10-Q,0000950170-21-000524
1318605,PERIODIC_REPORT,2021-04-30,10-K/A,0001564590-21-022604
1318605,PERIODIC_REPORT,2021-04-28,10-Q,0000950170-21-000046
1318605,PERIODIC_REPORT,2021-02-08,10-K,0001564590-21-004599
1318605,PERIODIC_REPORT,2020-10-26,10-Q,0001564590-20-047486
1318605,PERIODIC_REPORT,2020-07-28,10-Q,0001564590-20-033670
1318605,PERIODIC_REPORT,2020-04-30,10-Q,0001564590-20-019931
1318605,PERIODIC_REPORT,2020-04-28,10-K/A,0001564590-20-018984
1318605,PERIODIC_REPORT,2020-02-13,10-K,0001564590-20-004475
1318605,PERIODIC_REPORT,2019-10-29,10-Q,0001564590-19-038256
1318605,PERIODIC_REPORT,2019-07-29,10-Q,0001564590-19-026445
1318605,PERIODIC_REPORT,2019-04-29,10-Q,0001564590-19-013462
1318605,PERIODIC_REPORT,2019-02-19,10-K,0001564590-19-003165
1318605,PERIODIC_REPORT,2018-11-02,10-Q,0001564590-18-026353
1318605,PERIODIC_REPORT,2018-08-06,10-Q,0001564590-18-019254
1318605,PERIODIC_REPORT,2018-05-07,10-Q,0001564590-18-011086
1318605,PERIODIC_REPORT,2018-02-23,10-K,0001564590-18-002956
1318605,PERIODIC_REPORT,2017-11-03,10-Q,0001564590-17-021343
1318605,PERIODIC_REPORT,2017-08-04,10-Q,0001564590-17-015705
1318605,PERIODIC_REPORT,2017-05-10,10-Q,0001564590-17-009968
1318605,PERIODIC_REPORT,2017-03-01,10-K,0001564590-17-003118
1318605,PERIODIC_REPORT,2016-11-02,10-Q,0001564590-16-026820
1318605,PERIODIC_REPORT,2016-08-05,10-Q,0001564590-16-023024
1318605,PERIODIC_REPORT,2016-05-10,10-Q,0001564590-16-018886
1318605,PERIODIC_REPORT,2016-02-24,10-K,0001564590-16-013195
1318605,PERIODIC_REPORT,2015-11-05,10-Q,0001564590-15-009741
1318605,PERIODIC_REPORT,2015-08-07,10-Q,0001564590-15-006666
1318605,PERIODIC_REPORT,2015-05-11,10-Q,0001564590-15-003789
1318605,PERIODIC_REPORT,2015-02-26,10-K,0001564590-15-001031
1318605,PERIODIC_REPORT,2014-11-07,10-Q,0001193125-14-403635
1318605,PERIODIC_REPORT,2014-08-08,10-Q,0001193125-14-303175
1318605,PERIODIC_REPORT,2014-05-09,10-Q,0001193125-14-192606
1318605,PERIODIC_REPORT,2014-02-26,10-K,0001193125-14-069681
1318605,PERIODIC_REPORT,2013-11-08,10-Q,0001193125-13-435480
1318605,PERIODIC_REPORT,2013-08-09,10-Q,0001193125-13-327916
1318605,PERIODIC_REPORT,2013-05-10,10-Q,0001193125-13-212354
1318605,PERIODIC_REPORT,2013-03-07,10-K,0001193125-13-096241
1318605,PERIODIC_REPORT,2012-11-07,10-Q,0001193125-12-457610
1318605,PERIODIC_REPORT,2012-08-02,10-Q,0001193125-12-332138
1318605,PERIODIC_REPORT,2012-05-10,10-Q,0001193125-12-225825
1318605,PERIODIC_REPORT,2012-03-28,10-K/A,0001193125-12-137560
1318605,PERIODIC_REPORT,2012-02-27,10-K,0001193125-12-081990
1318605,PERIODIC_REPORT,2011-11-14,10-Q,0001193125-11-308489
1318605,PERIODIC_REPORT,2011-08-12,10-Q,0001193125-11-221497
1318605,IPO_PRICING,2011-06-03,424B4,0001193125-11-158323
1318605,IPO_REGISTRATION,2011-06-02,S-1/A,0001193125-11-157135
1318605,IPO_REGISTRATION,2011-05-25,S-1,0001193125-11-149963
1318605,PERIODIC_REPORT,2011-05-13,10-Q,0001193125-11-139677
1318605,PERIODIC_REPORT,2011-03-03,10-K,0001193125-11-054847
1318605,PERIODIC_REPORT,2010-11-12,10-Q,0001193125-10-259068
1318605,PERIODIC_REPORT,2010-08-13,10-Q,0001193125-10-188792
1318605,IPO_PRICING,2010-06-29,424B4,0001193125-10-149105
1318605,IPO_REGISTRATION,2010-06-28,S-1/A,0001193125-10-148468
1318605,IPO_REGISTRATION,2010-06-28,S-1/A,0001193125-10-147850
1318605,IPO_REGISTRATION,2010-06-28,S-1/A,0001193125-10-147655
1318605,IPO_REGISTRATION,2010-06-15,S-1/A,0001193125-10-139143
1318605,IPO_REGISTRATION,2010-06-02,S-1/A,0000950130-10-002906
1318605,LISTING_REGISTRATION,2010-05-27,8-A12B,0001193125-10-129881
1318605,IPO_REGISTRATION,2010-05-27,S-1/A,0001193125-10-129878
1318605,IPO_REGISTRATION,2010-04-29,S-1/A,0001193125-10-099603
1318605,IPO_REGISTRATION,2010-03-29,S-1/A,0001193125-10-068933
1318605,IPO_REGISTRATION,2010-01-29,S-1,0001193125-10-017054
1318605,FIRST_EDGAR_FILING,2005-02-17,,
1067983,PERIODIC_REPORT,2026-08-10,10-Q,0001193125-26-341032
1067983,PERIODIC_REPORT,2026-05-04,10-Q,0001193125-26-202243
1067983,PERIODIC_REPORT,2026-03-02,10-K,0001193125-26-083899
1067983,PERIODIC_REPORT,2025-11-03,10-Q,0001193125-25-261548
1067983,PERIODIC_REPORT,2025-08-04,10-Q,0000950170-25-101578
1067983,PERIODIC_REPORT,2025-05-05,10-Q,0000950170-25-063112
1067983,DELISTING_NOTICE,2025-03-12,25-NSE,0000876661-25-000173
1067983,PERIODIC_REPORT,2025-02-24,10-K,0000950170-25-025210
1067983,PERIODIC_REPORT,2024-11-04,10-Q,0000950170-24-120241
1067983,PERIODIC_REPORT,2024-08-05,10-Q,0000950170-24-090305
1067983,PERIODIC_REPORT,2024-05-06,10-Q,0000950170-24-053185
1067983,DELISTING_NOTICE,2024-03-15,25-NSE,0000876661-24-000179
1067983,PERIODIC_REPORT,2024-02-26,10-K,0000950170-24-019719
1067983,PERIODIC_REPORT,2023-11-06,10-Q,0000950170-23-058993
1067983,PERIODIC_REPORT,2023-08-07,10-Q,0000950170-23-038705
1067983,PERIODIC_REPORT,2023-05-08,10-Q,0000950170-23-018438
1067983,DELISTING_NOTICE,2023-03-16,25-NSE,0000876661-23-000251
1067983,PERIODIC_REPORT,2023-02-27,10-K,0000950170-23-004451
1067983,DELISTING_NOTICE,2023-01-17,25-NSE,0000876661-23-000052
1067983,PERIODIC_REPORT,2022-11-07,10-Q,0000950170-22-022287
1067983,PERIODIC_REPORT,2022-08-08,10-Q,0001564590-22-028282
1067983,PERIODIC_REPORT,2022-05-02,10-Q,0001564590-22-016907
1067983,LISTING_REGISTRATION,2022-04-08,8-A12B,0001193125-22-099502
1067983,PERIODIC_REPORT,2022-02-28,10-K,0001564590-22-007322
1067983,PERIODIC_REPORT,2021-11-08,10-Q,0001564590-21-055032
1067983,PERIODIC_REPORT,2021-08-09,10-Q,0001564590-21-042312
1067983,PERIODIC_REPORT,2021-05-03,10-Q,0001564590-21-022703
1067983,PERIODIC_REPORT,2021-03-01,10-K,0001564590-21-009611
1067983,LISTING_REGISTRATION,2021-02-08,8-A12B,0001193125-21-031449
1067983,DELISTING_NOTICE,2021-01-19,25-NSE,0000876661-21-000079
1067983,PERIODIC_REPORT,2020-11-09,10-Q,0001564590-20-052144
1067983,PERIODIC_REPORT,2020-08-10,10-Q,0001564590-20-038544
1067983,PERIODIC_REPORT,2020-05-04,10-Q,0001564590-20-020599
1067983,LISTING_REGISTRATION,2020-04-02,8-A12B,0001193125-20-095493
1067983,DELISTING_NOTICE,2020-03-16,25-NSE,0000876661-20-000222
1067983,PERIODIC_REPORT,2020-02-24,10-K,0001564590-20-005874
1067983,PERIODIC_REPORT,2019-11-04,10-Q,0000950123-19-009995
1067983,PERIODIC_REPORT,2019-08-05,10-Q,0001564590-19-028491
1067983,LISTING_REGISTRATION,2019-07-17,8-A12B,0001193125-19-195355
1067983,PERIODIC_REPORT,2019-05-06,10-Q,0001193125-19-137433
1067983,PERIODIC_REPORT,2019-02-25,10-K,0001193125-19-048926
1067983,PERIODIC_REPORT,2018-11-05,10-Q,0001193125-18-317734
1067983,PERIODIC_REPORT,2018-08-06,10-Q,0001193125-18-238892
1067983,PERIODIC_REPORT,2018-05-07,10-Q,0001193125-18-153460
1067983,PERIODIC_REPORT,2018-02-26,10-K,0001193125-18-057033
1067983,PERIODIC_REPORT,2017-11-03,10-Q,0001193125-17-332829
1067983,PERIODIC_REPORT,2017-08-04,10-Q,0001193125-17-248832
1067983,PERIODIC_REPORT,2017-05-05,10-Q,0001193125-17-160889
1067983,PERIODIC_REPORT,2017-02-27,10-K,0001193125-17-056969
1067983,LISTING_REGISTRATION,2017-02-14,8-A12B,0001193125-17-043858
1067983,PERIODIC_REPORT,2016-11-04,10-Q,0001193125-16-760194
1067983,PERIODIC_REPORT,2016-08-05,10-Q,0001193125-16-673492
1067983,PERIODIC_REPORT,2016-05-06,10-Q,0001193125-16-582004
1067983,LISTING_REGISTRATION,2016-04-11,8-A12B,0001193125-16-536197
1067983,PERIODIC_REPORT,2016-02-29,10-K,0001193125-16-483023
1067983,PERIODIC_REPORT,2015-11-06,10-Q,0001193125-15-370187
1067983,PERIODIC_REPORT,2015-08-07,10-Q,0001193125-15-283231
1067983,PERIODIC_REPORT,2015-05-01,10-Q,0001193125-15-166595
1067983,LISTING_REGISTRATION,2015-04-09,8-A12B,0001193125-15-124391
1067983,PERIODIC_REPORT,2015-03-02,10-K,0001193125-15-070966
1067983,PERIODIC_REPORT,2014-11-07,10-Q,0001193125-14-403605
1067983,PERIODIC_REPORT,2014-08-01,10-Q,0001193125-14-291724
1067983,PERIODIC_REPORT,2014-05-02,10-Q,0001193125-14-180321
1067983,PERIODIC_REPORT,2014-03-03,10-K,0001193125-14-078778
1067983,PERIODIC_REPORT,2013-11-01,10-Q,0001193125-13-423169
1067983,PERIODIC_REPORT,2013-08-02,10-Q,0001193125-13-317399
1067983,PERIODIC_REPORT,2013-05-03,10-Q,0001193125-13-199397
1067983,PERIODIC_REPORT,2013-03-01,10-K,0001193125-13-087679
1067983,PERIODIC_REPORT,2012-11-02,10-Q,0001193125-12-449402
1067983,PERIODIC_REPORT,2012-08-03,10-Q,0001157523-12-004238
1067983,PERIODIC_REPORT,2012-05-04,10-Q,0001157523-12-002551
1067983,PERIODIC_REPORT,2012-02-27,10-K,0001193125-12-079022
1067983,PERIODIC_REPORT,2011-11-04,10-Q,0001157523-11-006500
1067983,PERIODIC_REPORT,2011-08-05,10-Q,0001157523-11-004793
1067983,PERIODIC_REPORT,2011-05-06,10-Q,0001157523-11-002891
1067983,PERIODIC_REPORT,2011-02-28,10-K,0001193125-11-048914
1067983,PERIODIC_REPORT,2010-11-05,10-Q,0001157523-10-006675
1067983,PERIODIC_REPORT,2010-08-06,10-Q,0001157523-10-004882
1067983,PERIODIC_REPORT,2010-05-07,10-Q,0001157523-10-002982
1067983,PERIODIC_REPORT,2010-03-01,10-K,0001193125-10-043450
1067983,LISTING_REGISTRATION,2010-02-01,8-A12B/A,0001193125-10-018135
1067983,PERIODIC_REPORT,2009-11-06,10-Q,0001157523-09-007839
1067983,PERIODIC_REPORT,2009-08-07,10-Q,0001157523-09-005813
1067983,PERIODIC_REPORT,2009-05-08,10-Q,0001193125-09-105560
1067983,PERIODIC_REPORT,2009-03-02,10-K,0001193125-09-042055
1067983,PERIODIC_REPORT,2008-11-07,10-Q,0000950150-08-000030
1067983,PERIODIC_REPORT,2008-08-08,10-Q,0000950150-08-000015
1067983,PERIODIC_REPORT,2008-05-02,10-Q,0000950148-08-000131
1067983,PERIODIC_REPORT,2008-02-29,10-K,0000950134-08-003848
1067983,PERIODIC_REPORT,2007-11-02,10-Q,0000950134-07-022672
1067983,PERIODIC_REPORT,2007-08-03,10-Q,0000950134-07-016772
1067983,PERIODIC_REPORT,2007-05-04,10-Q,0000950150-07-000022
1067983,PERIODIC_REPORT,2007-03-01,10-K,0000950134-07-004573
1067983,PERIODIC_REPORT,2006-11-03,10-Q,0000950134-06-020444
1067983,PERIODIC_REPORT,2006-08-07,10-Q,0000950134-06-014893
1067983,PERIODIC_REPORT,2006-05-05,10-Q,0000950129-06-005040
1067983,PERIODIC_REPORT,2006-03-13,10-K,0000950129-06-002521
1067983,PERIODIC_REPORT,2005-11-04,10-Q,0000950129-05-010572
1067983,PERIODIC_REPORT,2005-08-05,10-Q,0000950129-05-007767
1067983,PERIODIC_REPORT,2005-05-09,10-Q,0000950129-05-004868
1067983,PERIODIC_REPORT,2005-03-15,10-K,0000950129-05-002423
1067983,PERIODIC_REPORT,2004-11-08,10-Q,0000950129-04-008588
1067983,PERIODIC_REPORT,2004-08-09,10-Q,0000950129-04-005709
1067983,PERIODIC_REPORT,2004-05-10,10-Q,0000950129-04-002994
1067983,PERIODIC_REPORT,2004-03-12,10-K,0000950150-04-000327
1067983,PERIODIC_REPORT,2003-11-10,10-Q,0000950150-03-001248
1067983,PERIODIC_REPORT,2003-08-11,10-Q,0000950150-03-000865
1067983,PERIODIC_REPORT,2003-05-12,10-Q,0000950150-03-000563
1067983,PERIODIC_REPORT,2003-03-27,10-K,0000950150-03-000377
1067983,PERIODIC_REPORT,2002-11-13,10-Q,0000950150-02-001032
1067983,PERIODIC_REPORT,2002-08-13,10-Q,0000950150-02-000743
1067983,PERIODIC_REPORT,2002-05-14,10-Q,0000950150-02-000490
1067983,PERIODIC_REPORT,2002-03-29,10-K,0000950150-02-000303
1067983,PERIODIC_REPORT,2002-03-15,10-Q/A,0000950150-02-000219
1067983,PERIODIC_REPORT,2001-11-14,10-Q,0000950150-01-500755
1067983,PERIODIC_REPORT,2001-08-13,10-Q,0000950150-01-500515
1067983,PERIODIC_REPORT,2001-05-15,10-Q,0000950150-01-500319
1067983,PERIODIC_REPORT,2001-03-30,10-K,0000950150-01-000114
1067983,PERIODIC_REPORT,2000-11-13,10-Q,0000950150-00-000904
1067983,PERIODIC_REPORT,2000-08-14,10-Q,0000950150-00-000694
1067983,PERIODIC_REPORT,2000-05-15,10-Q,0000950150-00-000428
1067983,PERIODIC_REPORT,2000-03-29,10-K,0000950150-00-000239
1067983,PERIODIC_REPORT,1999-11-15,10-Q,0000950150-99-001239
1067983,PERIODIC_REPORT,1999-08-16,10-Q,0000950150-99-000983
1067983,PERIODIC_REPORT,1999-05-17,10-Q,0000950150-99-000686
1067983,LISTING_REGISTRATION,1999-03-30,8-A12B,0001047469-99-012414
1067983,PERIODIC_REPORT,1999-03-30,10-K,0000950150-99-000379
1067983,FIRST_EDGAR_FILING,1998-08-10,,
320193,PERIODIC_REPORT,2026-07-31,10-Q,0000320193-26-000020
320193,PERIODIC_REPORT,2026-05-01,10-Q,0000320193-26-000013
320193,PERIODIC_REPORT,2026-01-30,10-Q,0000320193-26-000006
320193,DELISTING_NOTICE,2025-11-14,25-NSE,0001354457-25-001138
320193,PERIODIC_REPORT,2025-10-31,10-K,0000320193-25-000079
320193,PERIODIC_REPORT,2025-08-01,10-Q,0000320193-25-000073
320193,DELISTING_NOTICE,2025-05-22,25-NSE,0001354457-25-000451
320193,PERIODIC_REPORT,2025-05-02,10-Q,0000320193-25-000057
320193,PERIODIC_REPORT,2025-01-31,10-Q,0000320193-25-000008
320193,PERIODIC_REPORT,2024-11-01,10-K,0000320193-24-000123
320193,PERIODIC_REPORT,2024-08-02,10-Q,0000320193-24-000081
320193,PERIODIC_REPORT,2024-05-03,10-Q,0000320193-24-000069
320193,PERIODIC_REPORT,2024-02-02,10-Q,0000320193-24-000006
320193,DELISTING_NOTICE,2024-01-17,25-NSE,0001354457-24-000017
320193,PERIODIC_REPORT,2023-11-03,10-K,0000320193-23-000106
320193,PERIODIC_REPORT,2023-08-04,10-Q,0000320193-23-000077
320193,PERIODIC_REPORT,2023-05-05,10-Q,0000320193-23-000064
320193,PERIODIC_REPORT,2023-02-03,10-Q,0000320193-23-000006
320193,DELISTING_NOTICE,2022-11-09,25-NSE,0001354457-22-000638
320193,PERIODIC_REPORT,2022-10-28,10-K,0000320193-22-000108
320193,PERIODIC_REPORT,2022-07-29,10-Q,0000320193-22-000070
320193,PERIODIC_REPORT,2022-04-29,10-Q,0000320193-22-000059
320193,PERIODIC_REPORT,2022-01-28,10-Q,0000320193-22-000007
320193,PERIODIC_REPORT,2021-10-29,10-K,0000320193-21-000105
320193,PERIODIC_REPORT,2021-07-28,10-Q,0000320193-21-000065
320193,PERIODIC_REPORT,2021-04-29,10-Q,0000320193-21-000056
320193,PERIODIC_REPORT,2021-01-28,10-Q,0000320193-21-000010
320193,PERIODIC_REPORT,2020-10-30,10-K,0000320193-20-000096
320193,PERIODIC_REPORT,2020-07-31,10-Q,0000320193-20-000062
320193,PERIODIC_REPORT,2020-05-01,10-Q,0000320193-20-000052
320193,PERIODIC_REPORT,2020-01-29,10-Q,0000320193-20-000010
320193,LISTING_REGISTRATION,2019-11-15,8-A12B,0001193125-19-292825
320193,PERIODIC_REPORT,2019-10-31,10-K,0000320193-19-000119
320193,PERIODIC_REPORT,2019-07-31,10-Q,0000320193-19-000076
320193,PERIODIC_REPORT,2019-05-01,10-Q,0000320193-19-000066
320193,DELISTING_NOTICE,2019-03-14,25,0001193125-19-074874
320193,LISTING_REGISTRATION,2019-03-14,8-A12B,0001193125-19-074868
320193,PERIODIC_REPORT,2019-01-30,10-Q,0000320193-19-000010
320193,PERIODIC_REPORT,2018-11-05,10-K,0000320193-18-000145
320193,PERIODIC_REPORT,2018-08-01,10-Q,0000320193-18-000100
320193,PERIODIC_REPORT,2018-05-02,10-Q,0000320193-18-000070
320193,PERIODIC_REPORT,2018-02-02,10-Q,0000320193-18-000007
320193,PERIODIC_REPORT,2017-11-03,10-K,0000320193-17-000070
320193,PERIODIC_REPORT,2017-08-02,10-Q,0000320193-17-000009
320193,LISTING_REGISTRATION,2017-05-24,8-A12B,0001193125-17-181871
320193,PERIODIC_REPORT,2017-05-03,10-Q,0001628280-17-004790
320193,PERIODIC_REPORT,2017-02-01,10-Q,0001628280-17-000717
320193,PERIODIC_REPORT,2016-10-26,10-K,0001628280-16-020309
320193,PERIODIC_REPORT,2016-07-27,10-Q,0001628280-16-017809
320193,PERIODIC_REPORT,2016-04-27,10-Q,0001193125-16-559625
320193,PERIODIC_REPORT,2016-01-27,10-Q,0001193125-16-439878
320193,PERIODIC_REPORT,2015-10-28,10-K,0001193125-15-356351
320193,LISTING_REGISTRATION,2015-09-17,8-A12B,0001193125-15-322479
320193,LISTING_REGISTRATION,2015-08-03,8-A12B,0001193125-15-273818
320193,PERIODIC_REPORT,2015-07-22,10-Q,0001193125-15-259935
320193,PERIODIC_REPORT,2015-04-28,10-Q,0001193125-15-153166
320193,PERIODIC_REPORT,2015-01-28,10-Q,0001193125-15-023697
320193,LISTING_REGISTRATION,2014-11-12,8-A12B,0001193125-14-409218
320193,PERIODIC_REPORT,2014-10-27,10-K,0001193125-14-383437
320193,PERIODIC_REPORT,2014-07-23,10-Q,0001193125-14-277160
320193,PERIODIC_REPORT,2014-04-24,10-Q,0001193125-14-157311
320193,PERIODIC_REPORT,2014-01-28,10-Q,0001193125-14-024487
320193,PERIODIC_REPORT,2013-10-30,10-K,0001193125-13-416534
320193,PERIODIC_REPORT,2013-07-24,10-Q,0001193125-13-300670
320193,PERIODIC_REPORT,2013-04-24,10-Q,0001193125-13-168288
320193,PERIODIC_REPORT,2013-01-24,10-Q,0001193125-13-022339
320193,PERIODIC_REPORT,2012-10-31,10-K,0001193125-12-444068
320193,PERIODIC_REPORT,2012-07-25,10-Q,0001193125-12-314552
320193,PERIODIC_REPORT,2012-04-25,10-Q,0001193125-12-182321
320193,PERIODIC_REPORT,2012-01-25,10-Q,0001193125-12-023398
320193,PERIODIC_REPORT,2011-10-26,10-K,0001193125-11-282113
320193,PERIODIC_REPORT,2011-07-20,10-Q,0001193125-11-192493
320193,PERIODIC_REPORT,2011-04-21,10-Q,0001193125-11-104388
320193,PERIODIC_REPORT,2011-01-19,10-Q,0001193125-11-010144
320193,PERIODIC_REPORT,2010-10-27,10-K,0001193125-10-238044
320193,PERIODIC_REPORT,2010-07-21,10-Q,0001193125-10-162840
320193,PERIODIC_REPORT,2010-04-21,10-Q,0001193125-10-088957
320193,PERIODIC_REPORT,2010-01-25,10-K/A,0001193125-10-012091
320193,PERIODIC_REPORT,2010-01-25,10-Q,0001193125-10-012085
320193,PERIODIC_REPORT,2009-10-27,10-K,0001193125-09-214859
320193,PERIODIC_REPORT,2009-07-22,10-Q,0001193125-09-153165
320193,PERIODIC_REPORT,2009-04-27,10-Q/A,0001193125-09-087629
320193,PERIODIC_REPORT,2009-04-23,10-Q,0001193125-09-085781
320193,PERIODIC_REPORT,2009-01-23,10-Q,0001193125-09-009937
320193,PERIODIC_REPORT,2008-11-05,10-K,0001193125-08-224958
320193,PERIODIC_REPORT,2008-07-23,10-Q,0001193125-08-156421
320193,PERIODIC_REPORT,2008-05-01,10-Q,0001193125-08-097759
320193,PERIODIC_REPORT,2008-02-01,10-Q,0001193125-08-017426
320193,PERIODIC_REPORT,2007-11-15,10-K,0001047469-07-009340
320193,PERIODIC_REPORT,2007-08-08,10-Q,0001104659-07-059873
320193,PERIODIC_REPORT,2007-05-10,10-Q,0001104659-07-037745
320193,PERIODIC_REPORT,2007-02-02,10-Q,0001104659-07-006648
320193,PERIODIC_REPORT,2006-12-29,10-K,0001104659-06-084288
320193,PERIODIC_REPORT,2006-12-29,10-Q,0001104659-06-084286
320193,PERIODIC_REPORT,2006-05-05,10-Q,0001104659-06-031303
320193,PERIODIC_REPORT,2006-02-03,10-Q,0001104659-06-005910
320193,PERIODIC_REPORT,2005-12-01,10-K,0001104659-05-058421
320193,PERIODIC_REPORT,2005-08-03,10-Q,0001104659-05-035792
320193,PERIODIC_REPORT,2005-05-04,10-Q,0001104659-05-020421
320193,PERIODIC_REPORT,2005-02-01,10-Q,0001104659-05-003520
320193,PERIODIC_REPORT,2004-12-03,10-K,0001047469-04-035975
320193,PERIODIC_REPORT,2004-08-05,10-Q,0001104659-04-022384
320193,PERIODIC_REPORT,2004-05-06,10-Q,0001104659-04-013021
320193,PERIODIC_REPORT,2004-02-10,10-Q,0001104659-04-003080
320193,PERIODIC_REPORT,2003-12-19,10-K,0001047469-03-041604
320193,PERIODIC_REPORT,2003-08-12,10-Q,0001104659-03-017766
320193,PERIODIC_REPORT,2003-05-13,10-Q,0001104659-03-009489
320193,PERIODIC_REPORT,2003-02-10,10-Q,0001047469-03-004566
320193,PERIODIC_REPORT,2002-12-19,10-K,0001047469-02-007674
320193,PERIODIC_REPORT,2002-08-09,10-Q,0000912057-02-030796
320193,PERIODIC_REPORT,2002-05-14,10-Q,0000912057-02-020280
320193,PERIODIC_REPORT,2002-02-11,10-Q,0000912057-02-004945
320193,PERIODIC_REPORT,2001-12-21,10-K405,0000912057-01-544436
320193,PERIODIC_REPORT,2001-08-13,10-Q,0000912057-01-528148
320193,PERIODIC_REPORT,2001-05-14,10-Q,0000912057-01-515409
320193,PERIODIC_REPORT,2001-02-12,10-Q,0000912057-01-004642
320193,PERIODIC_REPORT,2000-12-14,10-K,0000912057-00-053623
320193,PERIODIC_REPORT,2000-07-31,10-Q,0000912057-00-033901
320193,PERIODIC_REPORT,2000-05-11,10-Q,0000912057-00-023442
320193,PERIODIC_REPORT,2000-02-01,10-Q,0000912057-00-003201
320193,PERIODIC_REPORT,1999-12-22,10-K,0000912057-99-010244
320193,PERIODIC_REPORT,1999-08-06,10-Q,0000320193-99-000009
320193,PERIODIC_REPORT,1999-05-11,10-Q,0000320193-99-000004
320193,PERIODIC_REPORT,1999-02-08,10-Q,0000320193-99-000002
320193,PERIODIC_REPORT,1998-12-23,10-K405,0001047469-98-044981
320193,PERIODIC_REPORT,1998-08-10,10-Q,0000320193-98-000008
320193,PERIODIC_REPORT,1998-05-11,10-Q,0000320193-98-000006
320193,PERIODIC_REPORT,1998-02-09,10-Q,0000320193-98-000003
320193,PERIODIC_REPORT,1998-01-23,10-K/A,0001047469-98-001822
320193,PERIODIC_REPORT,1997-12-05,10-K,0001047469-97-006960
320193,PERIODIC_REPORT,1997-10-07,10-Q/A,0000320193-97-000021
320193,PERIODIC_REPORT,1997-08-11,10-Q,0000320193-97-000014
320193,PERIODIC_REPORT,1997-05-12,10-Q,0000320193-97-000011
320193,PERIODIC_REPORT,1997-02-10,10-Q,0000320193-97-000002
320193,PERIODIC_REPORT,1996-12-19,10-K,0000320193-96-000023
320193,PERIODIC_REPORT,1996-08-12,10-Q,0000320193-96-000018
320193,PERIODIC_REPORT,1996-05-13,10-Q,0000320193-96-000011
320193,PERIODIC_REPORT,1996-02-12,10-Q,0000320193-96-000002
320193,PERIODIC_REPORT,1995-12-19,10-K,0000320193-95-000016
320193,PERIODIC_REPORT,1995-08-11,10-Q,0000320193-95-000011
320193,PERIODIC_REPORT,1995-05-15,10-Q,0000320193-95-000008
320193,PERIODIC_REPORT,1995-02-09,10-Q,0000320193-95-000003
320193,PERIODIC_REPORT,1994-12-13,10-K,0000320193-94-000016
320193,PERIODIC_REPORT,1994-08-12,10-Q,0000320193-94-000013
320193,PERIODIC_REPORT,1994-01-26,10-Q,0000320193-94-000002
320193,FIRST_EDGAR_FILING,1994-01-26,,
789019,PERIODIC_REPORT,2026-07-29,10-K,0001193125-26-323660
789019,PERIODIC_REPORT,2026-04-29,10-Q,0001193125-26-191507
789019,PERIODIC_REPORT,2026-01-28,10-Q,0001193125-26-027207
789019,PERIODIC_REPORT,2025-10-29,10-Q,0001193125-25-256321
789019,PERIODIC_REPORT,2025-07-30,10-K,0000950170-25-100235
789019,PERIODIC_REPORT,2025-04-30,10-Q,0000950170-25-061046
789019,PERIODIC_REPORT,2025-01-29,10-Q,0000950170-25-010491
789019,PERIODIC_REPORT,2024-10-30,10-Q,0000950170-24-118967
789019,PERIODIC_REPORT,2024-07-30,10-K,0000950170-24-087843
789019,PERIODIC_REPORT,2024-04-25,10-Q,0000950170-24-048288
789019,PERIODIC_REPORT,2024-01-30,10-Q,0000950170-24-008814
789019,PERIODIC_REPORT,2023-10-24,10-Q,0000950170-23-054855
789019,PERIODIC_REPORT,2023-07-27,10-K,0000950170-23-035122
789019,PERIODIC_REPORT,2023-04-25,10-Q,0000950170-23-014423
789019,PERIODIC_REPORT,2023-01-24,10-Q,0001564590-23-000733
789019,PERIODIC_REPORT,2022-10-25,10-Q,0001564590-22-035087
789019,PERIODIC_REPORT,2022-07-28,10-K,0001564590-22-026876
789019,PERIODIC_REPORT,2022-04-26,10-Q,0001564590-22-015675
789019,PERIODIC_REPORT,2022-01-25,10-Q,0001564590-22-002324
789019,PERIODIC_REPORT,2021-10-26,10-Q,0001564590-21-051992
789019,DELISTING_NOTICE,2021-09-03,25-NSE,0001354457-21-001009
789019,PERIODIC_REPORT,2021-07-29,10-K,0001564590-21-039151
789019,PERIODIC_REPORT,2021-04-27,10-Q,0001564590-21-020891
789019,PERIODIC_REPORT,2021-01-26,10-Q,0001564590-21-002316
789019,PERIODIC_REPORT,2020-10-27,10-Q,0001564590-20-047996
789019,PERIODIC_REPORT,2020-07-30,10-K,0001564590-20-034944
789019,PERIODIC_REPORT,2020-04-29,10-Q,0001564590-20-019706
789019,PERIODIC_REPORT,2020-01-29,10-Q,0001564590-20-002450
789019,DELISTING_NOTICE,2019-11-08,25,0001193125-19-288425
789019,LISTING_REGISTRATION,2019-11-08,8-A12B,0001193125-19-288416
789019,PERIODIC_REPORT,2019-10-23,10-Q,0001564590-19-037549
789019,PERIODIC_REPORT,2019-08-01,10-K,0001564590-19-027952
789019,PERIODIC_REPORT,2019-04-24,10-Q,0001564590-19-012709
789019,PERIODIC_REPORT,2019-01-30,10-Q,0001564590-19-001392
789019,PERIODIC_REPORT,2018-10-24,10-Q,0001564590-18-024893
789019,PERIODIC_REPORT,2018-08-03,10-K,0001564590-18-019062
789019,PERIODIC_REPORT,2018-04-26,10-Q,0001564590-18-009307
789019,PERIODIC_REPORT,2018-01-31,10-Q,0001564590-18-001129
789019,PERIODIC_REPORT,2017-10-26,10-Q,0001564590-17-020171
789019,PERIODIC_REPORT,2017-08-02,10-K,0001564590-17-014900
789019,PERIODIC_REPORT,2017-04-27,10-Q,0001564590-17-007547
789019,PERIODIC_REPORT,2017-01-26,10-Q,0001564590-17-000654
789019,PERIODIC_REPORT,2016-10-20,10-Q,0001193125-16-742796
789019,PERIODIC_REPORT,2016-07-28,10-K,0001193125-16-662209
789019,LISTING_REGISTRATION,2016-07-26,8-A12B,0001193125-16-658251
789019,PERIODIC_REPORT,2016-04-21,10-Q,0001193125-16-550254
789019,PERIODIC_REPORT,2016-01-28,10-Q,0001193125-16-441821
789019,PERIODIC_REPORT,2015-10-22,10-Q,0001193125-15-350718
789019,PERIODIC_REPORT,2015-07-31,10-K,0001193125-15-272806
789019,PERIODIC_REPORT,2015-04-23,10-Q,0001193125-15-144151
789019,PERIODIC_REPORT,2015-01-26,10-Q,0001193125-15-020351
789019,PERIODIC_REPORT,2014-10-23,10-Q,0001193125-14-380252
789019,PERIODIC_REPORT,2014-07-31,10-K,0001193125-14-289961
789019,PERIODIC_REPORT,2014-04-24,10-Q,0001193125-14-157088
789019,PERIODIC_REPORT,2014-01-23,10-Q,0001193125-14-018634
789019,PERIODIC_REPORT,2013-10-24,10-Q,0001193125-13-409855
789019,PERIODIC_REPORT,2013-07-30,10-K,0001193125-13-310206
789019,PERIODIC_REPORT,2013-04-18,10-Q,0001193125-13-160748
789019,PERIODIC_REPORT,2013-01-24,10-Q,0001193125-13-022207
789019,PERIODIC_REPORT,2012-10-18,10-Q,0001193125-12-427209
789019,PERIODIC_REPORT,2012-07-26,10-K,0001193125-12-316848
789019,PERIODIC_REPORT,2012-04-19,10-Q,0001193125-12-170665
789019,PERIODIC_REPORT,2012-01-27,10-Q/A,0001193125-12-026864
789019,PERIODIC_REPORT,2012-01-19,10-Q,0001193125-12-017029
789019,PERIODIC_REPORT,2011-10-20,10-Q,0001193125-11-276022
789019,PERIODIC_REPORT,2011-07-28,10-K,0001193125-11-200680
789019,PERIODIC_REPORT,2011-04-28,10-Q,0001193125-11-115186
789019,PERIODIC_REPORT,2011-01-27,10-Q,0001193125-11-015947
789019,PERIODIC_REPORT,2010-10-28,10-Q,0001193125-10-239825
789019,PERIODIC_REPORT,2010-07-30,10-K,0001193125-10-171791
789019,PERIODIC_REPORT,2010-04-22,10-Q,0001193125-10-090116
789019,PERIODIC_REPORT,2010-01-28,10-Q,0001193125-10-015598
789019,PERIODIC_REPORT,2009-10-23,10-Q,0001193125-09-212454
789019,PERIODIC_REPORT,2009-07-30,10-K,0001193125-09-158735
789019,PERIODIC_REPORT,2009-04-23,10-Q,0001193125-09-085779
789019,PERIODIC_REPORT,2009-01-22,10-Q,0001193125-09-009386
789019,PERIODIC_REPORT,2008-10-23,10-Q,0001193125-08-215207
789019,PERIODIC_REPORT,2008-07-31,10-K,0001193125-08-162768
789019,PERIODIC_REPORT,2008-04-24,10-Q,0001193125-08-089362
789019,PERIODIC_REPORT,2008-01-24,10-Q,0001193125-08-011476
789019,PERIODIC_REPORT,2007-10-25,10-Q,0001193125-07-225854
789019,PERIODIC_REPORT,2007-08-03,10-K,0001193125-07-170817
789019,PERIODIC_REPORT,2007-04-26,10-Q,0001193125-07-091808
789019,PERIODIC_REPORT,2007-01-25,10-Q,0001193125-07-013034
789019,PERIODIC_REPORT,2006-10-26,10-Q,0001193125-06-215912
789019,PERIODIC_REPORT,2006-08-25,10-K,0001193125-06-180008
789019,PERIODIC_REPORT,2006-04-27,10-Q,0001193125-06-091033
789019,PERIODIC_REPORT,2006-03-03,10-Q/A,0001193125-06-045107
789019,PERIODIC_REPORT,2006-01-26,10-Q,0001193125-06-012779
789019,PERIODIC_REPORT,2005-10-27,10-Q,0001193125-05-209978
789019,PERIODIC_REPORT,2005-08-26,10-K,0001193125-05-174825
789019,PERIODIC_REPORT,2005-04-28,10-Q,0001193125-05-088562
789019,PERIODIC_REPORT,2005-01-27,10-Q,0001193125-05-013133
789019,PERIODIC_REPORT,2004-11-09,10-Q,0001193125-04-189841
789019,PERIODIC_REPORT,2004-09-01,10-K,0001193125-04-150689
789019,PERIODIC_REPORT,2004-05-03,10-Q,0001193125-04-076795
789019,PERIODIC_REPORT,2004-02-06,10-Q,0001193125-04-016249
789019,PERIODIC_REPORT,2003-11-13,10-Q,0001193125-03-080353
789019,PERIODIC_REPORT,2003-09-05,10-K,0001193125-03-045632
789019,PERIODIC_REPORT,2003-05-12,10-Q,0001032210-03-000809
789019,PERIODIC_REPORT,2003-01-31,10-Q,0001032210-03-000121
789019,PERIODIC_REPORT,2002-11-14,10-Q,0001032210-02-001614
789019,PERIODIC_REPORT,2002-09-06,10-K,0001032210-02-001351
789019,PERIODIC_REPORT,2002-04-30,10-Q,0001032210-02-000709
789019,PERIODIC_REPORT,2002-03-25,10-Q/A,0001032210-02-000454
789019,PERIODIC_REPORT,2002-03-25,10-Q/A,0001032210-02-000453
789019,PERIODIC_REPORT,2002-02-08,10-Q,0001032210-02-000132
789019,PERIODIC_REPORT,2001-10-26,10-Q,0001032210-01-501233
789019,PERIODIC_REPORT,2001-09-18,10-K,0001032210-01-501099
789019,PERIODIC_REPORT,2001-05-15,10-Q,0001032210-01-500604
789019,PERIODIC_REPORT,2001-02-14,10-Q,0001032210-01-000273
789019,PERIODIC_REPORT,2000-11-14,10-Q,0001032210-00-500038
789019,PERIODIC_REPORT,2000-09-28,10-K,0001032210-00-001961
789019,PERIODIC_REPORT,2000-05-12,10-Q,0001032210-00-001019
789019,PERIODIC_REPORT,2000-02-11,10-Q,0001032210-00-000218
789019,PERIODIC_REPORT,1999-11-05,10-Q,0001032210-99-001526
789019,PERIODIC_REPORT,1999-09-28,10-K,0001032210-99-001375
789019,PERIODIC_REPORT,1999-05-14,10-Q,0001032210-99-000791
789019,PERIODIC_REPORT,1999-02-12,10-Q,0001032210-99-000191
789019,PERIODIC_REPORT,1998-11-12,10-Q,0001032210-98-001218
789019,PERIODIC_REPORT,1998-09-25,10-K,0001032210-98-001067
789019,PERIODIC_REPORT,1998-06-03,10-Q/A,0001032210-98-000581
789019,PERIODIC_REPORT,1998-05-15,10-Q,0001032210-98-000519
789019,PERIODIC_REPORT,1998-02-17,10-Q,0001032210-98-000171
789019,PERIODIC_REPORT,1997-10-29,10-Q,0000898430-97-004575
789019,PERIODIC_REPORT,1997-09-29,10-K,0001017062-97-001764
789019,PERIODIC_REPORT,1997-05-15,10-Q,0000891020-97-000879
789019,PERIODIC_REPORT,1997-02-14,10-Q,0000891020-97-000207
789019,LISTING_REGISTRATION,1997-02-14,8-A12G/A,0000891020-97-000195
789019,LISTING_REGISTRATION,1996-12-16,8-A12G,0000891020-96-001565
789019,PERIODIC_REPORT,1996-11-14,10-Q,0000891020-96-001463
789019,PERIODIC_REPORT,1996-09-27,10-K,0000891020-96-001130
789019,PERIODIC_REPORT,1996-05-15,10-Q,0000891020-96-000492
789019,PERIODIC_REPORT,1996-02-13,10-Q,0000891020-96-000086
789019,PERIODIC_REPORT,1995-11-14,10-Q,0000891020-95-000534
789019,PERIODIC_REPORT,1995-09-25,10-K,0000891020-95-000433
789019,PERIODIC_REPORT,1995-05-12,10-Q,0000891020-95-000161
789019,PERIODIC_REPORT,1995-02-14,10-Q,0000891020-95-000027
789019,PERIODIC_REPORT,1994-11-16,10-Q/A,0000891020-94-000200
789019,PERIODIC_REPORT,1994-11-14,10-Q,0000891020-94-000198
789019,PERIODIC_REPORT,1994-09-27,10-K,0000891020-94-000175
789019,PERIODIC_REPORT,1994-05-03,10-Q,0000891020-94-000070
789019,PERIODIC_REPORT,1994-02-14,10-Q,0000950109-94-000252
789019,FIRST_EDGAR_FILING,1994-02-14,,
1045810,PERIODIC_REPORT,2026-08-26,10-Q,0001045810-26-000075
1045810,PERIODIC_REPORT,2026-05-20,10-Q,0001045810-26-000052
1045810,PERIODIC_REPORT,2026-02-25,10-K,0001045810-26-000021
1045810,PERIODIC_REPORT,2025-11-19,10-Q,0001045810-25-000230
1045810,PERIODIC_REPORT,2025-08-27,10-Q,0001045810-25-000209
1045810,PERIODIC_REPORT,2025-05-28,10-Q,0001045810-25-000116
1045810,PERIODIC_REPORT,2025-02-26,10-K,0001045810-25-000023
1045810,PERIODIC_REPORT,2024-11-20,10-Q,0001045810-24-000316
1045810,PERIODIC_REPORT,2024-08-28,10-Q,0001045810-24-000264
1045810,PERIODIC_REPORT,2024-05-29,10-Q,0001045810-24-000124
1045810,PERIODIC_REPORT,2024-02-21,10-K,0001045810-24-000029
1045810,PERIODIC_REPORT,2023-11-21,10-Q,0001045810-23-000227
1045810,PERIODIC_REPORT,2023-08-28,10-Q,0001045810-23-000175
1045810,PERIODIC_REPORT,2023-05-26,10-Q,0001045810-23-000093
1045810,PERIODIC_REPORT,2023-02-24,10-K,0001045810-23-000017
1045810,PERIODIC_REPORT,2022-11-18,10-Q,0001045810-22-000166
1045810,PERIODIC_REPORT,2022-08-31,10-Q,0001045810-22-000147
1045810,PERIODIC_REPORT,2022-05-27,10-Q,0001045810-22-000079
1045810,PERIODIC_REPORT,2022-03-18,10-K,0001045810-22-000036
1045810,PERIODIC_REPORT,2021-11-22,10-Q,0001045810-21-000163
1045810,PERIODIC_REPORT,2021-08-20,10-Q,0001045810-21-000131
1045810,PERIODIC_REPORT,2021-05-26,10-Q,0001045810-21-000064
1045810,PERIODIC_REPORT,2021-02-26,10-K,0001045810-21-000010
1045810,PERIODIC_REPORT,2020-11-18,10-Q,0001045810-20-000189
1045810,PERIODIC_REPORT,2020-08-19,10-Q,0001045810-20-000147
1045810,PERIODIC_REPORT,2020-05-21,10-Q,0001045810-20-000065
1045810,PERIODIC_REPORT,2020-02-20,10-K,0001045810-20-000010
1045810,PERIODIC_REPORT,2019-11-14,10-Q,0001045810-19-000170
1045810,PERIODIC_REPORT,2019-08-15,10-Q,0001045810-19-000144
1045810,PERIODIC_REPORT,2019-05-16,10-Q,0001045810-19-000079
1045810,PERIODIC_REPORT,2019-02-21,10-K,0001045810-19-000023
1045810,PERIODIC_REPORT,2018-11-15,10-Q,0001045810-18-000150
1045810,PERIODIC_REPORT,2018-08-16,10-Q,0001045810-18-000114
1045810,PERIODIC_REPORT,2018-05-22,10-Q,0001045810-18-000080
1045810,PERIODIC_REPORT,2018-02-28,10-K,0001045810-18-000010
1045810,PERIODIC_REPORT,2017-11-21,10-Q,0001045810-17-000172
1045810,PERIODIC_REPORT,2017-08-23,10-Q,0001045810-17-000123
1045810,PERIODIC_REPORT,2017-05-23,10-Q,0001045810-17-000075
1045810,PERIODIC_REPORT,2017-03-01,10-K,0001045810-17-000027
1045810,PERIODIC_REPORT,2016-11-22,10-Q,0001045810-16-000353
1045810,PERIODIC_REPORT,2016-08-23,10-Q,0001045810-16-000300
1045810,PERIODIC_REPORT,2016-05-25,10-Q,0001045810-16-000275
1045810,PERIODIC_REPORT,2016-03-17,10-K,0001045810-16-000205
1045810,PERIODIC_REPORT,2015-11-18,10-Q,0001045810-15-000173
1045810,PERIODIC_REPORT,2015-08-19,10-Q,0001045810-15-000143
1045810,PERIODIC_REPORT,2015-05-20,10-Q,0001045810-15-000097
1045810,PERIODIC_REPORT,2015-03-12,10-K,0001045810-15-000036
1045810,PERIODIC_REPORT,2014-11-19,10-Q,0001045810-14-000188
1045810,PERIODIC_REPORT,2014-08-20,10-Q,0001045810-14-000158
1045810,PERIODIC_REPORT,2014-05-21,10-Q,0001045810-14-000085
1045810,PERIODIC_REPORT,2014-03-13,10-K,0001045810-14-000030
1045810,PERIODIC_REPORT,2013-11-19,10-Q,0001045810-13-000109
1045810,PERIODIC_REPORT,2013-08-21,10-Q,0001045810-13-000075
1045810,PERIODIC_REPORT,2013-05-22,10-Q,0001045810-13-000054
1045810,PERIODIC_REPORT,2013-03-12,10-K,0001045810-13-000008
1045810,PERIODIC_REPORT,2012-11-19,10-Q,0001045810-12-000060
1045810,PERIODIC_REPORT,2012-08-22,10-Q,0001045810-12-000036
1045810,PERIODIC_REPORT,2012-05-23,10-Q,0001045810-12-000027
1045810,PERIODIC_REPORT,2012-03-13,10-K,0001045810-12-000013
1045810,PERIODIC_REPORT,2011-11-22,10-Q,0001045810-11-000056
1045810,PERIODIC_REPORT,2011-08-25,10-Q,0001045810-11-000046
1045810,PERIODIC_REPORT,2011-05-27,10-Q,0001045810-11-000031
1045810,PERIODIC_REPORT,2011-03-16,10-K,0001045810-11-000015
1045810,PERIODIC_REPORT,2010-12-07,10-Q,0001045810-10-000045
1045810,PERIODIC_REPORT,2010-08-30,10-Q,0001045810-10-000029
1045810,PERIODIC_REPORT,2010-05-21,10-Q,0001045810-10-000018
1045810,PERIODIC_REPORT,2010-03-18,10-K,0001045810-10-000006
1045810,PERIODIC_REPORT,2009-11-19,10-Q,0001045810-09-000036
1045810,PERIODIC_REPORT,2009-08-20,10-Q,0001045810-09-000024
1045810,PERIODIC_REPORT,2009-05-20,10-Q,0001045810-09-000017
1045810,PERIODIC_REPORT,2009-03-13,10-K,0001045810-09-000013
1045810,PERIODIC_REPORT,2008-12-02,10-Q,0001045810-08-000030
1045810,PERIODIC_REPORT,2008-08-21,10-Q,0001045810-08-000020
1045810,PERIODIC_REPORT,2008-05-22,10-Q,0001045810-08-000016
1045810,PERIODIC_REPORT,2008-03-21,10-K,0001045810-08-000011
1045810,PERIODIC_REPORT,2007-11-21,10-Q,0001045810-07-000053
1045810,PERIODIC_REPORT,2007-08-22,10-Q,0001045810-07-000045
1045810,PERIODIC_REPORT,2007-05-24,10-Q,0001045810-07-000019
1045810,PERIODIC_REPORT,2007-03-16,10-K,0001045810-07-000008
1045810,PERIODIC_REPORT,2006-12-07,10-Q,0001045810-06-000035
1045810,PERIODIC_REPORT,2006-11-29,10-Q,0001193125-06-243229
1045810,PERIODIC_REPORT,2006-11-29,10-Q/A,0001193125-06-243226
1045810,PERIODIC_REPORT,2006-11-29,10-K/A,0001193125-06-243224
1045810,PERIODIC_REPORT,2006-05-31,10-Q,0001045810-06-000023
1045810,PERIODIC_REPORT,2006-03-16,10-K,0001045810-06-000014
1045810,PERIODIC_REPORT,2005-11-23,10-Q,0001045810-05-000028
1045810,PERIODIC_REPORT,2005-08-25,10-Q,0001045810-05-000024
1045810,PERIODIC_REPORT,2005-06-02,10-Q,0001045810-05-000020
1045810,PERIODIC_REPORT,2005-03-22,10-K,0001045810-05-000008
1045810,PERIODIC_REPORT,2004-11-22,10-Q,0001045810-04-000034
1045810,PERIODIC_REPORT,2004-08-19,10-Q,0001045810-04-000023
1045810,PERIODIC_REPORT,2004-05-20,10-Q,0001045810-04-000015
1045810,PERIODIC_REPORT,2004-05-20,10-K/A,0001045810-04-000014
1045810,PERIODIC_REPORT,2004-03-29,10-K,0001045810-04-000007
1045810,PERIODIC_REPORT,2003-11-21,10-Q,0001045810-03-000010
1045810,PERIODIC_REPORT,2003-09-09,10-Q,0001193125-03-047111
1045810,PERIODIC_REPORT,2003-05-22,10-Q,0001012870-03-002787
1045810,PERIODIC_REPORT,2003-04-25,10-K,0001045969-03-001196
1045810,PERIODIC_REPORT,2002-12-10,10-Q,0001012870-02-004623
1045810,PERIODIC_REPORT,2002-09-10,10-Q,0001012870-02-003728
1045810,PERIODIC_REPORT,2002-07-03,10-Q/A,0001012870-02-002921
1045810,PERIODIC_REPORT,2002-06-10,10-Q,0001012870-02-002660
1045810,PERIODIC_REPORT,2002-05-14,10-K,0001012870-02-002262
1045810,PERIODIC_REPORT,2001-11-23,10-Q,0001012870-01-502932
1045810,PERIODIC_REPORT,2001-09-10,10-Q,0001012870-01-501827
1045810,PERIODIC_REPORT,2001-06-12,10-Q,0001012870-01-501180
1045810,PERIODIC_REPORT,2001-05-25,10-K405/A,0001012870-01-501023
1045810,PERIODIC_REPORT,2001-04-27,10-K405,0001012870-01-500492
1045810,PERIODIC_REPORT,2000-12-08,10-Q,0001012870-00-006127
1045810,PERIODIC_REPORT,2000-09-13,10-Q,0001012870-00-004766
1045810,PERIODIC_REPORT,2000-06-14,10-Q,0001012870-00-003358
1045810,PERIODIC_REPORT,2000-03-13,10-K405,0001012870-00-001346
1045810,PERIODIC_REPORT,1999-12-10,10-Q,0001012870-99-004592
1045810,PERIODIC_REPORT,1999-09-10,10-Q,0000898430-99-003541
1045810,PERIODIC_REPORT,1999-06-15,10-Q,0001012870-99-001954
1045810,PERIODIC_REPORT,1999-04-29,10-K405,0000929624-99-000772
1045810,IPO_PRICING,1999-01-22,424B4,0001012870-99-000192
1045810,IPO_REGISTRATION,1999-01-22,S-1MEF,0001012870-99-000186
1045810,IPO_REGISTRATION,1999-01-20,S-1/A,0000898430-99-000180
1045810,IPO_REGISTRATION,1999-01-13,S-1/A,0001012870-99-000100
1045810,LISTING_REGISTRATION,1999-01-12,8-A12G,0001012870-99-000093
1045810,IPO_REGISTRATION,1998-12-23,S-1/A,0001012870-98-003234
1045810,IPO_REGISTRATION,1998-11-20,S-1/A,0001012870-98-003021
1045810,IPO_REGISTRATION,1998-07-27,S-1/A,0000929624-98-001285
1045810,IPO_REGISTRATION,1998-06-08,S-1/A,0001012870-98-001519
1045810,IPO_REGISTRATION,1998-04-24,S-1/A,0001012870-98-001089
1045810,LISTING_REGISTRATION,1998-04-03,8-A12G,0001032210-98-000344
1045810,LISTING_REGISTRATION,1998-03-23,8-A12B,0001012870-98-000716
1045810,IPO_REGISTRATION,1998-03-06,S-1,0001012870-98-000618
1045810,FIRST_EDGAR_FILING,1998-03-06,,
19617,PERIODIC_REPORT,2026-08-06,10-Q,0001628280-26-054343
19617,PERIODIC_REPORT,2026-05-01,10-Q,0001628280-26-029344
19617,PERIODIC_REPORT,2026-02-13,10-K,0001628280-26-008131
19617,PERIODIC_REPORT,2025-11-04,10-Q,0001628280-25-048859
19617,PERIODIC_REPORT,2025-08-05,10-Q,0000019617-25-000615
19617,PERIODIC_REPORT,2025-05-01,10-Q,0000019617-25-000421
19617,LISTING_REGISTRATION,2025-03-20,8-A12B,0001213900-25-025257
19617,PERIODIC_REPORT,2025-02-14,10-K,0000019617-25-000270
19617,PERIODIC_REPORT,2024-10-30,10-Q,0000019617-24-000611
19617,PERIODIC_REPORT,2024-08-02,10-Q,0000019617-24-000453
19617,DELISTING_NOTICE,2024-05-24,25-NSE,0001143362-24-000165
19617,PERIODIC_REPORT,2024-05-01,10-Q,0000019617-24-000326
19617,PERIODIC_REPORT,2024-02-16,10-K,0000019617-24-000225
19617,LISTING_REGISTRATION,2024-01-26,8-A12B,0000950103-24-001155
19617,PERIODIC_REPORT,2023-11-01,10-Q,0000019617-23-000524
19617,PERIODIC_REPORT,2023-08-03,10-Q,0000019617-23-000432
19617,PERIODIC_REPORT,2023-05-03,10-Q,0000019617-23-000310
19617,PERIODIC_REPORT,2023-02-21,10-K,0000019617-23-000231
19617,PERIODIC_REPORT,2022-11-03,10-Q,0000019617-22-000492
19617,PERIODIC_REPORT,2022-08-03,10-Q,0000019617-22-000422
19617,PERIODIC_REPORT,2022-05-03,10-Q,0000019617-22-000319
19617,PERIODIC_REPORT,2022-02-22,10-K,0000019617-22-000272
19617,PERIODIC_REPORT,2021-11-02,10-Q,0000019617-21-000458
19617,DELISTING_NOTICE,2021-10-26,25-NSE,0000876661-21-001538
19617,PERIODIC_REPORT,2021-08-02,10-Q,0000019617-21-000373
19617,LISTING_REGISTRATION,2021-07-29,8-A12B,0001193125-21-229320
19617,LISTING_REGISTRATION,2021-06-09,8-A12B,0000950103-21-008563
19617,DEREGISTRATION,2021-06-02,15-12B,0001193125-21-179940
19617,DEREGISTRATION,2021-06-02,15-12B,0001193125-21-179937
19617,DELISTING_NOTICE,2021-06-01,25-NSE,0000876661-21-000810
19617,DELISTING_NOTICE,2021-06-01,25-NSE,0000876661-21-000808
19617,LISTING_REGISTRATION,2021-05-20,8-A12B,0001193125-21-167902
19617,PERIODIC_REPORT,2021-05-04,10-Q,0000019617-21-000292
19617,LISTING_REGISTRATION,2021-03-17,8-A12B,0001193125-21-084227
19617,PERIODIC_REPORT,2021-02-23,10-K,0000019617-21-000236
19617,PERIODIC_REPORT,2020-11-02,10-Q,0000019617-20-000438
19617,PERIODIC_REPORT,2020-08-03,10-Q,0000019617-20-000372
19617,PERIODIC_REPORT,2020-05-07,10-Q,0000019617-20-000299
19617,DEREGISTRATION,2020-03-03,15-12B,0001193125-20-060450
19617,DELISTING_NOTICE,2020-03-02,25-NSE,0000876661-20-000162
19617,PERIODIC_REPORT,2020-02-25,10-K,0000019617-20-000257
19617,DELISTING_NOTICE,2020-01-15,25-NSE,0001143362-20-000013
19617,DEREGISTRATION,2019-12-02,15-12B,0001193125-19-304291
19617,DELISTING_NOTICE,2019-12-02,25-NSE,0000876661-19-001206
19617,LISTING_REGISTRATION,2019-11-07,8-A12B,0001193125-19-287426
19617,PERIODIC_REPORT,2019-11-04,10-Q,0000019617-19-000232
19617,DEREGISTRATION,2019-09-05,15-12B,0001193125-19-238907
19617,DELISTING_NOTICE,2019-09-03,25-NSE,0000876661-19-000904
19617,PERIODIC_REPORT,2019-08-06,10-Q,0000019617-19-000127
19617,PERIODIC_REPORT,2019-05-02,10-Q,0000019617-19-000067
19617,DEREGISTRATION,2019-03-05,15-12B,0001193125-19-064071
19617,DEREGISTRATION,2019-03-05,15-12B,0001193125-19-064048
19617,DELISTING_NOTICE,2019-03-01,25-NSE,0000876661-19-000164
19617,PERIODIC_REPORT,2019-02-26,10-K,0000019617-19-000054
19617,LISTING_REGISTRATION,2019-01-24,8-A12B,0001193125-19-015947
19617,PERIODIC_REPORT,2018-10-31,10-Q,0000019617-18-000206
19617,DELISTING_NOTICE,2018-10-24,25-NSE,0000876661-18-001126
19617,LISTING_REGISTRATION,2018-09-21,8-A12B,0001193125-18-279716
19617,PERIODIC_REPORT,2018-08-01,10-Q,0000019617-18-000151
19617,PERIODIC_REPORT,2018-05-02,10-Q,0000019617-18-000092
19617,PERIODIC_REPORT,2018-02-27,10-K,0000019617-18-000057
19617,DEREGISTRATION,2017-12-12,15-12B,0001193125-17-367487
19617,DELISTING_NOTICE,2017-12-01,25-NSE,0000876661-17-000735
19617,PERIODIC_REPORT,2017-11-01,10-Q,0000019617-17-000552
19617,PERIODIC_REPORT,2017-08-02,10-Q,0000019617-17-000486
19617,LISTING_REGISTRATION,2017-06-12,8-A12B,0000950103-17-005653
19617,PERIODIC_REPORT,2017-05-02,10-Q,0000019617-17-000364
19617,PERIODIC_REPORT,2017-02-28,10-K,0000019617-17-000314
19617,PERIODIC_REPORT,2016-11-01,10-Q,0000019617-16-001150
19617,PERIODIC_REPORT,2016-08-03,10-Q,0000019617-16-001056
19617,PERIODIC_REPORT,2016-04-29,10-Q,0000019617-16-000960
19617,LISTING_REGISTRATION,2016-04-19,8-A12B,0000950103-16-012699
19617,PERIODIC_REPORT,2016-02-23,10-K,0000019617-16-000902
19617,PERIODIC_REPORT,2015-11-02,10-Q,0000019617-15-000464
19617,PERIODIC_REPORT,2015-08-03,10-Q,0000019617-15-000367
19617,LISTING_REGISTRATION,2015-07-29,8-A12B,0001193125-15-268401
19617,LISTING_REGISTRATION,2015-06-04,8-A12B,0001193125-15-213220
19617,PERIODIC_REPORT,2015-05-05,10-Q,0000019617-15-000318
19617,PERIODIC_REPORT,2015-02-24,10-K,0000019617-15-000272
19617,LISTING_REGISTRATION,2015-02-12,8-A12B,0001193125-15-046421
19617,PERIODIC_REPORT,2014-11-03,10-Q,0000019617-14-000451
19617,PERIODIC_REPORT,2014-08-04,10-Q,0000019617-14-000409
19617,LISTING_REGISTRATION,2014-06-23,8-A12B,0001193125-14-244984
19617,DELISTING_NOTICE,2014-05-20,25-NSE,0001143362-14-000071
19617,PERIODIC_REPORT,2014-05-02,10-Q,0000019617-14-000339
19617,PERIODIC_REPORT,2014-02-20,10-K,0000019617-14-000289
19617,LISTING_REGISTRATION,2014-01-30,8-A12B,0001193125-14-028287
19617,PERIODIC_REPORT,2013-11-01,10-Q,0000019617-13-000400
19617,DEREGISTRATION,2013-10-30,15-12B,0001193125-13-418521
19617,DELISTING_NOTICE,2013-09-30,25,0000950103-13-005685
19617,DELISTING_NOTICE,2013-09-30,25,0000950103-13-005669
19617,DELISTING_NOTICE,2013-09-24,25-NSE,0000876661-13-000728
19617,PERIODIC_REPORT,2013-08-07,10-Q,0000019617-13-000354
19617,DELISTING_NOTICE,2013-05-13,25-NSE,0000876661-13-000328
19617,DELISTING_NOTICE,2013-05-13,25-NSE,0000876661-13-000324
19617,PERIODIC_REPORT,2013-05-08,10-Q,0000019617-13-000300
19617,PERIODIC_REPORT,2013-02-28,10-K,0000019617-13-000221
19617,LISTING_REGISTRATION,2013-02-05,8-A12B,0001193125-13-038458
19617,DELISTING_NOTICE,2012-12-04,25-NSE,0001143362-12-000114
19617,PERIODIC_REPORT,2012-11-08,10-Q,0000019617-12-000308
19617,LISTING_REGISTRATION,2012-08-27,8-A12B,0001193125-12-369700
19617,PERIODIC_REPORT,2012-08-09,10-Q,0000019617-12-000264
19617,PERIODIC_REPORT,2012-08-09,10-Q/A,0000019617-12-000262
19617,DELISTING_NOTICE,2012-07-27,25-NSE,0000876661-12-000454
19617,DELISTING_NOTICE,2012-07-12,25-NSE,0000876661-12-000384
19617,DELISTING_NOTICE,2012-07-12,25-NSE,0000876661-12-000382
19617,PERIODIC_REPORT,2012-05-10,10-Q,0000019617-12-000213
19617,PERIODIC_REPORT,2012-02-29,10-K,0000019617-12-000163
19617,PERIODIC_REPORT,2011-11-04,10-Q,0000019617-11-000264
19617,PERIODIC_REPORT,2011-08-05,10-Q,0001193125-11-212045
19617,PERIODIC_REPORT,2011-05-06,10-Q,0000950123-11-045948
19617,PERIODIC_REPORT,2011-02-28,10-K,0000950123-11-019773
19617,PERIODIC_REPORT,2010-11-09,10-Q,0000950123-10-102689
19617,DELISTING_NOTICE,2010-10-18,25-NSE,0001143313-10-000166
19617,LISTING_REGISTRATION,2010-10-04,8-A12B,0000950103-10-002860
19617,LISTING_REGISTRATION,2010-10-04,8-A12B,0000950103-10-002859
19617,DELISTING_NOTICE,2010-08-20,25-NSE,0000876661-10-000291
19617,DELISTING_NOTICE,2010-08-20,25-NSE,0000876661-10-000290
19617,DELISTING_NOTICE,2010-08-20,25-NSE,0000876661-10-000289
19617,PERIODIC_REPORT,2010-08-06,10-Q,0000950123-10-074254
19617,DEREGISTRATION,2010-05-21,15-15D,0000019617-10-000251
19617,DEREGISTRATION,2010-05-21,15-15D,0000019617-10-000250
19617,DEREGISTRATION,2010-05-19,15-15D,0000019617-10-000244
19617,DEREGISTRATION,2010-05-18,15-12B,0000019617-10-000238
19617,PERIODIC_REPORT,2010-05-10,10-Q,0000950123-10-047138
19617,DEREGISTRATION,2010-04-01,15-12G,0000019617-10-000193
19617,DEREGISTRATION,2010-04-01,15-12B,0000019617-10-000189
19617,LISTING_REGISTRATION,2010-04-01,8-A12B,0000019617-10-000185
19617,PERIODIC_REPORT,2010-02-24,10-K,0000950123-10-016029
19617,DELISTING_NOTICE,2010-01-20,25-NSE,0001143313-10-000012
19617,LISTING_REGISTRATION,2009-12-22,8-A12B,0000019617-09-001264
19617,LISTING_REGISTRATION,2009-12-11,8-A12B,0001193125-09-251114
19617,PERIODIC_REPORT,2009-11-09,10-Q,0000950123-09-060099
19617,PERIODIC_REPORT,2009-08-10,10-Q,0000950123-09-032832
19617,DELISTING_NOTICE,2009-07-07,25-NSE,0001143313-09-000122
19617,DELISTING_NOTICE,2009-06-03,25,0000950103-09-001313
19617,LISTING_REGISTRATION,2009-05-20,8-A12B,0000950103-09-001156
19617,PERIODIC_REPORT,2009-05-07,10-Q,0000950123-09-008271
19617,LISTING_REGISTRATION,2009-04-01,8-A12B,0000950103-09-000719
19617,DELISTING_NOTICE,2009-04-01,25-NSE,0001143313-09-000041
19617,PERIODIC_REPORT,2009-03-02,10-K,0000950123-09-003840
19617,DELISTING_NOTICE,2009-01-23,25-NSE,0001143313-09-000006
19617,DELISTING_NOTICE,2009-01-16,25-NSE,0000876661-09-000074
19617,DELISTING_NOTICE,2008-12-08,25-NSE,0000876661-08-000524
19617,PERIODIC_REPORT,2008-11-07,10-Q,0000950123-08-014621
19617,DELISTING_NOTICE,2008-11-06,25-NSE,0001143313-08-000199
19617,LISTING_REGISTRATION,2008-10-21,8-A12B,0000891092-08-005114
19617,DELISTING_NOTICE,2008-10-21,25,0000891092-08-005113
19617,DELISTING_NOTICE,2008-09-23,25-NSE,0001143313-08-000172
19617,LISTING_REGISTRATION,2008-08-21,8-A12B,0000019617-08-000382
19617,DELISTING_NOTICE,2008-08-19,25-NSE,0000876661-08-000326
19617,PERIODIC_REPORT,2008-08-11,10-Q,0000950123-08-009300
19617,LISTING_REGISTRATION,2008-05-21,8-A12B,0000891092-08-002705
19617,LISTING_REGISTRATION,2008-05-15,8-A12B,0000019617-08-000321
19617,PERIODIC_REPORT,2008-05-12,10-Q,0000950123-08-005523
19617,DELISTING_NOTICE,2008-03-17,25-NSE,0001143313-08-000047
19617,PERIODIC_REPORT,2008-02-29,10-K,0001193125-08-043536
19617,DELISTING_NOTICE,2007-11-29,25-NSE,0001143313-07-000209
19617,PERIODIC_REPORT,2007-11-09,10-Q,0000950123-07-015226
19617,PERIODIC_REPORT,2007-08-09,10-Q,0000950123-07-011115
19617,LISTING_REGISTRATION,2007-08-01,8-A12B,0000019617-07-000594
19617,PERIODIC_REPORT,2007-05-10,10-Q,0000950123-07-007195
19617,PERIODIC_REPORT,2007-03-01,10-K,0000950123-07-003015
19617,PERIODIC_REPORT,2006-11-08,10-Q,0000950123-06-013738
19617,LISTING_REGISTRATION,2006-09-28,8-A12B,0000019617-06-000515
19617,PERIODIC_REPORT,2006-08-09,10-Q,0000950123-06-010232
19617,PERIODIC_REPORT,2006-08-03,10-Q/A,0000950123-06-009855
19617,PERIODIC_REPORT,2006-08-03,10-K/A,0000950123-06-009854
19617,PERIODIC_REPORT,2006-06-22,10-K/A,0000950123-06-008545
19617,PERIODIC_REPORT,2006-05-08,10-Q,0000950123-06-005892
19617,DELISTING_NOTICE,2006-04-04,25,9999999997-06-015618
19617,DEREGISTRATION,2006-04-03,15-12B,0000019617-06-000295
19617,PERIODIC_REPORT,2006-03-09,10-K,0000950123-06-002875
19617,DEREGISTRATION,2006-02-07,15-12B,0000019617-06-000142
19617,DELISTING_NOTICE,2006-01-20,25,9999999997-06-002947
19617,PERIODIC_REPORT,2005-11-09,10-Q,0000950123-05-013293
19617,DEREGISTRATION,2005-08-17,15-12B,0000019617-05-000496
19617,PERIODIC_REPORT,2005-08-08,10-Q,0000950123-05-009556
19617,DELISTING_NOTICE,2005-08-05,25,9999999997-05-035332
19617,DEREGISTRATION,2005-08-01,15-12B,0000019617-05-000447
19617,PERIODIC_REPORT,2005-06-28,10-K/A,9999999997-05-030472
19617,LISTING_REGISTRATION,2005-05-27,8-A12B,0001193125-05-116023
19617,PERIODIC_REPORT,2005-05-05,10-Q,0000950123-05-005702
19617,PERIODIC_REPORT,2005-03-02,10-K,0000950123-05-002539
19617,DEREGISTRATION,2005-01-03,15-12B,0000019617-05-000002
19617,PERIODIC_REPORT,2004-11-09,10-Q,0000950123-04-013301
19617,LISTING_REGISTRATION,2004-09-28,8-A12B,0001193125-04-163278
19617,LISTING_REGISTRATION,2004-09-28,8-A12B,0000950103-04-001365
19617,LISTING_REGISTRATION,2004-09-16,8-A12B,0000950103-04-001320
19617,DELISTING_NOTICE,2004-08-25,25,9999999997-04-036432
19617,PERIODIC_REPORT,2004-08-09,10-Q,0000950123-04-009466
19617,LISTING_REGISTRATION,2004-07-01,8-A12B,0001193125-04-112512
19617,PERIODIC_REPORT,2004-06-28,10-K/A,9999999997-04-028305
19617,LISTING_REGISTRATION,2004-06-25,8-A12B,0000950103-04-000880
19617,PERIODIC_REPORT,2004-05-10,10-Q,0000950123-04-006069
19617,LISTING_REGISTRATION,2004-03-25,8-A12B,0000950103-04-000437
19617,PERIODIC_REPORT,2004-02-18,10-K,0000950123-04-002022
19617,LISTING_REGISTRATION,2003-12-16,8-A12B,0000950103-03-002376
19617,PERIODIC_REPORT,2003-11-12,10-Q,0000950123-03-012552
19617,LISTING_REGISTRATION,2003-10-28,8-A12B,0000950103-03-002078
19617,LISTING_REGISTRATION,2003-09-15,8-A12B,0000950103-03-001862
19617,DELISTING_NOTICE,2003-08-22,25,9999999997-03-036592
19617,PERIODIC_REPORT,2003-08-12,10-Q,0000950123-03-009298
19617,DELISTING_NOTICE,2003-07-21,25,9999999997-03-035999
19617,PERIODIC_REPORT,2003-06-30,10-K/A,9999999997-03-028080
19617,PERIODIC_REPORT,2003-05-14,10-Q,0000950123-03-005885
19617,PERIODIC_REPORT,2003-03-19,10-K,0000950123-03-002985
19617,LISTING_REGISTRATION,2003-03-07,8-A12B,0000950103-03-000692
19617,DELISTING_NOTICE,2003-02-12,25,9999999997-03-044544
19617,LISTING_REGISTRATION,2002-11-22,8-A12B,0000950103-02-001243
19617,PERIODIC_REPORT,2002-11-14,10-Q,0000950123-02-010925
19617,PERIODIC_REPORT,2002-08-12,10-Q,0000950123-02-007716
19617,PERIODIC_REPORT,2002-06-28,10-K/A,9999999997-02-037872
19617,PERIODIC_REPORT,2002-05-15,10-Q,0000950123-02-005335
19617,PERIODIC_REPORT,2002-03-22,10-K405,0000950123-02-002823
19617,DELISTING_NOTICE,2002-03-13,25,9999999997-03-044542
19617,LISTING_REGISTRATION,2002-01-31,8-A12B,0000950136-02-000269
19617,PERIODIC_REPORT,2001-11-14,10-Q,0000950123-01-508483
19617,PERIODIC_REPORT,2001-08-14,10-Q,0000950123-01-505613
19617,PERIODIC_REPORT,2001-05-15,10-Q,0000950123-01-502582
19617,PERIODIC_REPORT,2001-03-22,10-K405,0000950123-01-002499
19617,LISTING_REGISTRATION,2001-03-16,8-A12B,0000950103-01-500486
19617,LISTING_REGISTRATION,2001-02-06,8-A12B,0000950123-01-000875
19617,LISTING_REGISTRATION,2000-12-20,8-A12B,0000950123-00-011665
19617,LISTING_REGISTRATION,2000-12-20,8-A12B,0000950123-00-011656
19617,PERIODIC_REPORT,2000-11-14,10-Q,0000950123-00-010650
19617,PERIODIC_REPORT,2000-08-14,10-Q,0000950123-00-007613
19617,LISTING_REGISTRATION,2000-07-27,8-A12B,0000950123-00-006834
19617,PERIODIC_REPORT,2000-06-28,10-K/A,0000019617-00-000125
19617,PERIODIC_REPORT,2000-05-15,10-Q,0000950123-00-005093
19617,PERIODIC_REPORT,2000-03-13,10-K,0000950123-00-002204
19617,PERIODIC_REPORT,1999-11-08,10-Q,0000950123-99-009858
19617,PERIODIC_REPORT,1999-08-16,10-Q,0000950123-99-007718
19617,PERIODIC_REPORT,1999-06-29,10-K/A,0000950123-99-006055
19617,LISTING_REGISTRATION,1999-05-21,8-A12B,0000950123-99-005039
19617,PERIODIC_REPORT,1999-05-17,10-Q,0000950123-99-004856
19617,PERIODIC_REPORT,1999-03-11,10-K405,0000950123-99-002057
19617,PERIODIC_REPORT,1998-11-16,10-Q,0000950123-98-010002
19617,PERIODIC_REPORT,1998-08-14,10-Q,0000950123-98-007655
19617,PERIODIC_REPORT,1998-05-15,10-Q,0000950123-98-005185
19617,PERIODIC_REPORT,1998-03-30,10-K405,0000950123-98-003043
19617,LISTING_REGISTRATION,1998-02-24,8-A12B,0000019617-98-000080
19617,LISTING_REGISTRATION,1997-11-26,8-A12B,0000950123-97-009932
19617,PERIODIC_REPORT,1997-11-14,10-Q,0000950123-97-009646
19617,PERIODIC_REPORT,1997-08-14,10-Q,0000950123-97-006938
19617,PERIODIC_REPORT,1997-05-15,10-Q,0000950123-97-004417
19617,LISTING_REGISTRATION,1997-03-26,8-A12G,0000019617-97-000030
19617,PERIODIC_REPORT,1997-03-25,10-K,0000950123-97-002412
19617,PERIODIC_REPORT,1996-11-14,10-Q,0000019617-96-000095
19617,PERIODIC_REPORT,1996-08-14,10-Q,0000019617-96-000063
19617,PERIODIC_REPORT,1996-05-15,10-Q,0000019617-96-000053
19617,PERIODIC_REPORT,1996-03-20,10-K405,0000950123-96-001197
19617,LISTING_REGISTRATION,1996-03-18,8-A12B,0000950123-96-001170
19617,LISTING_REGISTRATION,1996-03-18,8-A12B,0000950123-96-001169
19617,PERIODIC_REPORT,1995-11-14,10-Q,0000019617-95-000123
19617,LISTING_REGISTRATION,1995-08-29,8-A12B/A,0000950123-95-002479
19617,PERIODIC_REPORT,1995-08-14,10-Q,0000019617-95-000097
19617,PERIODIC_REPORT,1995-06-26,10-K/A,0000019617-95-000080
19617,PERIODIC_REPORT,1995-05-15,10-Q,0000019617-95-000042
19617,PERIODIC_REPORT,1995-03-27,10-K405,0000950123-95-000706
19617,PERIODIC_REPORT,1994-11-14,10-Q,0000019617-94-000106
19617,PERIODIC_REPORT,1994-08-15,10-Q,0000950123-94-001353
19617,LISTING_REGISTRATION,1994-06-06,8-A12B,0000019617-94-000057
19617,PERIODIC_REPORT,1994-05-16,10-Q,0000019617-94-000050
19617,PERIODIC_REPORT,1994-05-09,10-K/A,0000019617-94-000048
19617,PERIODIC_REPORT,1994-03-25,10-K,0000950123-94-000607
19617,FIRST_EDGAR_FILING,1994-01-20,,
