1045810,NVDA,NVIDIA CORP,Nasdaq
320193,AAPL,Apple Inc.,Nasdaq
1652044,GOOGL,Alphabet Inc.,Nasdaq
789019,MSFT,MICROSOFT CORP,Nasdaq
1018724,AMZN,AMAZON COM INC,Nasdaq
1730168,AVGO,Broadcom Inc.,Nasdaq
1326801,META,"Meta Platforms, Inc.",Nasdaq
1318605,TSLA,"Tesla, Inc.",Nasdaq
1067983,BRK-B,BERKSHIRE HATHAWAY INC,NYSE
104169,WMT,Walmart Inc.,Nasdaq
59478,LLY,ELI LILLY & Co,NYSE
19617,JPM,JPMORGAN CHASE & CO,NYSE
1403161,V,VISA INC.,NYSE
884394,SPY,SPDR S&P 500 ETF TRUST,NYSE
1341439,ORCL,ORACLE CORP,NYSE
1141391,MA,Mastercard Inc,NYSE
200406,JNJ,JOHNSON & JOHNSON,NYSE
34088,XOM,EXXON MOBIL CORP,NYSE
1321655,PLTR,Palantir Technologies Inc.,Nasdaq
937966,ASML,ASML HOLDING NV,Nasdaq
70858,BAC,BANK OF AMERICA CORP /DE/,NYSE
1065280,NFLX,NETFLIX INC,Nasdaq
1551152,ABBV,AbbVie Inc.,NYSE
909832,COST,COSTCO WHOLESALE CORP /NEW,Nasdaq
1577552,BABA,Alibaba Group Holding Ltd,NYSE
354950,HD,"HOME DEPOT, INC.",NYSE
2488,AMD,ADVANCED MICRO DEVICES INC,Nasdaq
80424,PG,PROCTER & GAMBLE Co,NYSE
40545,GE,GENERAL ELECTRIC CO,NYSE
731766,UNH,UNITEDHEALTH GROUP INC,NYSE
858877,CSCO,"CISCO SYSTEMS, INC.",Nasdaq
21344,KO,COCA COLA CO,NYSE
93410,CVX,CHEVRON CORP,NYSE
2070829,CYATY,"Contemporary Amperex Technology Co., Limited/ADR",OTC
72971,WFC,WELLS FARGO & COMPANY/MN,NYSE
51143,IBM,INTERNATIONAL BUSINESS MACHINES CORP,NYSE
1000184,SAP,SAP SE,NYSE
895421,MS,MORGAN STANLEY,NYSE
18230,CAT,CATERPILLAR INC,NYSE
901832,AZN,ASTRAZENECA PLC,Nasdaq
1094517,TM,TOYOTA MOTOR CORP/,NYSE
723125,MU,MICRON TECHNOLOGY INC,Nasdaq
886982,GS,GOLDMAN SACHS GROUP INC,NYSE
4962,AXP,AMERICAN EXPRESS CO,NYSE
1089113,HSBC,HSBC HOLDINGS PLC,NYSE
1114448,NVS,NOVARTIS AG,NYSE
310158,MRK,"Merck & Co., Inc.",NYSE
1108524,CRM,"Salesforce, Inc.",NYSE
1067839,QQQ,"INVESCO QQQ TRUST, SERIES 1",Nasdaq
101829,RTX,RTX Corp,NYSE
1413329,PM,Philip Morris International Inc.,NYSE
1000275,RY,ROYAL BANK OF CANADA,NYSE
1751008,APP,AppLovin Corp,Nasdaq
63908,MCD,MCDONALDS CORP,NYSE
353278,NVO,NOVO NORDISK A S,NYSE
1283699,TMUS,"T-Mobile US, Inc.",Nasdaq
1800,ABT,ABBOTT LABORATORIES,NYSE
97745,TMO,THERMO FISHER SCIENTIFIC INC.,NYSE
1594805,SHOP,SHOPIFY INC.,Nasdaq
1306965,SHEL,Shell plc,NYSE
77476,PEP,PEPSICO INC,Nasdaq
831001,C,CITIGROUP INC,NYSE
6951,AMAT,APPLIED MATERIALS INC /DE,Nasdaq
707549,LRCX,LAM RESEARCH CORP,Nasdaq
1744489,DIS,Walt Disney Co,NYSE
1707925,LIN,LINDE PLC,Nasdaq
1035267,ISRG,INTUITIVE SURGICAL INC,Nasdaq
804328,QCOM,QUALCOMM INC/DE,Nasdaq
896878,INTU,INTUIT INC.,Nasdaq
1393818,BX,Blackstone Inc.,NYSE
1144967,HDB,HDFC BANK LTD,NYSE
1996810,GEV,GE Vernova Inc.,NYSE
67088,MUFG,MITSUBISHI UFJ FINANCIAL GROUP INC,NYSE
50863,INTC,INTEL CORP,Nasdaq
1373715,NOW,"ServiceNow, Inc.",NYSE
1543151,UBER,"Uber Technologies, Inc",NYSE
732717,T,AT&T INC.,NYSE
316709,SCHW,SCHWAB CHARLES CORP,NYSE
109198,TJX,TJX COMPANIES INC /DE/,NYSE
1075531,BKNG,Booking Holdings Inc.,Nasdaq
732712,VZ,VERIZON COMMUNICATIONS INC,NYSE
318154,AMGN,AMGEN INC,Nasdaq
753308,NEE,NEXTERA ENERGY INC,NYSE
1467373,ACN,Accenture plc,NYSE
2012383,BLK,"BlackRock, Inc.",NYSE
891478,SAN,"Banco Santander, S.A.",NYSE
97476,TXN,TEXAS INSTRUMENTS INC,Nasdaq
313616,DHR,DANAHER CORP /DE/,NYSE
12927,BA,BOEING CO,NYSE
313838,SONY,Sony Group Corp,NYSE
1737806,PDD,PDD Holdings Inc.,Nasdaq
946770,DTEGY,DEUTSCHE TELEKOM AG,OTC
820313,APH,AMPHENOL CORP /DE/,NYSE
1596532,ANET,"Arista Networks, Inc.",NYSE
319201,KLAC,KLA CORP,Nasdaq
947263,TD,TORONTO DOMINION BANK,NYSE
811809,BHP,BHP Group Ltd,NYSE
64040,SPGI,S&P Global Inc.,NYSE
927628,COF,CAPITAL ONE FINANCIAL CORP,NYSE
796343,ADBE,ADOBE INC.,Nasdaq
887028,RTNTF,RIO TINTO LTD,OTC
882095,GILD,"GILEAD SCIENCES, INC.",Nasdaq
78003,PFE,PFIZER INC,NYSE
47710,HTHIY,HITACHI LTD,OTC
100885,UNP,UNION PACIFIC CORP,NYSE
879764,TTE,TotalEnergies SE,NYSE
217410,UL,UNILEVER PLC,NYSE
1973239,ARM,ARM HOLDINGS PLC /UK,Nasdaq
60667,LOW,LOWES COMPANIES INC,NYSE
80661,PGR,PROGRESSIVE CORP/OH/,NYSE
885725,BSX,BOSTON SCIENTIFIC CORP,NYSE
6281,ADI,ANALOG DEVICES INC,Nasdaq
1610520,UBS,UBS Group AG,NYSE
310764,SYK,STRYKER CORP,NYSE
1327567,PANW,Palo Alto Networks Inc,Nasdaq
315189,DE,DEERE & CO,NYSE
773840,HON,HONEYWELL INTERNATIONAL INC,Nasdaq
2046954,UTX,Ultratrex Inc.,
1551182,ETN,Eaton Corp plc,NYSE
766704,WELL,WELLTOWER INC.,NYSE
1613103,MDT,Medtronic plc,NYSE
842180,BBVA,"BANCO BILBAO VIZCAYA ARGENTARIA, S.A.",NYSE
1535527,CRWD,"CrowdStrike Holdings, Inc.",Nasdaq
1404912,KKR,KKR & Co. Inc.,NYSE
1668717,BUD,Anheuser-Busch InBev SA/NV,NYSE
1303523,BTI,British American Tobacco p.l.c.,NYSE
863064,RIO,RIO TINTO PLC,NYSE
1639920,SPOT,Spotify Technology S.A.,NYSE
896159,CB,Chubb Ltd,NYSE
1022837,SMFG,"SUMITOMO MITSUI FINANCIAL GROUP, INC.",NYSE
1045609,PLD,"Prologis, Inc.",NYSE
1163165,COP,CONOCOPHILLIPS,NYSE
1121404,SNY,Sanofi,Nasdaq
1001838,SCCO,SOUTHERN COPPER CORP/,NYSE
875320,VRTX,VERTEX PHARMACEUTICALS INC / MA,Nasdaq
860730,HCA,"HCA Healthcare, Inc.",NYSE
936468,LMT,LOCKHEED MARTIN CORP,NYSE
76334,PH,Parker-Hannifin Corp,NYSE
1868275,CEG,Constellation Energy Corp,Nasdaq
1381197,IBKR,"Interactive Brokers Group, Inc.",Nasdaq
1103838,IBN,ICICI BANK LTD,NYSE
1164727,NEM,NEWMONT Corp /DE/,NYSE
8670,ADP,AUTOMATIC DATA PROCESSING INC,Nasdaq
1783879,HOOD,"Robinhood Markets, Inc.",Nasdaq
14272,BMY,BRISTOL MYERS SQUIBB CO,NYSE
895728,ENB,ENBRIDGE INC,NYSE
1222333,GLD,SPDR GOLD TRUST,NYSE
1001085,BN,BROOKFIELD Corp /ON/,NYSE
1099590,MELI,MERCADOLIBRE INC,Nasdaq
927653,MCK,MCKESSON CORP,NYSE
1166691,CMCSA,COMCAST CORP,Nasdaq
64803,CVS,CVS HEALTH Corp,NYSE
320187,NKE,"NIKE, Inc.",NYSE
1690820,CVNA,CARVANA CO.,NYSE
764180,MO,"ALTRIA GROUP, INC.",NYSE
1156375,CME,CME GROUP INC.,Nasdaq
1131399,GSK,GSK plc,NYSE
1792789,DASH,"DoorDash, Inc.",Nasdaq
1158838,ATEYY,ADVANTEST CORP,OTC
829224,SBUX,STARBUCKS CORP,Nasdaq
927971,BMO,BANK OF MONTREAL /CAN/,NYSE
1571949,ICE,"Intercontinental Exchange, Inc.",NYSE
92122,SO,SOUTHERN CO,NYSE
62709,MMC,"MARSH & MCLENNAN COMPANIES, INC.",NYSE
1335730,MFG,MIZUHO FINANCIAL GROUP INC,NYSE
40533,GD,GENERAL DYNAMICS CORP,NYSE
9631,BNS,BANK OF NOVA SCOTIA,NYSE
313807,BP,BP PLC,NYSE
66740,MMM,3M CO,NYSE
1326160,DUK,Duke Energy CORP,NYSE
1110646,NTES,"NetEase, Inc.",Nasdaq
813672,CDNS,CADENCE DESIGN SYSTEMS INC,Nasdaq
2039784,MGCLY,"Midea Group Co., Ltd./ADR",OTC
1059556,MCO,MOODYS CORP /DE/,NYSE
1466258,TT,Trane Technologies plc,NYSE
1571996,DELL,Dell Technologies Inc.,NYSE
823768,WM,WASTE MANAGEMENT INC,NYSE
1045520,CM,CANADIAN IMPERIAL BANK OF COMMERCE /CAN/,NYSE
1937926,BAM,Brookfield Asset Management Ltd.,NYSE
883241,SNPS,SYNOPSYS INC,Nasdaq
1858681,APO,"Apollo Global Management, Inc.",NYSE
1090727,UPS,UNITED PARCEL SERVICE INC,NYSE
1053507,AMT,AMERICAN TOWER CORP /MA/,NYSE
849395,CRH,CRH PUBLIC LTD CO,NYSE
2809,AEM,AGNICO EAGLE MINES LTD,NYSE
36104,USB,US BANCORP \DE\,NYSE
713676,PNC,"PNC FINANCIAL SERVICES GROUP, INC.",NYSE
312069,BCS,BARCLAYS PLC,NYSE
1390777,BK,Bank of New York Mellon Corp,NYSE
89800,SHW,SHERWIN WILLIAMS CO,NYSE
1691493,NU,Nu Holdings Ltd.,NYSE
1133421,NOC,NORTHROP GRUMMAN CORP /DE/,NYSE
1048286,MAR,MARRIOTT INTERNATIONAL INC /MD/,Nasdaq
1156039,ELV,"Elevance Health, Inc.",NYSE
4281,HWM,Howmet Aerospace Inc.,NYSE
898173,ORLY,O REILLY AUTOMOTIVE INC,Nasdaq
1039765,ING,ING GROEP NV,NYSE
1559720,ABNB,"Airbnb, Inc.",Nasdaq
872589,REGN,"REGENERON PHARMACEUTICALS, INC.",Nasdaq
1278680,IAU,ISHARES GOLD TRUST,NYSE
1119639,PBR,PETROBRAS - PETROLEO BRASILEIRO SA,NYSE
1132597,ITUB,Itau Unibanco Holding S.A.,NYSE
1467858,GM,General Motors Co,NYSE
32604,EMR,EMERSON ELECTRIC CO,NYSE
315293,AON,Aon plc,NYSE
884887,RCL,ROYAL CARIBBEAN CRUISES LTD,NYSE
24741,GLW,CORNING INC /NY,NYSE
723254,CTAS,CINTAS CORP,Nasdaq
49826,ITW,ILLINOIS TOOL WORKS INC,NYSE
833444,JCI,Johnson Controls International plc,NYSE
1640147,SNOW,Snowflake Inc.,NYSE
31462,ECL,ECOLAB INC.,NYSE
1004315,NGG,NATIONAL GRID PLC,NYSE
1160106,LYG,Lloyds Banking Group plc,NYSE
1437107,WBD,"Warner Bros. Discovery, Inc.",Nasdaq
756894,B,BARRICK MINING CORP,NYSE
1703399,SE,Sea Ltd,NYSE
1101239,EQIX,EQUINIX INC,Nasdaq
929869,RELX,RELX PLC,NYSE
1739940,CI,Cigna Group,NYSE
107263,WMB,"WILLIAMS COMPANIES, INC.",NYSE
1260221,TDG,TransDigm Group INC,NYSE
1835632,MRVL,"Marvell Technology, Inc.",Nasdaq
1679788,COIN,"Coinbase Global, Inc.",Nasdaq
865752,MNST,Monster Beverage Corp,Nasdaq
1067491,INFY,Infosys Ltd,NYSE
1159508,DB,DEUTSCHE BANK AKTIENGESELLSCHAFT,NYSE
1477333,NET,"Cloudflare, Inc.",NYSE
26172,CMI,CUMMINS INC,NYSE
1103982,MDLZ,"Mondelez International, Inc.",Nasdaq
1061219,EPD,ENTERPRISE PRODUCTS PARTNERS L.P.,NYSE
277948,CSX,CSX CORP,Nasdaq
1446250,BMWKY,Bayerische Motoren Werke AG/ADR,OTC
1017413,CNQ,CANADIAN NATURAL RESOURCES LTD,NYSE
16875,CP,CANADIAN PACIFIC KANSAS CITY LTD/CN,NYSE
1063761,SPG,SIMON PROPERTY GROUP INC.,NYSE
831259,FCX,FREEPORT-MCMORAN INC,NYSE
1385157,TEL,TE Connectivity plc,NYSE
1048911,FDX,FEDEX CORP,NYSE
1140859,COR,"Cencora, Inc.",NYSE
1060391,RSG,"REPUBLIC SERVICES, INC.",NYSE
702165,NSC,NORFOLK SOUTHERN CORP,NYSE
895564,BAESY,BAE SYSTEMS PLC /FI/,OTC
844150,NWG,NatWest Group plc,NYSE
1585689,HLT,Hilton Worldwide Holdings Inc.,NYSE
354190,AJG,Arthur J. Gallagher & Co.,NYSE
1050915,PWR,"QUANTA SERVICES, INC.",NYSE
1648416,RACE,Ferrari N.V.,NYSE
92230,TFC,TRUIST FINANCIAL CORP,NYSE
86312,TRV,"TRAVELERS COMPANIES, INC.",NYSE
1129137,AMX,AMERICA MOVIL SAB DE CV/,NYSE
769397,ADSK,"Autodesk, Inc.",Nasdaq
21665,CL,COLGATE PALMOLIVE CO,NYSE
1262039,FTNT,"Fortinet, Inc.",Nasdaq
1137789,STX,Seagate Technology Holdings plc,Nasdaq
1315098,RBLX,Roblox Corp,NYSE
1674101,VRT,Vertiv Holdings Co,NYSE
16868,CNI,CANADIAN NATIONAL RAILWAY CO,NYSE
4904,AEP,AMERICAN ELECTRIC POWER CO INC,Nasdaq
68505,MSI,"Motorola Solutions, Inc.",NYSE
106040,WDC,WESTERN DIGITAL CORP,Nasdaq
1327811,WDAY,"Workday, Inc.",Nasdaq
1086888,MFC,MANULIFE FINANCIAL CORP,NYSE
1506307,KMI,"KINDER MORGAN, INC.",NYSE
745732,ROST,"ROSS STORES, INC.",Nasdaq
1075124,TRI,THOMSON REUTERS CORP /CAN/,Nasdaq
821189,EOG,EOG RESOURCES INC,NYSE
87347,SLB,SLB LIMITED/NV,NYSE
1633917,PYPL,"PayPal Holdings, Inc.",Nasdaq
4977,AFL,AFLAC INC,NYSE
75362,PCAR,PACCAR INC,Nasdaq
1140625,EQNR,EQUINOR ASA,NYSE
1842726,LSEGY,London Stock Exchange Group plc,OTC
1032208,SRE,SEMPRA,NYSE
1692819,VST,Vistra Corp.,NYSE
10795,BDX,BECTON DICKINSON & CO,NYSE
1413447,NXPI,NXP Semiconductors N.V.,Nasdaq
1534701,PSX,Phillips 66,NYSE
866787,AZO,AUTOZONE INC,NYSE
1276187,ET,Energy Transfer LP,NYSE
1176948,ARES,Ares Management Corp,NYSE
1232384,TRP,TC ENERGY CORP,NYSE
1510295,MPC,Marathon Petroleum Corp,NYSE
874716,IDXX,IDEXX LABORATORIES INC /DE,Nasdaq
1002242,E,ENI SPA,NYSE
1552000,MPLX,MPLX LP,NYSE
1107457,IFNNY,INFINEON TECHNOLOGIES AG,OTC
37996,F,FORD MOTOR CO,NYSE
1099219,MET,METLIFE INC,NYSE
1697862,ARGX,ARGENX SE,Nasdaq
899051,ALL,ALLSTATE CORP,NYSE
917851,VALE,Vale S.A.,NYSE
311337,SU,SUNCOR ENERGY INC,NYSE
2969,APD,"Air Products & Chemicals, Inc.",NYSE
1297996,DLR,"DIGITAL REALTY TRUST, INC.",NYSE
202058,LHX,"L3HARRIS TECHNOLOGIES, INC. /DE/",NYSE
1120193,NDAQ,"NASDAQ, INC.",Nasdaq
1323404,WPM,Wheaton Precious Metals Corp.,NYSE
726728,O,REALTY INCOME CORP,NYSE
1805284,RKT,"Rocket Companies, Inc.",NYSE
1067701,URI,"UNITED RENTALS, INC.",NYSE
1555280,ZTS,Zoetis Inc.,NYSE
1035002,VLO,VALERO ENERGY CORP/TX,NYSE
2057673,AED,Brand Meditech Ltd,
1178670,ALNY,"ALNYLAM PHARMACEUTICALS, INC.",Nasdaq
1561550,DDOG,"Datadog, Inc.",Nasdaq
712515,EA,ELECTRONIC ARTS INC.,Nasdaq
1050446,MSTR,Strategy Inc,Nasdaq
715957,D,"DOMINION ENERGY, INC",NYSE
835403,DEO,DIAGEO PLC,NYSE
277135,GWW,"W.W. GRAINGER, INC.",NYSE
1588489,GBTC,Grayscale Bitcoin Trust ETF,NYSE
1099800,EW,Edwards Lifesciences Corp,NYSE
2021390,GALDY,Galderma Group AG/ADR,OTC
1547873,PTCAY,PT Chandra Asri Petrochemical Tbk/ADR,OTC
1058090,CMG,CHIPOTLE MEXICAN GRILL INC,NYSE
815556,FAST,FASTENAL CO,Nasdaq
1393311,PSA,Public Storage,NYSE
882835,ROP,ROPER TECHNOLOGIES INC,Nasdaq
1468522,FER,Ferrovial SE,Nasdaq
1395064,TAK,TAKEDA PHARMACEUTICAL CO LTD,NYSE
1138118,CBRE,"CBRE GROUP, INC.",NYSE
721371,CAH,CARDINAL HEALTH INC,NYSE
5272,AIG,"AMERICAN INTERNATIONAL GROUP, INC.",NYSE
49938,IMO,IMPERIAL OIL LTD,NYSE
1136808,EONGY,E.ON SE,OTC
1834584,CPNG,"Coupang, Inc.",NYSE
820027,AMP,AMERIPRISE FINANCIAL INC,NYSE
1037868,AME,AMETEK INC/,NYSE
1039684,OKE,ONEOK INC /NEW/,NYSE
1269238,TCOM,Trip.com Group Ltd,Nasdaq
1701605,BKR,Baker Hughes Co,Nasdaq
27904,DAL,"DELTA AIR LINES, INC.",NYSE
882184,DHI,HORTON D R INC /DE/,NYSE
1024478,ROK,"ROCKWELL AUTOMATION, INC",NYSE
1539838,FANG,"Diamondback Energy, Inc.",Nasdaq
1280452,MPWR,MONOLITHIC POWER SYSTEMS INC,Nasdaq
1783180,CARR,CARRIER GLOBAL Corp,NYSE
1471055,BSBR,Banco Santander (Brasil) S.A.,NYSE
2011641,FERG,Ferguson Enterprises Inc. /DE/,NYSE
850918,GWLIF,GREAT-WEST LIFECO INC.,OTC
1755672,CTVA,"Corteva, Inc.",NYSE
1300514,LVS,LAS VEGAS SANDS CORP,NYSE
1069183,AXON,"AXON ENTERPRISE, INC.",Nasdaq
946581,TTWO,TAKE TWO INTERACTIVE SOFTWARE INC,Nasdaq
72903,XEL,XCEL ENERGY INC,Nasdaq
1318220,WCN,"Waste Connections, Inc.",NYSE
814547,FICO,FAIR ISAAC CORP,NYSE
27419,TGT,TARGET CORP,NYSE
1109357,EXC,EXELON CORP,Nasdaq
1329099,BIDU,"Baidu, Inc.",Nasdaq
1549802,JD,"JD.com, Inc.",Nasdaq
46619,HEI,HEICO CORP,NYSE
1650372,TEAM,Atlassian Corp,Nasdaq
1408198,MSCI,MSCI Inc.,NYSE
1713445,RDDT,"Reddit, Inc.",NYSE
1900304,HLN,Haleon plc,NYSE
1104506,INSM,INSMED Inc,Nasdaq
1041061,YUM,YUM BRANDS INC,NYSE
1973832,AU,AngloGold Ashanti PLC,NYSE
3570,LNG,"Cheniere Energy, Inc.",NYSE
723531,PAYX,PAYCHEX INC,Nasdaq
1456346,FNV,FRANCO NEVADA Corp,NYSE
1650107,CCEP,COCA-COLA EUROPACIFIC PARTNERS plc,Nasdaq
65984,ETR,ENTERGY CORP /DE/,NYSE
1137774,PRU,PRUDENTIAL FINANCIAL INC,NYSE
1058290,CTSH,COGNIZANT TECHNOLOGY SOLUTIONS CORP,Nasdaq
56873,KR,KROGER CO,NYSE
797468,OXY,OCCIDENTAL PETROLEUM CORP /DE/,NYSE
715153,HMC,HONDA MOTOR CO LTD,NYSE
1121788,GRMN,GARMIN LTD,NYSE
1009001,CCJ,CAMECO CORP,NYSE
1418135,KDP,Keurig Dr Pepper Inc.,Nasdaq
1051470,CCI,CROWN CASTLE INC.,NYSE
1565025,ABEV,AMBEV S.A.,NYSE
915191,FRFHF,FAIRFAX FINANCIAL HOLDINGS LTD/ CAN,OTC
1512673,XYZ,"Block, Inc.",NYSE
1090872,A,"AGILENT TECHNOLOGIES, INC.",NYSE
1041130,DIA,SPDR DOW JONES INDUSTRIAL AVERAGE ETF TRUST,NYSE
1389170,TRGP,Targa Resources Corp.,NYSE
788784,PEG,PUBLIC SERVICE ENTERPRISE GROUP INC,NYSE
1769628,CRWV,"CoreWeave, Inc.",Nasdaq
2073893,DLMAY,Dollarama Inc./ADR,OTC
1635327,FLUT,Flutter Entertainment plc,NYSE
1396009,VMC,Vulcan Materials CO,NYSE
1172724,GFI,GOLD FIELDS LTD,NYSE
1065088,EBAY,EBAY INC,Nasdaq
1167379,ALC,ALCON INC,NYSE
1932393,GEHC,GE HealthCare Technologies Inc.,Nasdaq
874766,HIG,"HARTFORD INSURANCE GROUP, INC.",NYSE
916076,MLM,MARTIN MARIETTA MATERIALS INC,NYSE
1478242,IQV,IQVIA HOLDINGS INC.,NYSE
73309,NUE,NUCOR CORP,NYSE
1713683,ZS,"Zscaler, Inc.",Nasdaq
815097,CCL,CARNIVAL CORP,NYSE
900075,CPRT,COPART INC,Nasdaq
1001250,EL,ESTEE LAUDER COMPANIES INC,NYSE
1038683,RYAAY,RYANAIR HOLDINGS PLC,Nasdaq
798354,FISV,FISERV INC,Nasdaq
47111,HSY,HERSHEY CO,NYSE
1116578,PUK,PRUDENTIAL PLC,NYSE
943819,RMD,RESMED INC,NYSE
1393052,VEEV,VEEVA SYSTEMS INC,NYSE
2018139,TYHOY,Toyota Tsusho Corporation/ADR,OTC
943452,WAB,WESTINGHOUSE AIR BRAKE TECHNOLOGIES CORP,NYSE
740260,VTR,"Ventas, Inc.",NYSE
1837240,SYM,Symbotic Inc.,Nasdaq
1160330,BBD,BANK BRADESCO,NYSE
827054,MCHP,MICROCHIP TECHNOLOGY INC,Nasdaq
93751,STT,STATE STREET CORP,NYSE
1061736,FMX,MEXICAN ECONOMIC DEVELOPMENT INC,NYSE
1601046,KEYS,"Keysight Technologies, Inc.",NYSE
96021,SYY,SYSCO CORP,NYSE
1030894,CLS,CELESTICA INC,NYSE
1651308,ONC,BeOne Medicines Ltd.,Nasdaq
1047862,ED,CONSOLIDATED EDISON INC,NYSE
1243429,MT,ArcelorMittal,NYSE
1136893,FIS,"Fidelity National Information Services, Inc.",NYSE
947484,ACGL,ARCH CAPITAL GROUP LTD.,Nasdaq
924613,NOK,NOKIA CORP,NYSE
1781335,OTIS,Otis Worldwide Corp,NYSE
100517,UAL,"United Airlines Holdings, Inc.",Nasdaq
33213,EQT,EQT Corp,NYSE
1818874,SOFI,"SoFi Technologies, Inc.",Nasdaq
1122411,ASX,"ASE Technology Holding Co., Ltd.",NYSE
55785,KMB,KIMBERLY CLARK CORP,Nasdaq
818686,TEVA,TEVA PHARMACEUTICAL INDUSTRIES LTD,NYSE
701818,KGC,KINROSS GOLD CORP,NYSE
1324424,EXPE,"Expedia Group, Inc.",Nasdaq
1441816,MDB,"MongoDB, Inc.",Nasdaq
1605484,STLA,Stellantis N.V.,NYSE
1475260,CVE,CENOVUS ENERGY INC.,NYSE
936958,MDY,SPDR S&P MIDCAP 400 ETF TRUST,NYSE
1511737,UI,Ubiquiti Inc.,NYSE
1035983,FIX,COMFORT SYSTEMS USA INC,NYSE
783325,WEC,"WEC ENERGY GROUP, INC.",NYSE
1885110,CHLSY,Chocoladefabriken Lindt & Spruengli AG/ADR,OTC
1097362,SLF,SUN LIFE FINANCIAL INC,NYSE
1125259,CUK,CARNIVAL PLC,NYSE
878927,ODFL,"OLD DOMINION FREIGHT LINE, INC.",Nasdaq
1524472,XYL,Xylem Inc.,NYSE
1004980,PCG,PG&E Corp,NYSE
1944048,KVUE,Kenvue Inc.,NYSE
1335258,LYV,"Live Nation Entertainment, Inc.",NYSE
1819994,RKLB,Rocket Lab Corp,Nasdaq
720005,RJF,RAYMOND JAMES FINANCIAL INC,NYSE
1699150,IR,Ingersoll Rand Inc.,NYSE
1618756,QSR,Restaurant Brands International Inc.,NYSE
1604821,NTRA,"Natera, Inc.",Nasdaq
49071,HUM,HUMANA INC,NYSE
1132924,CHT,CHUNGHWA TELECOM CO LTD,NYSE
1070304,IX,ORIX CORP,NYSE
1140536,WTW,WILLIS TOWERS WATSON PLC,Nasdaq
717826,ERIC,ERICSSON LM TELEPHONE CO,Nasdaq
904868,FSNUY,Fresenius SE & Co. KGaA,OTC
36270,MTB,M&T BANK CORP,NYSE
1754301,FOXA,Fox Corp,Nasdaq
1601712,SYF,Synchrony Financial,NYSE
1645590,HPE,Hewlett Packard Enterprise Co,NYSE
1445930,KB,KB Financial Group Inc.,NYSE
1013871,NRG,"NRG ENERGY, INC.",NYSE
2035989,AMRZ,Amrize Ltd,NYSE
1415404,SATS,EchoStar CORP,Nasdaq
936395,CIEN,CIENA CORP,NYSE
844551,WDS,WOODSIDE ENERGY GROUP LTD,NYSE
97210,TER,"TERADYNE, INC",Nasdaq
1744676,TME,Tencent Music Entertainment Group,NYSE
1705696,VICI,VICI PROPERTIES INC.,NYSE
1725964,NTR,Nutrien Ltd.,NYSE
1745201,VIK,Viking Holdings Ltd,NYSE
1397911,LPLA,LPL Financial Holdings Inc.,Nasdaq
1884082,PSNY,Polestar Automotive Holding UK PLC,Nasdaq
1442145,VRSK,"Verisk Analytics, Inc.",Nasdaq
2023554,SNDK,Sandisk Corp,Nasdaq
839923,VOD,VODAFONE GROUP PUBLIC LTD CO,Nasdaq
1289490,EXR,Extra Space Storage Inc.,NYSE
920760,LEN,LENNAR CORP /NEW/,NYSE
29534,DG,DOLLAR GENERAL CORP,NYSE
1123799,WIT,WIPRO LTD,NYSE
1637459,KHC,Kraft Heinz Co,Nasdaq
1057352,CSGP,"COSTAR GROUP, INC.",Nasdaq
84839,ROL,ROLLINS INC,NYSE
7084,ADM,Archer-Daniels-Midland Co,NYSE
1037646,MTD,METTLER TOLEDO INTERNATIONAL INC/,NYSE
1091667,CHTR,"CHARTER COMMUNICATIONS, INC. /MO/",Nasdaq
1780312,ASTS,"AST SpaceMobile, Inc.",Nasdaq
49196,HBAN,HUNTINGTON BANCSHARES INC /MD/,Nasdaq
820318,COHR,COHERENT CORP.,NYSE
79282,BRO,"BROWN & BROWN, INC.",NYSE
105634,EME,"EMCOR Group, Inc.",NYSE
1274494,FSLR,"FIRST SOLAR, INC.",Nasdaq
916365,TSCO,TRACTOR SUPPLY CO /DE/,Nasdaq
1096343,MKL,MARKEL GROUP INC.,NYSE
29905,DOV,DOVER Corp,NYSE
731802,ATO,ATMOS ENERGY CORP,NYSE
33185,EFX,EQUIFAX INC,NYSE
1403568,ULTA,"Ulta Beauty, Inc.",Nasdaq
936340,DTE,DTE ENERGY CO,NYSE
895126,EXE,EXPAND ENERGY Corp,Nasdaq
1383312,BR,"BROADRIDGE FINANCIAL SOLUTIONS, INC.",NYSE
1585521,ZM,"Zoom Communications, Inc.",Nasdaq
1374310,CBOE,"Cboe Global Markets, Inc.",CBOE
935703,DLTR,"DOLLAR TREE, INC.",Nasdaq
73124,NTRS,NORTHERN TRUST CORP,Nasdaq
800365,FUJIY,FUJI PHOTO FILM CO LTD /FI,OTC
1002910,AEE,AMEREN CORP,NYSE
1439124,AXIA,BRAZILIAN ELECTRIC POWER CO,NYSE
11544,WRB,BERKLEY W R CORP,NYSE
1093557,DXCM,DEXCOM INC,Nasdaq
798941,FCNCA,FIRST CITIZENS BANCSHARES INC /DE/,Nasdaq
1263043,SHG,SHINHAN FINANCIAL GROUP CO LTD,NYSE
1807794,CRDO,Credo Technology Group Holding Ltd,Nasdaq
20286,CINF,CINCINNATI FINANCIAL CORP,Nasdaq
1666175,FTS,Fortis Inc.,NYSE
866374,FLEX,FLEX LTD.,Nasdaq
16918,STZ,"CONSTELLATION BRANDS, INC.",NYSE
1880661,TPG,TPG Inc.,Nasdaq
1383650,CQP,"Cheniere Energy Partners, L.P.",NYSE
1410636,AWK,"American Water Works Company, Inc.",NYSE
875045,BIIB,BIOGEN INC.,Nasdaq
72741,ES,EVERSOURCE ENERGY,NYSE
1031296,FE,FIRSTENERGY CORP,NYSE
1116132,TPR,"TAPESTRY, INC.",NYSE
29989,OMC,OMNICOM GROUP INC.,NYSE
1022671,STLD,STEEL DYNAMICS INC,Nasdaq
313216,PHG,KONINKLIJKE PHILIPS NV,NYSE
922224,PPL,PPL Corp,NYSE
759944,CFG,CITIZENS FINANCIAL GROUP INC/RI,NYSE
915912,AVB,AVALONBAY COMMUNITIES INC,NYSE
1736297,ALAB,"Astera Labs, Inc.",Nasdaq
822416,PHM,PULTEGROUP INC/MI/,NYSE
40704,GIS,GENERAL MILLS INC,NYSE
1378789,AER,AerCap Holdings N.V.,NYSE
1757898,STE,STERIS plc,NYSE
1020569,IRM,IRON MOUNTAIN INC,NYSE
1281761,RF,REGIONS FINANCIAL CORP,NYSE
1130310,CNP,CENTERPOINT ENERGY INC,NYSE
1397187,LULU,lululemon athletica inc.,Nasdaq
1967680,VLTO,Veralto Corp,NYSE
1823945,OWL,BLUE OWL CAPITAL INC.,NYSE
1163653,NMR,NOMURA HOLDINGS INC,NYSE
45012,HAL,HALLIBURTON CO,NYSE
1336920,LDOS,"Leidos Holdings, Inc.",NYSE
1094285,TDY,TELEDYNE TECHNOLOGIES INC,NYSE
1764757,DIDIY,DiDi Global Inc.,OTC
1027664,ESLT,ELBIT SYSTEMS LTD,Nasdaq
814052,TEF,TELEFONICA S A,NYSE
906107,EQR,EQUITY RESIDENTIAL,NYSE
1090012,DVN,DEVON ENERGY CORP/DE,NYSE
1754581,FUTU,Futu Holdings Ltd,Nasdaq
898293,JBL,JABIL INC,NYSE
48898,HUBB,HUBBELL INC,NYSE
861967,WTKWY,WOLTERS KLUWER N V /FI,OTC
1642896,IOT,Samsara Inc.,NYSE
1474432,PSTG,"Pure Storage, Inc.",NYSE
1560385,FWONA,Liberty Media Corp,Nasdaq
1758730,TW,Tradeweb Markets Inc.,Nasdaq
79879,PPG,PPG INDUSTRIES INC,NYSE
1598110,CYBR,CyberArk Software Ltd.,Nasdaq
932787,STM,STMicroelectronics N.V.,NYSE
1002047,NTAP,"NetApp, Inc.",Nasdaq
47217,HPQ,HP INC,NYSE
1113169,TROW,PRICE T ROWE GROUP INC,Nasdaq
1633978,LITE,Lumentum Holdings Inc.,Nasdaq
1000697,WAT,WATERS CORP /DE/,NYSE
1546066,PBA,PEMBINA PIPELINE CORP,NYSE
1474968,GELHY,Geely Automobile Holdings Limited/ADR,OTC
1776985,BNTX,BioNTech SE,Nasdaq
1664703,BE,Bloom Energy Corp,NYSE
1014473,VRSN,VERISIGN INC/CA,Nasdaq
91576,KEY,KEYCORP /NEW/,NYSE
1874178,RIVN,"Rivian Automotive, Inc. / DE",Nasdaq
1001290,BAP,CREDICORP LTD,NYSE
1097864,ON,ON SEMICONDUCTOR CORP,Nasdaq
1037038,RL,RALPH LAUREN CORP,NYSE
827052,EIX,EDISON INTERNATIONAL,NYSE
719955,WSM,WILLIAMS SONOMA INC,NYSE
1802768,RPRX,Royalty Pharma plc,Nasdaq
1447391,RSHGY,RESONA HOLDINGS INC,OTC
1082554,UTHR,UNITED THERAPEUTICS Corp,Nasdaq
1175454,CPAY,"CORPAY, INC.",NYSE
1535759,KBGGY,Kongsberg Gruppen ASA/ADR,OTC
718940,BCE,BCE INC,NYSE
1820953,AFRM,"Affirm Holdings, Inc.",Nasdaq
1513845,NBIS,Nebius Group N.V.,Nasdaq
920148,LH,LABCORP HOLDINGS INC.,NYSE
60086,L,LOEWS CORP,NYSE
92380,LUV,SOUTHWEST AIRLINES CO,NYSE
1709048,GFS,GLOBALFOUNDRIES Inc.,Nasdaq
887225,KEP,KOREA ELECTRIC POWER CORP,NYSE
1001807,TLK,PERUSAHAAN PERSEROAN PERSERO PT TELEKOMUNIKASI INDONESIA TBK,NYSE
811156,CMS,CMS ENERGY CORP,NYSE
1876042,CRCL,"Circle Internet Group, Inc.",NYSE
1402436,SSNC,SS&C Technologies Holdings Inc,Nasdaq
940944,DRI,DARDEN RESTAURANTS INC,NYSE
1527166,CG,Carlyle Group Inc.,Nasdaq
100493,TSN,"TYSON FOODS, INC.",NYSE
886986,TECK,TECK RESOURCES LTD,NYSE
1988894,AS,"Amer Sports, Inc.",NYSE
1855612,GRAB,Grab Holdings Ltd,Nasdaq
857005,PTC,PTC INC.,Nasdaq
771992,PAAS,PAN AMERICAN SILVER CORP,NYSE
1444406,EC,ECOPETROL S.A.,NYSE
1190723,TS,TENARIS SA,NYSE
1145197,PODD,INSULET CORP,Nasdaq
906163,NVR,NVR INC,NYSE
858446,IHG,INTERCONTINENTAL HOTELS GROUP PLC /NEW/,NYSE
1650164,TOST,"Toast, Inc.",NYSE
1110803,ILMN,"ILLUMINA, INC.",Nasdaq
1015922,CHKP,CHECK POINT SOFTWARE TECHNOLOGIES LTD,Nasdaq
26324,CW,CURTISS WRIGHT CORP,NYSE
746515,EXPD,EXPEDITORS INTERNATIONAL OF WASHINGTON INC,NYSE
313927,CHD,CHURCH & DWIGHT CO INC /DE/,NYSE
1034054,SBAC,SBA COMMUNICATIONS CORP,Nasdaq
1022079,DGX,QUEST DIAGNOSTICS INC,NYSE
1447669,TWLO,TWILIO INC,NYSE
1142231,HKHHY,HEINEKEN HOLDING N V,OTC
51434,IP,INTERNATIONAL PAPER CO /NEW/,NYSE
1061574,GIB,CGI INC,NYSE
1809587,BEKE,KE Holdings Inc.,NYSE
858470,CTRA,Coterra Energy Inc.,NYSE
1071739,CNC,CENTENE CORP,NYSE
1126328,PFG,PRINCIPAL FINANCIAL GROUP INC,Nasdaq
1123360,GPN,GLOBAL PAYMENTS INC,NYSE
726958,CASY,CASEYS GENERAL STORES INC,Nasdaq
868675,TU,TELUS CORP,NYSE
1033767,UMC,UNITED MICROELECTRONICS CORP,NYSE
1404655,HUBS,HUBSPOT INC,NYSE
1810806,U,Unity Software Inc.,NYSE
860731,TYL,TYLER TECHNOLOGIES INC,NYSE
1066119,VIV,TELEFONICA BRASIL S.A.,NYSE
733099,RCI,ROGERS COMMUNICATIONS INC,NYSE
1206264,SGI,SOMNIGROUP INTERNATIONAL INC.,NYSE
1715801,SOAGY,Sartorius AG/ADR,OTC
1111711,NI,NISOURCE INC.,NYSE
910631,KOF,COCA COLA FEMSA SAB DE CV,NYSE
1126113,TELNY,TELENOR ASA,OTC
1161125,BCH,BANK OF CHILE,NYSE
2005951,SW,Smurfit Westrock plc,NYSE
1434265,GMAB,GENMAB A/S,Nasdaq
1046102,RBA,RB GLOBAL INC.,NYSE
1469059,CKHGF,Capitec Bank Holdings Ltd / ADR,OTC
1375365,SMCI,"Super Micro Computer, Inc.",Nasdaq
1124140,EXAS,EXACT SCIENCES CORP,Nasdaq
1811074,TPL,Texas Pacific Land Corp,NYSE
105770,WST,WEST PHARMACEUTICAL SERVICES INC,NYSE
728535,JBHT,HUNT J B TRANSPORT SERVICES INC,Nasdaq
1089063,DKS,"DICK'S SPORTING GOODS, INC.",NYSE
1330568,SLV,iShares Silver Trust,NYSE
864749,TRMB,TRIMBLE INC.,Nasdaq
1402057,CDW,CDW Corp,Nasdaq
1748790,AMCR,Amcor plc,NYSE
1681459,FTI,TechnipFMC plc,NYSE
2013003,PMDIY,Pro Medicus Ltd./ADR,OTC
909037,SQM,CHEMICAL & MINING CO OF CHILE INC,NYSE
879169,INCY,INCYTE CORP,Nasdaq
1043277,CHRW,"C. H. ROBINSON WORLDWIDE, INC.",Nasdaq
1810997,XPEV,XPENG INC.,NYSE
1659166,FTV,Fortive Corp,NYSE
1996862,BG,Bunge Global SA,NYSE
85535,RGLD,ROYAL GOLD INC,Nasdaq
75677,PKG,PACKAGING CORP OF AMERICA,NYSE
1039610,EDPFY,EDP ENERGIAS DE PORTUGAL SA,OTC
1533232,BEP,Brookfield Renewable Partners L.P.,NYSE
40987,GPC,GENUINE PARTS CO,NYSE
91440,SNA,Snap-on Inc,NYSE
1590364,FTAI,FTAI Aviation Ltd.,Nasdaq
1617640,ZG,"ZILLOW GROUP, INC.",Nasdaq
1136869,ZBH,"ZIMMER BIOMET HOLDINGS, INC.",NYSE
35527,FITBI,FIFTH THIRD BANCORP,Nasdaq
63754,MKC,MCCORMICK & CO INC,NYSE
1671933,TTD,"Trade Desk, Inc.",Nasdaq
1579878,FIG,"Figma, Inc.",NYSE
108312,WWD,"Woodward, Inc.",Nasdaq
1824920,IONQ,"IonQ, Inc.",NYSE
920522,ESS,"ESSEX PROPERTY TRUST, INC.",NYSE
1069202,LII,LENNOX INTERNATIONAL INC,NYSE
1883685,DKNG,DraftKings Inc.,Nasdaq
1506293,PINS,"PINTEREST, INC.",NYSE
749251,IT,GARTNER INC,NYSE
70318,THC,TENET HEALTHCARE CORP,NYSE
1166003,XPO,"XPO, Inc.",NYSE
15615,MTZ,MASTEC INC,NYSE
1528396,GWRE,"Guidewire Software, Inc.",NYSE
77360,PNR,PENTAIR plc,NYSE
1791706,LI,Li Auto Inc.,Nasdaq
1673358,YUMC,"Yum China Holdings, Inc.",NYSE
1609711,GDDY,GoDaddy Inc.,NYSE
1665918,USFD,US Foods Holding Corp.,NYSE
1170858,SBS,COMPANHIA DE SANEAMENTO BASICO DO ESTADO DE SAO PAULO-SABESP,NYSE
1666700,DD,"DuPont de Nemours, Inc.",NYSE
1521332,APTV,Aptiv PLC,NYSE
1973266,TKO,"TKO Group Holdings, Inc.",NYSE
1751788,DOW,DOW INC.,NYSE
849399,GEN,Gen Digital Inc.,Nasdaq
1711269,EVRG,"Evergy, Inc.",Nasdaq
106535,WY,WEYERHAEUSER CO,NYSE
1677250,ZTO,ZTO Express (Cayman) Inc.,NYSE
1408710,FN,Fabrinet,NYSE
352541,LNT,ALLIANT ENERGY CORP,Nasdaq
859737,HOLX,HOLOGIC INC,Nasdaq
1076378,CX,CEMEX SAB DE CV,NYSE
2058897,CIB,Grupo Cibest S.A.,NYSE
1579298,BURL,"Burlington Stores, Inc.",NYSE
1032975,LOGI,LOGITECH INTERNATIONAL S.A.,Nasdaq
2058873,Q,"Qnity Electronics, Inc.",NYSE
1796209,APG,APi Group Corp,NYSE
1552033,TRU,TransUnion,NYSE
1047716,LTM,LATAM AIRLINES GROUP S.A.,NYSE
1720635,NVT,nVent Electric plc,NYSE
711404,COO,"COOPER COMPANIES, INC.",Nasdaq
889132,PKX,POSCO HOLDINGS INC.,NYSE
1943896,RBRK,"Rubrik, Inc.",NYSE
52988,J,JACOBS SOLUTIONS INC.,NYSE
1622536,TLN,Talen Energy Corp,Nasdaq
51253,IFF,INTERNATIONAL FLAVORS & FRAGRANCES INC,NYSE
1178819,AGI,ALAMOS GOLD INC,NYSE
1687229,INVH,Invitation Homes Inc.,NYSE
1406234,BIP,Brookfield Infrastructure Partners L.P.,NYSE
1858985,ONON,On Holding AG,NYSE
1423902,WES,"Western Midstream Partners, LP",NYSE
1486957,BWXT,"BWX Technologies, Inc.",NYSE
1660134,OKTA,"Okta, Inc.",Nasdaq
17843,CRS,CARPENTER TECHNOLOGY CORP,NYSE
1791942,JBS,JBS N.V.,NYSE
1957132,SN,"SharkNinja, Inc.",NYSE
1780232,GFL,GFL Environmental Inc.,NYSE
1428439,ROKU,"ROKU, INC",Nasdaq
1889539,CRBG,"Corebridge Financial, Inc.",NYSE
912595,MAA,MID AMERICA APARTMENT COMMUNITIES INC.,NYSE
1037976,JLL,JONES LANG LASALLE INC,NYSE
1477049,PHYS,Sprott Physical Gold Trust,NYSE
1668397,MEDP,"Medpace Holdings, Inc.",Nasdaq
912593,SUI,SUN COMMUNITIES INC,NYSE
1901440,ULS,UL Solutions Inc.,NYSE
1069157,EWBC,EAST WEST BANCORP INC,Nasdaq
1331875,FNF,"Fidelity National Financial, Inc.",NYSE
217346,TXT,TEXTRON INC,NYSE
915913,ALB,ALBEMARLE CORP,NYSE
764478,BBY,BEST BUY CO INC,NYSE
1468174,H,Hyatt Hotels Corp,NYSE
1985487,KSPI,Joint Stock Co Kaspi.kz,Nasdaq
1635088,ROIV,Roivant Sciences Ltd.,Nasdaq
861884,RS,"RELIANCE, INC.",NYSE
1048695,FFIV,"F5, INC.",Nasdaq
1628171,RVMD,"Revolution Medicines, Inc.",Nasdaq
1564708,NWSA,NEWS CORP,Nasdaq
914475,NBIX,NEUROCRINE BIOSCIENCES INC,Nasdaq
2041610,PSKY,Paramount Skydance Corp,Nasdaq
1043219,NLY,ANNALY CAPITAL MANAGEMENT INC,NYSE
2007855,VG,"Venture Global, Inc.",NYSE
910521,DECK,DECKERS OUTDOOR CORP,NYSE
922621,ERIE,ERIE INDEMNITY CO,Nasdaq
1018963,ATI,ATI INC,NYSE
216228,ITT,ITT INC.,NYSE
1287750,ARCC,ARES CAPITAL CORP,Nasdaq
904851,YPF,YPF SOCIEDAD ANONIMA,NYSE
1829311,BMNR,"BITMINE IMMERSION TECHNOLOGIES, INC.",NYSE
1483994,HTHT,H World Group Ltd,Nasdaq
749098,MGA,MAGNA INTERNATIONAL INC,NYSE
1286681,DPZ,DOMINOS PIZZA INC,Nasdaq
1618673,PFGC,Performance Food Group Co,NYSE
1027552,BSAC,BANCO SANTANDER CHILE,NYSE
1324948,RBC,RBC Bearings INC,NYSE
1060955,ICLR,ICON PLC,Nasdaq
930157,RTO,RENTOKIL INITIAL PLC /FI,NYSE
1319161,WMG,Warner Music Group Corp.,Nasdaq
1333986,EQH,"Equitable Holdings, Inc.",NYSE
1127248,EMA,EMERA INC,NYSE
1743881,BBIO,"BridgeBio Pharma, Inc.",Nasdaq
105016,WSO,WATSCO INC,NYSE
1236275,QXO,"QXO, Inc.",NYSE
2068440,LPGCY,Laopu Gold Co. Ltd./ADR,OTC
1964738,SOLV,Solventum Corp,NYSE
1849253,RYAN,"RYAN SPECIALTY HOLDINGS, INC.",NYSE
1489393,LYB,LyondellBasell Industries N.V.,NYSE
1025378,WPC,W. P. Carey Inc.,NYSE
1719117,ARNNY,ASR Nederland N.V./ADR,OTC
1261333,DOCU,"DOCUSIGN, INC.",Nasdaq
352915,UHS,UNIVERSAL HEALTH SERVICES INC,NYSE
8818,AVY,Avery Dennison Corp,NYSE
790051,CSL,CARLISLE COMPANIES INC,NYSE
14693,BF-A,BROWN FORMAN CORP,NYSE
1101302,ENTG,ENTEGRIS INC,Nasdaq
1773383,DT,"Dynatrace, Inc.",NYSE
1158967,NJDCY,NIDEC CORP,OTC
40729,ALLY,Ally Financial Inc.,NYSE
42888,GGG,GRACO INC,NYSE
845982,SNN,SMITH & NEPHEW PLC,NYSE
1816319,LYTHF,Lytus Technologies Holdings PTV. Ltd.,OTC
9389,BALL,BALL Corp,NYSE
1579241,ALLE,Allegion plc,NYSE
1264136,WF,WOORI FINANCIAL GROUP INC.,NYSE
110621,RPM,RPM INTERNATIONAL INC/DE/,NYSE
1095073,EG,"EVEREST GROUP, LTD.",NYSE
1849056,OKLO,Oklo Inc.,NYSE
1333141,FMS,Fresenius Medical Care AG,NYSE
877212,ZBRA,ZEBRA TECHNOLOGIES CORP,Nasdaq
879101,KIM,KIMCO REALTY CORP,NYSE
1766502,CHWY,"Chewy, Inc.",NYSE
1819848,JOBY,"Joby Aviation, Inc.",NYSE
779152,JKHY,JACK HENRY & ASSOCIATES INC,Nasdaq
2029472,PUGBY,Puig Brands S.A./ADR,OTC
832101,IEX,IDEX CORP /DE/,NYSE
59527,LECO,LINCOLN ELECTRIC HOLDINGS INC,Nasdaq
1792044,VTRS,Viatris Inc,Nasdaq
898174,RGA,REINSURANCE GROUP OF AMERICA INC,NYSE
1612042,ASND,Ascendis Pharma A/S,Nasdaq
794170,TOL,"Toll Brothers, Inc.",NYSE
62996,MAS,MASCO CORP /DE/,NYSE
74208,UDR,"UDR, Inc.",NYSE
888491,OHI,OMEGA HEALTHCARE INVESTORS INC,NYSE
928876,TSEM,TOWER SEMICONDUCTOR LTD,Nasdaq
72331,NDSN,NORDSON CORP,Nasdaq
1493594,MTSI,"MACOM Technology Solutions Holdings, Inc.",Nasdaq
720672,SF,STIFEL FINANCIAL CORP,NYSE
1576280,GH,"Guardant Health, Inc.",Nasdaq
48465,HRL,HORMEL FOODS CORP /DE/,NYSE
1347557,PAC,Pacific Airport Group,NYSE
1852131,NXT,Nextpower Inc.,Nasdaq
2074176,VNOM,"Viper Energy, Inc.",Nasdaq
1562401,AMH,American Homes 4 Rent,NYSE
5513,UNM,Unum Group,NYSE
874015,IONS,IONIS PHARMACEUTICALS INC,Nasdaq
1599298,SMMT,Summit Therapeutics Inc.,Nasdaq
2019040,NPXYY,Nippon Sanso Holdings Corporation/ADR,OTC
868857,ACM,AECOM,NYSE
1360901,EVR,Evercore Inc.,NYSE
1157601,MDGL,"MADRIGAL PHARMACEUTICALS, INC.",Nasdaq
822818,CLH,CLEAN HARBORS INC,NYSE
1090425,LAMR,LAMAR ADVERTISING CO/NEW,Nasdaq
1618732,NTNX,"Nutanix, Inc.",Nasdaq
1174922,WYNN,WYNN RESORTS LTD,Nasdaq
1501585,HII,"HUNTINGTON INGALLS INDUSTRIES, INC.",NYSE
1177394,SNX,TD SYNNEX CORP,NYSE
1069258,KTOS,"KRATOS DEFENSE & SECURITY SOLUTIONS, INC.",Nasdaq
1023514,HMY,HARMONY GOLD MINING CO LTD,NYSE
913144,RNR,RENAISSANCERE HOLDINGS LTD,NYSE
1049724,DLAKY,DEUTSCHE LUFTHANSA A G /FI,OTC
1070750,HST,"HOST HOTELS & RESORTS, INC.",Nasdaq
1324404,CF,"CF Industries Holdings, Inc.",NYSE
96223,JEF,Jefferies Financial Group Inc.,NYSE
1736541,NIO,NIO Inc.,NYSE
21076,CLX,CLOROX CO /DE/,NYSE
16058,CACI,CACI INTERNATIONAL INC /DE/,NYSE
1616707,W,Wayfair Inc.,NYSE
929008,WCC,WESCO INTERNATIONAL INC,NYSE
89439,MLI,MUELLER INDUSTRIES INC,NYSE
21175,CNA,CNA FINANCIAL CORP,NYSE
1037540,BXP,"BXP, Inc.",NYSE
719413,HL,HECLA MINING CO/DE/,NYSE
1302215,HLI,"HOULIHAN LOKEY, INC.",NYSE
895417,ELS,EQUITY LIFESTYLE PROPERTIES INC,NYSE
1717115,TEM,"Tempus AI, Inc.",Nasdaq
1564408,SNAP,Snap Inc,NYSE
1070423,PAA,PLAINS ALL AMERICAN PIPELINE LP,Nasdaq
1837429,BNT,Brookfield Wealth Solutions Ltd.,NYSE
310522,FNMA,FEDERAL NATIONAL MORTGAGE ASSOCIATION FANNIE MAE,OTC
910606,REG,REGENCY CENTERS CORP,Nasdaq
1086222,AKAM,AKAMAI TECHNOLOGIES INC,Nasdaq
1031308,BSY,BENTLEY SYSTEMS INC,Nasdaq
1567094,CNH,CNH Industrial N.V.,NYSE
1575965,GLPI,"Gaming & Leisure Properties, Inc.",Nasdaq
1633931,BLD,TopBuild Corp,NYSE
1658566,PR,Permian Resources Corp,NYSE
1842022,DTM,"DT Midstream, Inc.",NYSE
1838413,YMM,Full Truck Alliance Co. Ltd.,NYSE
1531152,BJ,"BJ's Wholesale Club Holdings, Inc.",NYSE
38777,BEN,FRANKLIN RESOURCES INC,NYSE
1321732,PEN,Penumbra Inc,NYSE
1481045,DSEEY,Daiwa Securities Group Inc.,OTC
36966,FHN,FIRST HORIZON CORP,NYSE
1368622,AVAV,AeroVironment Inc,Nasdaq
1097149,ALGN,ALIGN TECHNOLOGY INC,Nasdaq
1316835,BLDR,"Builders FirstSource, Inc.",NYSE
1159152,JHX,James Hardie Industries plc,NYSE
1675149,AA,Alcoa Corp,NYSE
1494728,PSLV,Sprott Physical Silver Trust,NYSE
1579091,CART,Maplebear Inc.,Nasdaq
2030781,SAIL,"SailPoint, Inc.",Nasdaq
1237831,GMED,GLOBUS MEDICAL INC,NYSE
93556,SWK,"STANLEY BLACK & DECKER, INC.",NYSE
1135951,RDY,DR REDDYS LABORATORIES LTD,NYSE
2003292,KLAR,Klarna Group plc,NYSE
914208,IVZ,Invesco Ltd.,NYSE
1078642,CRRFY,CARREFOUR SA,OTC
769218,AEG,AEGON LTD.,NYSE
31791,RVTY,"REVVITY, INC.",NYSE
1352010,EPAM,"EPAM Systems, Inc.",NYSE
1604028,WMS,"ADVANCED DRAINAGE SYSTEMS, INC.",NYSE
1267238,AIZ,"ASSURANT, INC.",NYSE
1355444,EMBJ,EMBRAER S.A.,NYSE
1611052,PCOR,"PROCORE TECHNOLOGIES, INC.",NYSE
1878848,IREN,IREN Ltd,Nasdaq
1756607,EQX,Equinox Gold Corp.,NYSE
765880,DOC,"HEALTHPEAK PROPERTIES, INC.",NYSE
1682852,MRNA,"Moderna, Inc.",Nasdaq
1443646,BAH,Booz Allen Hamilton Holding Corp,NYSE
46080,HAS,"HASBRO, INC.",Nasdaq
1042046,AFG,AMERICAN FINANCIAL GROUP INC,NYSE
28412,CMA,COMERICA INC,NYSE
1341766,CELH,"Celsius Holdings, Inc.",Nasdaq
1219601,CCK,"CROWN HOLDINGS, INC.",NYSE
320335,GL,GLOBE LIFE INC.,NYSE
1061894,GIL,Gildan Activewear Inc.,NYSE
909327,SUZ,Suzano S.A.,NYSE
74260,ORI,OLD REPUBLIC INTERNATIONAL CORP,NYSE
1144215,AYI,ACUITY INC. (DE),NYSE
1289460,TXRH,"Texas Roadhouse, Inc.",Nasdaq
906345,CPT,CAMDEN PROPERTY TRUST,NYSE
1423689,AGNC,AGNC Investment Corp.,Nasdaq
1725057,DAY,"Dayforce, Inc.",NYSE
215466,CDE,"Coeur Mining, Inc.",NYSE
1019849,PAG,"PENSKE AUTOMOTIVE GROUP, INC.",NYSE
1856525,CNM,"Core & Main, Inc.",NYSE
71691,NYT,NEW YORK TIMES CO,NYSE
1013237,FDS,FACTSET RESEARCH SYSTEMS INC,NYSE
317540,COKE,"Coca-Cola Consolidated, Inc.",Nasdaq
89089,SCI,SERVICE CORP INTERNATIONAL,NYSE
939767,EXEL,"EXELIXIS, INC.",Nasdaq
1944013,CR,Crane Co,NYSE
88205,SPXC,"SPX Technologies, Inc.",NYSE
1859392,GLXY,Galaxy Digital Inc.,Nasdaq
1433270,AR,ANTERO RESOURCES Corp,NYSE
1047127,AMKR,"AMKOR TECHNOLOGY, INC.",Nasdaq
91419,SJM,J M SMUCKER Co,NYSE
1801729,NCLTY,"Nitori Holdings Co., Ltd.",OTC
1599901,RNA,"Avidity Biosciences, Inc.",Nasdaq
785161,EHC,Encompass Health Corp,NYSE
78128,WTRG,"Essential Utilities, Inc.",NYSE
1440130,UUGRY,United Utilities Group plc,OTC
1131383,STN,STANTEC INC,NYSE
29644,DCI,DONALDSON Co INC,NYSE
28917,DDS,"DILLARD'S, INC.",NYSE
801337,WBS,WEBSTER FINANCIAL CORP,NYSE
1699838,CFLT,"Confluent, Inc.",Nasdaq
1739104,ELAN,Elanco Animal Health Inc,NYSE
764622,PNW,PINNACLE WEST CAPITAL CORP,NYSE
1056696,MANH,MANHATTAN ASSOCIATES INC,Nasdaq
1049502,MKSI,MKS INC,Nasdaq
1289688,JCYGY,Jardine Cycle & Carriage Ltd.,OTC
1792580,OVV,Ovintiv Inc.,NYSE
855658,LSCC,LATTICE SEMICONDUCTOR CORP,Nasdaq
1826168,TIMB,TIM S.A.,NYSE
350894,SEIC,SEI INVESTMENTS CO,Nasdaq
789570,MGM,MGM Resorts International,NYSE
1013857,PEGA,PEGASYSTEMS INC,Nasdaq
1048477,BMRN,BIOMARIN PHARMACEUTICAL INC,Nasdaq
1125376,ENSG,"ENSIGN GROUP, INC",Nasdaq
1232524,JAZZ,Jazz Pharmaceuticals plc,Nasdaq
4457,UHAL,U-Haul Holding Co /NV/,NYSE
917273,RMBS,RAMBUS INC,Nasdaq
1552275,SUN,Sunoco LP,NYSE
1571283,REXR,"Rexford Industrial Realty, Inc.",NYSE
1177609,FIVE,"FIVE BELOW, INC",Nasdaq
1767582,LKNCY,Luckin Coffee Inc.,OTC
1801368,MP,MP Materials Corp. / DE,NYSE
1866581,BROS,Dutch Bros Inc.,NYSE
4127,SWKS,"SKYWORKS SOLUTIONS, INC.",Nasdaq
67215,DY,DYCOM INDUSTRIES INC,NYSE
1723690,BILI,Bilibili Inc.,Nasdaq
82811,RRX,REGAL REXNORD CORP,NYSE
6201,AAL,American Airlines Group Inc.,Nasdaq
1529192,VIPS,Vipshop Holdings Ltd,NYSE
1584509,ARMK,Aramark,NYSE
874761,AES,AES CORP,NYSE
109563,AIT,APPLIED INDUSTRIAL TECHNOLOGIES INC,NYSE
2071668,MICC,Magnum Ice Cream Co N.V.,NYSE
1015820,QGEN,QIAGEN N.V.,NYSE
1795586,CHYM,"Chime Financial, Inc.",Nasdaq
1545772,BPYPP,Brookfield Property Partners L.P.,Nasdaq
10456,BAX,BAXTER INTERNATIONAL INC,NYSE
1638826,TTAN,"ServiceTitan, Inc.",Nasdaq
1646972,ACI,"Albertsons Companies, Inc.",NYSE
1956827,ABVX,Abivax S.A.,Nasdaq
764038,SSB,SouthState Bank Corp,NYSE
39911,GAP,GAP INC,NYSE
1370946,OC,Owens Corning,NYSE
1648512,SHMXY,Shimadzu Corporation/ADR,OTC
49600,EGP,EASTGROUP PROPERTIES INC,NYSE
879407,ARWR,"ARROWHEAD PHARMACEUTICALS, INC.",Nasdaq
874238,STRL,"STERLING INFRASTRUCTURE, INC.",Nasdaq
1212545,WAL,WESTERN ALLIANCE BANCORPORATION,NYSE
908255,BWA,BORGWARNER INC,NYSE
1123452,ASR,SOUTHEAST AIRPORT GROUP,NYSE
91142,AOS,SMITH A O CORP,NYSE
1173382,CAE,CAE INC,NYSE
1786909,SBSW,Sibanye Stillwater Ltd,NYSE
1262823,WLK,WESTLAKE CORP,NYSE
1601992,SOTGY,Sunny Optical Technology (Group) Co Limited/ADR,OTC
20520,FYBR,"Frontier Communications Parent, Inc.",Nasdaq
1326380,GME,GameStop Corp.,NYSE
1100682,CRL,"CHARLES RIVER LABORATORIES INTERNATIONAL, INC.",NYSE
802481,PPC,PILGRIMS PRIDE CORP,Nasdaq
1513761,NCLH,Norwegian Cruise Line Holdings Ltd.,NYSE
1842827,BZ,Kanzhun Ltd,Nasdaq
1474735,GNRC,GENERAC HOLDINGS INC.,NYSE
1451809,SITM,SITIME Corp,Nasdaq
1015328,WTFC,WINTRUST FINANCIAL CORP,Nasdaq
24545,TAP,MOLSON COORS BEVERAGE CO,NYSE
2083221,SPIIY,SPIE SA/ADR,OTC
1590955,PAYC,"Paycom Software, Inc.",NYSE
1109345,NVMI,NOVA LTD.,Nasdaq
1969729,RCWLY,Rockwool A/S/ADR,OTC
1088856,CORT,CORCEPT THERAPEUTICS INC,Nasdaq
1907982,QBTS,D-Wave Quantum Inc.,NYSE
1734722,PATH,"UiPath, Inc.",NYSE
30625,FLS,FLOWSERVE CORP,NYSE
1034670,ALV,AUTOLIV INC,NYSE
795403,WTS,WATTS WATER TECHNOLOGIES INC,NYSE
2025410,SARO,"StandardAero, Inc.",NYSE
1000228,HSIC,HENRY SCHEIN INC,Nasdaq
1841666,APA,APA Corp,Nasdaq
1366868,GSAT,"Globalstar, Inc.",Nasdaq
1072397,BZLFY,BUNZL PLC,OTC
892553,GTLS,CHART INDUSTRIES INC,NYSE
1915657,DINO,HF Sinclair Corp,NYSE
1868159,LINE,"Lineage, Inc.",Nasdaq
1177702,SAIA,SAIA INC,Nasdaq
1380365,IDKOY,"IDEMITSU KOSAN CO., LTD",OTC
1833756,DRS,"Leonardo DRS, Inc.",Nasdaq
1637207,PLNT,"Planet Fitness, Inc.",NYSE
1405495,IDCC,"InterDigital, Inc.",Nasdaq
1179929,MOH,"MOLINA HEALTHCARE, INC.",NYSE
842023,TECH,BIO-TECHNE Corp,Nasdaq
1048268,IESC,"IES Holdings, Inc.",Nasdaq
1203464,IAG,IAMGOLD CORP,NYSE
1669162,KNSL,"Kinsale Capital Group, Inc.",NYSE
1562088,DUOL,"Duolingo, Inc.",Nasdaq
831641,TTEK,TETRA TECH INC,Nasdaq
1787425,XP,XP Inc.,Nasdaq
2040127,KRMN,Karman Holdings Inc.,NYSE
1289419,MORN,"Morningstar, Inc.",Nasdaq
1372920,EDU,New Oriental Education & Technology Group Inc.,NYSE
892450,KT,KT CORP,NYSE
1910139,MBLY,Mobileye Global Inc.,Nasdaq
1835830,KVYO,"Klaviyo, Inc.",NYSE
101382,UMBF,UMB FINANCIAL CORP,Nasdaq
707179,ONB,OLD NATIONAL BANCORP /IN/,Nasdaq
945841,POOL,POOL CORP,Nasdaq
897723,SANM,SANMINA CORP,Nasdaq
2062522,GWKSY,GAMES WORKSHOP GROUP PLC/ADR,OTC
1021635,OGE,OGE ENERGY CORP.,NYSE
1783398,UWMC,UWM Holdings Corp,NYSE
730272,RGEN,REPLIGEN CORP,Nasdaq
91388,SFD,SMITHFIELD FOODS INC,Nasdaq
938323,PSO,PEARSON PLC,NYSE
1034983,MINBY,MINEBEA MITSUMI Inc.,OTC
1632970,AHR,"American Healthcare REIT, Inc.",NYSE
2064124,FIGR,"Figure Technology Solutions, Inc.",Nasdaq
887343,COLB,"COLUMBIA BANKING SYSTEM, INC.",Nasdaq
1062579,DOX,AMDOCS LTD,Nasdaq
109380,ZION,"ZIONS BANCORPORATION, NATIONAL ASSOCIATION /UT/",Nasdaq
927066,DVA,DAVITA INC.,NYSE
18926,LUMN,"Lumen Technologies, Inc.",NYSE
912958,TIGO,MILLICOM INTERNATIONAL CELLULAR SA,Nasdaq
315852,RRC,RANGE RESOURCES CORP,NYSE
34903,FRT,FEDERAL REALTY INVESTMENT TRUST,NYSE
1492691,KNX,Knight-Swift Transportation Holdings Inc.,NYSE
1623925,AM,Antero Midstream Corp,NYSE
1447126,KAIKY,Kawasaki Kisen Kaisha Ltd,OTC
16732,CPB,CAMPBELL'S Co,Nasdaq
59558,LNC,LINCOLN NATIONAL CORP,NYSE
1838359,RGTI,"Rigetti Computing, Inc.",Nasdaq
1588823,TFII,TFI International Inc.,NYSE
23217,CAG,CONAGRA BRANDS INC.,NYSE
94845,LEVI,LEVI STRAUSS & CO,NYSE
775158,OSK,OSHKOSH CORP,NYSE
1002638,OTEX,OPEN TEXT CORP,Nasdaq
1828108,AUR,"Aurora Innovation, Inc.",Nasdaq
1773751,HIMS,"Hims & Hers Health, Inc.",NYSE
1726122,CEF,Sprott Physical Gold & Silver Trust,NYSE
1428336,HQY,"HEALTHEQUITY, INC.",Nasdaq
1298675,CUBE,CubeSmart,NYSE
1475922,PRI,"Primerica, Inc.",NYSE
1977102,BIRK,Birkenstock Holding plc,NYSE
1516513,DOCS,"Doximity, Inc.",NYSE
1285785,MOS,MOSAIC CO,NYSE
1411207,ALSN,Allison Transmission Holdings Inc,NYSE
1591698,PCTY,Paylocity Holding Corp,Nasdaq
1023128,LAD,LITHIA MOTORS INC,NYSE
1398659,G,Genpact LTD,NYSE
1433195,APPF,APPFOLIO INC,Nasdaq
1679273,LW,"Lamb Weston Holdings, Inc.",NYSE
12208,BIO,"BIO-RAD LABORATORIES, INC.",NYSE
924805,FRHC,Freedom Holding Corp.,Nasdaq
39263,CFR,"CULLEN/FROST BANKERS, INC.",NYSE
1759509,LYFT,"Lyft, Inc.",Nasdaq
917251,ADC,AGREE REALTY CORP,NYSE
102729,VMI,VALMONT INDUSTRIES INC,NYSE
1505880,PNDRY,Pandora A/S / ADR,OTC
884614,UGI,UGI CORP /PA/,NYSE
1829667,RGC,Regencell Bioscience Holdings Ltd,Nasdaq
1327068,USO,"United States Oil Fund, LP",NYSE
20212,CHDN,Churchill Downs Inc,Nasdaq
1584207,OMF,"OneMain Holdings, Inc.",NYSE
1604778,QRVO,"Qorvo, Inc.",Nasdaq
1299939,CADE,Cadence Bank,NYSE
1800667,FROG,JFrog Ltd,Nasdaq
763901,BPOP,"POPULAR, INC.",Nasdaq
1214816,AXS,AXIS CAPITAL HOLDINGS LTD,NYSE
880266,AGCO,AGCO CORP /DE,NYSE
1748797,DOO,BRP Inc.,Nasdaq
1707753,ESTC,Elastic N.V.,NYSE
1590717,CTRE,"CareTrust REIT, Inc.",NYSE
1845338,MNDY,monday.com Ltd.,Nasdaq
927003,AEIS,ADVANCED ENERGY INDUSTRIES INC,Nasdaq
7431,AWI,ARMSTRONG WORLD INDUSTRIES INC,NYSE
1035443,ARE,"ALEXANDRIA REAL ESTATE EQUITIES, INC.",NYSE
1433660,JBTM,JBT Marel Corp,NYSE
1796022,STEP,StepStone Group Inc.,Nasdaq
891103,MTCH,"Match Group, Inc.",Nasdaq
896622,ATR,"APTARGROUP, INC.",NYSE
1065696,LKQ,LKQ CORP,Nasdaq
921825,FR,FIRST INDUSTRIAL REALTY TRUST INC,NYSE
2064953,SOLS,Solstice Advanced Materials Inc.,Nasdaq
1114700,GGAL,GRUPO FINANCIERO GALICIA SA,Nasdaq
2063196,NTSK,Netskope Inc,Nasdaq
1439288,ZWS,Zurn Elkay Water Solutions Corp,NYSE
1144879,APLD,Applied Digital Corp.,Nasdaq
1495153,MMYT,MakeMyTrip Ltd,Nasdaq
1004434,AMG,"AFFILIATED MANAGERS GROUP, INC.",NYSE
1581068,BRX,Brixmor Property Group Inc.,NYSE
1573516,MUSA,Murphy USA Inc.,NYSE
1919275,VARRY,Var Energi ASA/ADR,OTC
22444,CMC,COMMERCIAL METALS Co,NYSE
1050140,DSGX,DESCARTES SYSTEMS GROUP INC,Nasdaq
67887,MOG-A,MOOG INC.,NYSE
1015650,SKM,SK TELECOM CO LTD,NYSE
1308648,AG,FIRST MAJESTIC SILVER CORP,NYSE
1061983,CYTK,CYTOKINETICS INC,Nasdaq
1575515,SFM,"Sprouts Farmers Market, Inc.",Nasdaq
704532,ONTO,ONTO INNOVATION INC.,NYSE
1041792,ELP,ENERGY CO OF PARANA,NYSE
1115055,PNFP,PINNACLE FINANCIAL PARTNERS INC,Nasdaq
85961,R,RYDER SYSTEM INC,NYSE
1913510,VFS,VinFast Auto Ltd.,Nasdaq
751364,NNN,"NNN REIT, INC.",NYSE
103379,VFC,V F CORP,NYSE
350698,AN,"AUTONATION, INC.",NYSE
1722482,AVTR,"Avantor, Inc.",NYSE
1861560,NUVL,"Nuvalent, Inc.",Nasdaq
1116942,TTMI,TTM TECHNOLOGIES INC,Nasdaq
1649904,RYTM,"RHYTHM PHARMACEUTICALS, INC.",Nasdaq
2019410,CAI,"Caris Life Sciences, Inc.",Nasdaq
1438569,GRFS,Grifols SA,Nasdaq
875357,BOKF,BOK FINANCIAL CORP,Nasdaq
915389,EMN,EASTMAN CHEMICAL CO,NYSE
1342874,TX,Ternium S.A.,NYSE
769520,MIDD,MIDDLEBY Corp,Nasdaq
22356,CBSH,COMMERCE BANCSHARES INC /MO/,Nasdaq
1579428,AXSM,"Axsome Therapeutics, Inc.",Nasdaq
1467623,DBX,"DROPBOX, INC.",Nasdaq
70145,NFG,NATIONAL FUEL GAS CO,NYSE
937556,MASI,MASIMO CORP,Nasdaq
1322422,HBM,Hudbay Minerals Inc.,NYSE
913353,CIGI,Colliers International Group Inc.,Nasdaq
1510599,PDI,PIMCO Dynamic Income Fund,NYSE
899689,VNO,VORNADO REALTY TRUST,NYSE
1822993,JXN,Jackson Financial Inc.,NYSE
1651311,MRUS,Merus N.V.,Nasdaq
67347,MOD,MODINE MANUFACTURING CO,NYSE
918646,EXP,EAGLE MATERIALS INC,NYSE
912615,URBN,URBAN OUTFITTERS INC,Nasdaq
1580905,IBP,"Installed Building Products, Inc.",NYSE
1789832,HESM,Hess Midstream LP,NYSE
908937,SIRI,SIRIUS XM HOLDINGS INC.,Nasdaq
1159036,HALO,"HALOZYME THERAPEUTICS, INC.",Nasdaq
1433642,HLNE,Hamilton Lane INC,Nasdaq
737758,TTC,TORO CO,NYSE
18349,SNV,SYNOVUS FINANCIAL CORP,NYSE
840489,FCFS,"FirstCash Holdings, Inc.",Nasdaq
764065,CLF,CLEVELAND-CLIFFS INC.,NYSE
1046257,INGR,Ingredion Inc,NYSE
1073404,GGB,GERDAU S.A.,NYSE
1829726,TFPM,Triple Flag Precious Metals Corp.,NYSE
1592386,VIRT,"Virtu Financial, Inc.",NYSE
1479094,STAG,"STAG Industrial, Inc.",NYSE
1784570,BETA,"BETA Technologies, Inc.",NYSE
1815442,KYMR,"Kymera Therapeutics, Inc.",Nasdaq
2011286,AMTM,"Amentum Holdings, Inc.",NYSE
1487712,AL,AIR LEASE CORP,NYSE
1013131,BVN,BUENAVENTURA MINING CO INC,NYSE
1535929,VOYA,"Voya Financial, Inc.",NYSE
1866368,CWAN,"Clearwater Analytics Holdings, Inc.",NYSE
1274173,JHG,JANUS HENDERSON GROUP PLC,NYSE
1711279,KRYS,"Krystal Biotech, Inc.",Nasdaq
1811414,QS,QuantumScape Corp,NYSE
1282637,NEU,NEWMARKET CORP,NYSE
1877322,ESAB,ESAB Corp,NYSE
920371,SSD,"Simpson Manufacturing Co., Inc.",NYSE
1637810,FSV,FirstService Corp,Nasdaq
1124198,FLR,FLUOR CORP,NYSE
2084022,SFGYY,Sony Financial Group Inc./ADR,OTC
918608,EGO,ELDORADO GOLD CORP /FI,NYSE
1465128,STWD,"STARWOOD PROPERTY TRUST, INC.",NYSE
1499620,TAL,TAL Education Group,NYSE
851968,MHK,MOHAWK INDUSTRIES INC,NYSE
1639300,OLLI,"Ollie's Bargain Outlet Holdings, Inc.",Nasdaq
1791863,BEPC,Brookfield Renewable Corp,NYSE
1516324,BTDPY,Barratt Developments PLC/ADR,OTC
1526125,GDS,GDS Holdings Ltd,Nasdaq
1610618,CDTX,"Cidara Therapeutics, Inc.",Nasdaq
1068851,PB,PROSPERITY BANCSHARES INC,NYSE
1611983,LBRDA,Liberty Broadband Corp,Nasdaq
1296445,ORA,"ORMAT TECHNOLOGIES, INC.",NYSE
1109354,BRKR,BRUKER CORP,Nasdaq
1819989,CIFR,Cipher Mining Inc.,Nasdaq
1954042,ZK,ZEEKR Intelligent Technology Holding Ltd,NYSE
906553,BYD,BOYD GAMING CORP,NYSE
1836470,SRAD,Sportradar Group AG,Nasdaq
1835963,GLBE,Global-E Online Ltd.,Nasdaq
1971542,QMMM,QMMM Holdings Ltd,Nasdaq
1361538,PRIM,Primoris Services Corp,NYSE
1057877,IDA,IDACORP INC,NYSE
1745916,PFSI,"PennyMac Financial Services, Inc.",NYSE
1627272,OR,OR Royalties Inc.,NYSE
275880,PSN,PARSONS CORP,NYSE
88941,SMTC,SEMTECH CORP,Nasdaq
277509,FSS,FEDERAL SIGNAL CORP /DE/,NYSE
1003935,NICE,NICE Ltd.,Nasdaq
1297989,EXLS,"ExlService Holdings, Inc.",Nasdaq
1626115,PJT,PJT Partners Inc.,NYSE
1689548,PRAX,"Praxis Precision Medicines, Inc.",Nasdaq
1026214,FMCC,FEDERAL HOME LOAN MORTGAGE CORP,OTC
1157557,CIG,ENERGY CO OF MINAS GERAIS,NYSE
1278021,MKTX,MARKETAXESS HOLDINGS INC,Nasdaq
876437,MTG,MGIC INVESTMENT CORP,NYSE
800166,NGD,New Gold Inc. /FI,NYSE
714310,VLY,VALLEY NATIONAL BANCORP,Nasdaq
1653482,GTLB,Gitlab Inc.,Nasdaq
1655888,OBDC,Blue Owl Capital Corp,NYSE
1703056,ADT,ADT Inc.,NYSE
1747777,OTF,Blue Owl Technology Finance Corp.,NYSE
1567683,CWEN,"Clearway Energy, Inc.",NYSE
1584273,SNROY,"Sanrio Company, Ltd./ADR",OTC
944695,THG,"HANOVER INSURANCE GROUP, INC.",NYSE
1865782,BTSG,"BrightSpring Health Services, Inc.",Nasdaq
1872195,BLSH,Bullish,NYSE
1507079,FND,"Floor & Decor Holdings, Inc.",NYSE
1616862,AXTA,Axalta Coating Systems Ltd.,NYSE
1636222,WING,Wingstop Inc.,Nasdaq
201533,CMS-PB,CONSUMERS ENERGY CO,NYSE
2000178,LOAR,Loar Holdings Inc.,NYSE
941221,ICL,ICL Group Ltd.,NYSE
889331,LFUS,LITTELFUSE INC /DE,Nasdaq
63276,MAT,MATTEL INC /DE/,Nasdaq
1472787,FAF,First American Financial Corp,NYSE
1736035,BXSL,Blackstone Secured Lending Fund,NYSE
1308547,DLB,"Dolby Laboratories, Inc.",NYSE
1622229,COGT,"Cogent Biosciences, Inc.",Nasdaq
794367,M,"Macy's, Inc.",NYSE
1108426,TXNM,TXNM ENERGY INC,NYSE
703351,EAT,"BRINKER INTERNATIONAL, INC",NYSE
23194,CRK,COMSTOCK RESOURCES INC,NYSE
824142,AAON,"AAON, INC.",Nasdaq
1590714,ESI,Element Solutions Inc,NYSE
66570,MSA,MSA Safety Inc,NYSE
1476150,TRNO,Terreno Realty Corp,NYSE
1448893,ESNT,Essent Group Ltd.,NYSE
772406,CRUS,"CIRRUS LOGIC, INC.",Nasdaq
37808,FNB,FNB CORP/PA/,NYSE
1653653,RRR,"Red Rock Resorts, Inc.",Nasdaq
1519751,FBIN,"Fortune Brands Innovations, Inc.",NYSE
911177,CWST,CASELLA WASTE SYSTEMS INC,Nasdaq
1801169,OPEN,Opendoor Technologies Inc.,Nasdaq
1610250,BOOT,"Boot Barn Holdings, Inc.",NYSE
1192448,GKOS,GLAUKOS Corp,NYSE
1990354,WAY,Waystar Holding Corp.,Nasdaq
1334933,UEC,URANIUM ENERGY CORP,NYSE
19584,CHE,CHEMED CORP,NYSE
1718227,ROAD,"Construction Partners, Inc.",Nasdaq
1639438,CAVA,"CAVA GROUP, INC.",NYSE
100826,UELMO,UNION ELECTRIC CO,OTC
1867072,KD,"Kyndryl Holdings, Inc.",NYSE
1969302,PONY,Pony AI Inc.,Nasdaq
56047,KEX,KIRBY CORP,NYSE
1040829,RHP,"Ryman Hospitality Properties, Inc.",NYSE
1012100,SEE,SEALED AIR CORP/DE,NYSE
1142417,NXST,"NEXSTAR MEDIA GROUP, INC.",Nasdaq
1429937,BTG,B2GOLD CORP,NYSE
1556593,RITM,Rithm Capital Corp.,NYSE
1347426,BMA,Macro Bank Inc.,NYSE
1170010,KMX,CARMAX INC,NYSE
1562476,TMHC,Taylor Morrison Home Corp,NYSE
1824502,ACHR,Archer Aviation Inc.,NYSE
1360604,HR,Healthcare Realty Trust Inc,NYSE
1794669,FOUR,"Shift4 Payments, Inc.",NYSE
2041918,LOTMY,Lottomatica Group S.p.A./ADR,OTC
1021860,NOV,NOV Inc.,NYSE
98362,TKR,TIMKEN CO,NYSE
1852244,GXO,"GXO Logistics, Inc.",NYSE
2042694,PRMB,Primo Brands Corp,NYSE
1070081,PTCT,"PTC THERAPEUTICS, INC.",Nasdaq
1728951,EPRT,"ESSENTIAL PROPERTIES REALTY TRUST, INC.",NYSE
60519,LPX,LOUISIANA-PACIFIC CORP,NYSE
1563190,COMP,"Compass, Inc.",NYSE
842162,LEA,LEAR CORP,NYSE
1809987,MIR,"Mirion Technologies, Inc.",NYSE
1860742,BLCO,Bausch & Lomb Corp,NYSE
851205,CGNX,COGNEX CORP,Nasdaq
1083301,WULF,TERAWULF INC.,Nasdaq
40211,GATX,GATX CORP,NYSE
766421,ALK,"ALASKA AIR GROUP, INC.",NYSE
1377121,PTGX,"Protagonist Therapeutics, Inc",Nasdaq
2071778,FRMI,Fermi Inc.,Nasdaq
1853717,ATAT,Atour Lifestyle Holdings Ltd,Nasdaq
1815846,MNSO,MINISO Group Holding Ltd,NYSE
1230245,PIPR,PIPER SANDLER COMPANIES,NYSE
84246,RLI,RLI CORP,NYSE
1722684,WH,"WYNDHAM HOTELS & RESORTS, INC.",NYSE
1823529,ACT,"Enact Holdings, Inc.",Nasdaq
7536,ARW,"ARROW ELECTRONICS, INC.",NYSE
1691421,LMND,"Lemonade, Inc.",NYSE
1698535,NXE,NexGen Energy Ltd.,NYSE
1649094,PCVX,"Vaxcyte, Inc.",Nasdaq
717605,HXL,HEXCEL CORP /DE/,NYSE
812011,MTN,VAIL RESORTS INC,NYSE
916540,DAR,DARLING INGREDIENTS INC.,NYSE
1650729,SITE,"SiteOne Landscape Supply, Inc.",NYSE
932470,TEO,TELECOM ARGENTINA SA,NYSE
1878057,SGHC,Super Group (SGHC) Ltd,NYSE
1692115,SWX,"Southwest Gas Holdings, Inc.",NYSE
1603923,WFRD,Weatherford International plc,Nasdaq
2041385,RAL,Ralliant Corp,NYSE
868671,GBCI,"GLACIER BANCORP, INC.",NYSE
1836833,PL,Planet Labs PBC,NYSE
1636519,MSGS,Madison Square Garden Sports Corp.,NYSE
790526,RDNT,"RadNet, Inc.",Nasdaq
1437578,BFAM,BRIGHT HORIZONS FAMILY SOLUTIONS INC.,NYSE
1167419,RIOT,"Riot Platforms, Inc.",Nasdaq
1849853,STVN,Stevanato Group S.p.A.,NYSE
2019061,SOBO,South Bow Corp,NYSE
1869198,LTH,"Life Time Group Holdings, Inc.",NYSE
1576789,WIX,Wix.com Ltd.,Nasdaq
1718512,GTES,Gates Industrial Corp plc,NYSE
1331520,HOMB,HOME BANCSHARES INC,NYSE
1005284,OLED,UNIVERSAL DISPLAY CORP \PA\,Nasdaq
1357615,KBR,"KBR, INC.",NYSE
1032033,SLM,SLM Corp,Nasdaq
96943,TFX,TELEFLEX INC,NYSE
1486159,CHRD,Chord Energy Corp,Nasdaq
750577,HWC,HANCOCK WHITNEY CORP,Nasdaq
1396440,MAIN,Main Street Capital CORP,NYSE
2065601,CBC,"Central Bancompany, Inc.",Nasdaq
1788348,BIPC,Brookfield Infrastructure Corp,NYSE
1659939,ENIC,Enel Chile S.A.,NYSE
1856314,YOU,"Clear Secure, Inc.",NYSE
12659,HRB,H&R BLOCK INC,NYSE
887936,FCN,"FTI CONSULTING, INC",NYSE
1520006,MTDR,Matador Resources Co,NYSE
1107843,QLYS,"QUALYS, INC.",Nasdaq
1289308,ENS,EnerSys,NYSE
729986,UBSI,UNITED BANKSHARES INC/WV,Nasdaq
1786352,BILL,"BILL Holdings, Inc.",NYSE
1130464,BKH,BLACK HILLS CORP /SD/,NYSE
1569650,OZK,Bank OZK,Nasdaq
1786842,VNT,Vontier Corp,NYSE
1070412,CNX,CNX Resources Corp,NYSE
1388658,IRTC,"iRhythm Technologies, Inc.",Nasdaq
9092,BMI,BADGER METER INC,NYSE
1674416,CRSP,CRISPR Therapeutics AG,Nasdaq
931427,TGS,GAS TRANSPORTER OF THE SOUTH INC,NYSE
1169561,CVLT,COMMVAULT SYSTEMS INC,Nasdaq
1740332,REZI,"RESIDEO TECHNOLOGIES, INC.",NYSE
730263,THO,THOR INDUSTRIES INC,NYSE
784977,POR,PORTLAND GENERAL ELECTRIC CO /OR/,NYSE
2001184,PACS,"PACS Group, Inc.",NYSE
1739445,ACA,"Arcosa, Inc.",NYSE
1014739,OPCH,"Option Care Health, Inc.",Nasdaq
912767,UFPI,UFP INDUSTRIES INC,Nasdaq
1530950,POST,"Post Holdings, Inc.",NYSE
910073,FLG,"FLAGSTAR BANK, NATIONAL ASSOCIATION",NYSE
1624794,CSW,"CSW INDUSTRIALS, INC.",NYSE
1482512,HPP,"Hudson Pacific Properties, Inc.",NYSE
1897762,INGM,Ingram Micro Holding Corp,NYSE
1018840,ANF,ABERCROMBIE & FITCH CO /DE/,NYSE
351569,ABCB,Ameris Bancorp,NYSE
1889109,BLTE,"BELITE BIO, INC",Nasdaq
1370637,ETSY,ETSY INC,NYSE
1581760,LIF,"Life360, Inc.",Nasdaq
866706,ESE,ESCO TECHNOLOGIES INC,NYSE
1071321,TKC,TURKCELL ILETISIM HIZMETLERI A S,NYSE
885550,CACC,CREDIT ACCEPTANCE CORP,Nasdaq
1378239,OMAB,Central North Airport Group,Nasdaq
1309108,WEX,WEX Inc.,NYSE
2017206,MRP,"Millrose Properties, Inc.",NYSE
1286043,KRG,KITE REALTY GROUP TRUST,NYSE
776867,WTM,WHITE MOUNTAINS INSURANCE GROUP LTD,NYSE
1031203,GPI,GROUP 1 AUTOMOTIVE INC,NYSE
1974640,APGE,"Apogee Therapeutics, Inc.",Nasdaq
883948,AUB,Atlantic Union Bankshares Corp,NYSE
1449664,NWSGY,CTF Services Ltd,OTC
1822966,SMR,NUSCALE POWER Corp,NYSE
355811,GNTX,GENTEX CORP,Nasdaq
64996,MCY,MERCURY GENERAL CORP,NYSE
1596967,MC,Moelis & Co,NYSE
1762506,VIST,"Vista Energy, S.A.B. de C.V.",NYSE
1496919,MBRFY,MARFRIG GLOBAL FOODS S.A.,OTC
1337634,STUB,"StubHub Holdings, Inc.",NYSE
1786431,REYN,Reynolds Consumer Products Inc.,Nasdaq
856982,MMSI,MERIT MEDICAL SYSTEMS INC,Nasdaq
853816,LSTR,LANDSTAR SYSTEM INC,Nasdaq
1583708,S,"SentinelOne, Inc.",NYSE
1364479,HRI,HERC HOLDINGS INC,NYSE
833079,MTH,Meritage Homes CORP,NYSE
1839341,CORZ,"Core Scientific, Inc./tx",Nasdaq
1922641,ENLT,Enlight Renewable Energy Ltd.,Nasdaq
913290,FRO,Frontline plc,NYSE
913760,SNEX,StoneX Group Inc.,Nasdaq
1590895,CZR,"Caesars Entertainment, Inc.",Nasdaq
1699996,XNJJY,"Xinjiang Goldwind Science & Technology Co., Ltd./ADR",OTC
1469395,PAM,Pampa Energy Inc.,NYSE
1477294,ST,Sensata Technologies Holding plc,NYSE
1109138,CAMT,CAMTEK LTD,Nasdaq
9326,BCPC,BALCHEM CORP,Nasdaq
861459,GVA,GRANITE CONSTRUCTION INC,NYSE
1818201,CCC,CCC Intelligent Solutions Holdings Inc.,Nasdaq
866291,ALGM,"ALLEGRO MICROSYSTEMS, INC.",Nasdaq
1981792,HHH,Howard Hughes Holdings Inc.,NYSE
912242,MAC,MACERICH CO,NYSE
230557,SIGI,SELECTIVE INSURANCE GROUP INC,Nasdaq
1001316,TGTX,"TG THERAPEUTICS, INC.",Nasdaq
1672013,GOLF,Acushnet Holdings Corp.,NYSE
78890,BCO,BRINKS CO,NYSE
90896,SKY,"Champion Homes, Inc.",NYSE
1345105,CPA,"Copa Holdings, S.A.",NYSE
1126956,SR,SPIRE INC,NYSE
1504764,AVAL,Grupo Aval Acciones Y Valores S.A.,NYSE
1445305,WK,WORKIVA INC,NYSE
1334036,CROX,"Crocs, Inc.",Nasdaq
935036,ACIW,"ACI WORLDWIDE, INC.",Nasdaq
1840856,SOUN,"SOUNDHOUND AI, INC.",Nasdaq
104889,GHC,Graham Holdings Co,NYSE
1603454,CELC,Celcuity Inc.,Nasdaq
890926,RDN,RADIAN GROUP INC,NYSE
1476204,PECO,"Phillips Edison & Company, Inc.",Nasdaq
913142,BDC,BELDEN INC.,NYSE
797721,VSAT,VIASAT INC,Nasdaq
1003078,MSM,MSC INDUSTRIAL DIRECT CO INC,NYSE
1025996,KRC,KILROY REALTY CORP,NYSE
14930,BC,BRUNSWICK CORP,NYSE
1311370,LAZ,"Lazard, Inc.",NYSE
1299709,AX,"Axos Financial, Inc.",NYSE
1805077,EOSE,"Eos Energy Enterprises, Inc.",Nasdaq
1258602,NNI,NELNET INC,NYSE
1647639,UPST,"Upstart Holdings, Inc.",Nasdaq
1568651,OSCR,"Oscar Health, Inc.",NYSE
1831363,TERN,"Terns Pharmaceuticals, Inc.",Nasdaq
1492298,SBRA,"Sabra Health Care REIT, Inc.",Nasdaq
1822479,SHC,Sotera Health Co,Nasdaq
1727196,SRRK,Scholar Rock Holding Corp,Nasdaq
1658247,CRNX,"Crinetics Pharmaceuticals, Inc.",Nasdaq
1144980,ABG,ASBURY AUTOMOTIVE GROUP INC,NYSE
717423,MUR,MURPHY OIL CORP,NYSE
78150,PHI,PLDT Inc.,NYSE
806968,WPP,WPP plc,NYSE
1032220,MMS,"MAXIMUS, INC.",NYSE
1869666,HAPVD,Hapvida Participacoes e Investimentos S.A./ADR,OTC
1370418,SLFPY,STANDARD LIFE PLC,OTC
1306830,CE,Celanese Corp,NYSE
278166,CVCO,"CAVCO INDUSTRIES, INC.",Nasdaq
912766,LAUR,"LAUREATE EDUCATION, INC.",Nasdaq
1692063,SNDR,"Schneider National, Inc.",NYSE
1402388,WFG,"WEST FRASER TIMBER CO., LTD",NYSE
1368514,ADMA,"ADMA BIOLOGICS, INC.",Nasdaq
1895262,NE,Noble Corp plc,NYSE
1520262,ALKS,Alkermes plc.,Nasdaq
1410384,QTWO,"Q2 Holdings, Inc.",NYSE
2054696,NIQ,NIQ Global Intelligence plc,NYSE
1934850,FG,"F&G Annuities & Life, Inc.",NYSE
813762,IEP,ICAHN ENTERPRISES L.P.,Nasdaq
1866364,BULL,Webull Corp,Nasdaq
1615903,IFS,Intercorp Financial Services Inc.,NYSE
1888886,GPCR,Structure Therapeutics Inc.,Nasdaq
1764013,IMVT,"Immunovant, Inc.",Nasdaq
356309,NJR,NEW JERSEY RESOURCES CORP,NYSE
723612,CAR,"AVIS BUDGET GROUP, INC.",Nasdaq
1587732,OGS,"ONE Gas, Inc.",NYSE
1408075,GPK,GRAPHIC PACKAGING HOLDING CO,NYSE
1854587,CLBT,Cellebrite DI Ltd.,Nasdaq
1571123,SAIC,Science Applications International Corp,Nasdaq
1361658,TNL,Travel & Leisure Co.,NYSE
2018852,SHTPY,SCHOTT Pharma AG & Co. KGaA/ADR,OTC
1164863,NPO,Enpro Inc.,NYSE
1430162,CSAN,Cosan S.A.,NYSE
57515,MZTI,MARZETTI CO,Nasdaq
2070849,BLLN,"BillionToOne, Inc.",Nasdaq
2091467,BGSI,Boyd Group Services Inc.,NYSE
1389050,AROC,"Archrock, Inc.",NYSE
1070494,ACAD,ACADIA PHARMACEUTICALS INC,Nasdaq
1451505,RIG,Transocean Ltd.,NYSE
1600033,ELF,"e.l.f. Beauty, Inc.",NYSE
1851003,ZETA,Zeta Global Holdings Corp.,NYSE
1538118,YKLTY,"Yakult Honsha Co., LTD/ADR",OTC
887153,SIM,"GRUPO SIMEC, S.A.B. de C.V.",NYSE
1317685,ALH,Alliance Laundry Holdings Inc.,NYSE
1065059,LEU,CENTRUS ENERGY CORP,NYSE
1174169,AQN,ALGONQUIN POWER & UTILITIES CORP.,NYSE
1521036,LNTH,"Lantheus Holdings, Inc.",Nasdaq
921638,SSRM,SSR MINING INC.,Nasdaq
36029,FFIN,FIRST FINANCIAL BANKSHARES INC,Nasdaq
315709,IBOC,INTERNATIONAL BANCSHARES CORP,Nasdaq
7789,ASB,ASSOCIATED BANC-CORP,NYSE
2015845,ECG,"Everus Construction Group, Inc.",NYSE
1038074,SLAB,SILICON LABORATORIES INC.,Nasdaq
1049521,MRCY,MERCURY SYSTEMS INC,Nasdaq
1964789,HUT,Hut 8 Corp.,Nasdaq
1625297,INDV,INDIVIOR PLC,Nasdaq
100591,AGX,ARGAN INC,NYSE
1680056,ORLA,Orla Mining Ltd.,NYSE
1840776,HGTY,"Hagerty, Inc.",NYSE
825313,AB,ALLIANCEBERNSTEIN HOLDING L.P.,NYSE
1012019,RUSHA,RUSH ENTERPRISES INC \TX\,Nasdaq
1793659,RSI,"Rush Street Interactive, Inc.",NYSE
1051512,TDS,TELEPHONE & DATA SYSTEMS INC /DE/,NYSE
1995807,LB,LandBridge Co LLC,NYSE
1810546,EBC,"Eastern Bankshares, Inc.",Nasdaq
1434588,LOPE,"Grand Canyon Education, Inc.",Nasdaq
780571,ITRI,"ITRON, INC.",Nasdaq
1039065,OSIS,OSI SYSTEMS INC,Nasdaq
2052568,LGN,Legence Corp.,Nasdaq
1710366,CNR,"Core Natural Resources, Inc.",NYSE
751978,VICR,VICOR CORP,Nasdaq
1618563,NSA,National Storage Affiliates Trust,NYSE
1691303,HCC,"WARRIOR MET COAL, INC.",NYSE
1581990,PAGP,PLAINS GP HOLDINGS LP,Nasdaq
1582961,DOCN,"DigitalOcean Holdings, Inc.",NYSE
1818331,WGS,GeneDx Holdings Corp.,Nasdaq
1114995,PI,IMPINJ INC,Nasdaq
1856437,VSCO,Victoria's Secret & Co.,NYSE
1690680,NMRK,"NEWMARK GROUP, INC.",Nasdaq
1955520,KNF,Knife River Corp,NYSE
1077428,TCBI,TEXAS CAPITAL BANCSHARES INC/TX,Nasdaq
106640,WHR,WHIRLPOOL CORP /DE/,NYSE
1545057,PTXKY,PT XLSMART Telecom Sejahtera Tbk/ADR,OTC
1507605,MARA,"MARA Holdings, Inc.",Nasdaq
1698990,MGY,Magnolia Oil & Gas Corp,NYSE
1889956,OS,"OneStream, Inc.",Nasdaq
1756262,TMDX,"TransMedics Group, Inc.",Nasdaq
1372612,BOX,BOX INC,NYSE
1517228,COMM,"CommScope Holding Company, Inc.",Nasdaq
1921963,ATMU,Atmus Filtration Technologies Inc.,NYSE
785786,PLXS,PLEXUS CORP,Nasdaq
1422183,FSK,FS KKR Capital Corp,NYSE
919012,AEO,AMERICAN EAGLE OUTFITTERS INC,NYSE
821130,AD,"ARRAY DIGITAL INFRASTRUCTURE, INC.",NYSE
849869,SLGN,SILGAN HOLDINGS INC,NYSE
1039399,FORM,FORMFACTOR INC,Nasdaq
1273813,AGO,ASSURED GUARANTY LTD,NYSE
1076930,NOVT,NOVANTA INC,Nasdaq
38725,FELE,FRANKLIN ELECTRIC CO INC,Nasdaq
793733,SKYW,SKYWEST INC,Nasdaq
1094831,BGC,"BGC Group, Inc.",Nasdaq
1570827,VCTR,"Victory Capital Holdings, Inc.",Nasdaq
1820872,GBTG,"Global Business Travel Group, Inc.",NYSE
795266,KBH,KB HOME,NYSE
1046311,CHH,CHOICE HOTELS INTERNATIONAL INC /DE,NYSE
88121,SEB,SEABOARD CORP /DE/,NYSE
1717393,CAAP,CORPORACION AMERICA AIRPORTS S.A.,NYSE
1936258,NAMS,NewAmsterdam Pharma Co N.V.,Nasdaq
16160,CALM,CAL-MAINE FOODS INC,Nasdaq
1290109,LPL,"LG Display Co., Ltd.",NYSE
25232,CUZ,COUSINS PROPERTIES INC,NYSE
1463101,ENPH,"Enphase Energy, Inc.",Nasdaq
1880319,PRM,"Perimeter Solutions, Inc.",NYSE
1607678,VKTX,"Viking Therapeutics, Inc.",Nasdaq
1094972,UGP,ULTRAPAR HOLDINGS INC,NYSE
91767,SON,SONOCO PRODUCTS CO,NYSE
1846832,DLO,dLocal Ltd,Nasdaq
1786205,ACLX,"Arcellx, Inc.",Nasdaq
1993004,NWE,"NorthWestern Energy Group, Inc.",Nasdaq
701985,BBWI,"Bath & Body Works, Inc.",NYSE
1469367,RUN,Sunrun Inc.,Nasdaq
1561894,HASI,"HA Sustainable Infrastructure Capital, Inc.",NYSE
1745431,STNE,StoneCo Ltd.,Nasdaq
1466085,IRT,"INDEPENDENCE REALTY TRUST, INC.",NYSE
1801198,LEGN,Legend Biotech Corp,Nasdaq
1144800,TAC,TRANSALTA CORP,NYSE
1868941,FLNC,"Fluence Energy, Inc.",Nasdaq
80420,POWL,POWELL INDUSTRIES INC,Nasdaq
1811210,LCID,"Lucid Group, Inc.",Nasdaq
1430723,SFBS,"ServisFirst Bancshares, Inc.",NYSE
1056288,FHI,"FEDERATED HERMES, INC.",NYSE
1529864,ENVA,"Enova International, Inc.",NYSE
1609253,CRC,California Resources Corp,NYSE
8858,AVT,AVNET INC,Nasdaq
1772016,BRBR,"BELLRING BRANDS, INC.",NYSE
912093,VIAV,VIAVI SOLUTIONS INC.,Nasdaq
313143,HAE,HAEMONETICS CORP,NYSE
1841156,PAY,"Paymentus Holdings, Inc.",NYSE
874499,GPOR,GULFPORT ENERGY CORP,NYSE
67716,MDU,MDU RESOURCES GROUP INC,NYSE
1224608,CNO,"CNO Financial Group, Inc.",NYSE
310142,SXT,SENSIENT TECHNOLOGIES CORP,NYSE
314590,SSL,SASOL LTD,NYSE
1361113,VRNS,VARONIS SYSTEMS INC,Nasdaq
102752,VSEC,VSE CORP,Nasdaq
1041803,PSMT,PRICESMART INC,Nasdaq
43920,GEF,"GREIF, INC",NYSE
1727263,FTDR,"Frontdoor, Inc.",Nasdaq
1173420,NG,NOVAGOLD RESOURCES INC,NYSE
1600928,HPHTY,Hamamatsu Photonics K.K./ADR,OTC
66756,ALE,ALLETE INC,NYSE
1674910,VVV,VALVOLINE INC,NYSE
857855,UCB,UNITED COMMUNITY BANKS INC,NYSE
2044153,NGXXF,NGEx Minerals Ltd.,OTC
868780,DORM,"Dorman Products, Inc.",Nasdaq
1673743,HNGE,"Hinge Health, Inc.",NYSE
1579877,OUT,OUTFRONT Media Inc.,NYSE
1350593,MWA,"Mueller Water Products, Inc.",NYSE
1985406,NEXHY,"Nippon Express Holdings, Inc./ADR",OTC
1832466,ALHC,"Alignment Healthcare, Inc.",Nasdaq
2035697,PLBL,Polibeli Group Ltd,Nasdaq
1674168,HGV,Hilton Grand Vacations Inc.,NYSE
1847903,CNTA,Centessa Pharmaceuticals plc,Nasdaq
2070457,XXI,"Twenty One Capital, Inc.",NYSE
1544522,FRSH,Freshworks Inc.,Nasdaq
899715,SKT,TANGER INC.,NYSE
913059,BBAR,Banco BBVA Argentina S.A.,NYSE
1609550,INSP,"Inspire Medical Systems, Inc.",NYSE
1468642,AUGO,Aura Minerals Inc.,Nasdaq
1381668,TFSL,TFS Financial CORP,Nasdaq
314808,VAL,Valaris Ltd,NYSE
1570585,LBTYA,Liberty Global Ltd.,Nasdaq
1723128,AMRX,"Amneal Pharmaceuticals, Inc.",Nasdaq
931015,PII,Polaris Inc.,NYSE
76605,PATK,PATRICK INDUSTRIES INC,Nasdaq
1494259,CARG,"CarGurus, Inc.",Nasdaq
827876,CLSK,"CLEANSPARK, INC.",Nasdaq
776901,INDB,INDEPENDENT BANK CORP,Nasdaq
1045450,EPR,EPR PROPERTIES,NYSE
3453,MATX,"Matson, Inc.",NYSE
2067129,NP,Neptune Insurance Holdings Inc.,NYSE
746598,BRC,BRADY CORP,NYSE
1978954,TBBB,BBB FOODS INC,NYSE
1207179,GLNG,GOLAR LNG LTD,Nasdaq
760498,BANF,BANCFIRST CORP /OK/,Nasdaq
1454144,ERELY,Eregli Demir ve Celik Fabrikalari TAS/ADR,OTC
1069878,TREX,TREX CO INC,NYSE
925261,AKO-A,ANDINA BOTTLING CO INC,NYSE
2006911,HMKIY,Huhtamaki Oyj/ADR,OTC
82020,USLM,UNITED STATES LIME & MINERALS INC,Nasdaq
1685040,BHF,"Brighthouse Financial, Inc.",Nasdaq
806628,DNP,DNP SELECT INCOME FUND INC,NYSE
886163,LGND,LIGAND PHARMACEUTICALS INC,Nasdaq
1676238,BRZE,"Braze, Inc.",Nasdaq
851520,EXPO,EXPONENT INC,Nasdaq
1647088,WSC,WillScot Holdings Corp,Nasdaq
1760965,KTB,"Kontoor Brands, Inc.",NYSE
1864163,INTR,"Inter & Co, Inc.",Nasdaq
877860,NHI,NATIONAL HEALTH INVESTORS INC,NYSE
1817358,ASO,"Academy Sports & Outdoors, Inc.",Nasdaq
1476765,GBDC,"GOLUB CAPITAL BDC, Inc.",Nasdaq
883984,ICUI,ICU MEDICAL INC/DE,Nasdaq
56679,KFY,KORN FERRY,NYSE
1757073,NVST,Envista Holdings Corp,NYSE
1455863,COLD,AMERICOLD REALTY TRUST,NYSE
16040,CBT,CABOT CORP,NYSE
2074973,CCXI,Churchill Capital Corp XI,
745308,JOE,ST JOE Co,NYSE
1276520,GNW,GENWORTH FINANCIAL INC,NYSE
860413,FIBK,FIRST INTERSTATE BANCSYSTEM INC,Nasdaq
50725,GFF,GRIFFON CORP,NYSE
78239,PVH,PVH CORP. /DE/,NYSE
1666134,BL,"BLACKLINE, INC.",Nasdaq
1639723,NAVN,"Navan, Inc.",Nasdaq
832988,SIG,SIGNET JEWELERS LTD,NYSE
700564,FULT,FULTON FINANCIAL CORP,Nasdaq
799292,MHO,"M/I HOMES, INC.",NYSE
874866,CRVL,CORVEL CORP,Nasdaq
1670592,YETI,"YETI Holdings, Inc.",NYSE
1406666,CALX,"CALIX, INC",NYSE
1533082,EBOSY,EBOS Group Limited/ADR,OTC
1434614,SAND,SANDSTORM GOLD LTD,
1620533,SHAK,Shake Shack Inc.,NYSE
77543,TPC,TUTOR PERINI CORP,NYSE
1798562,TMC,TMC the metals Co Inc.,Nasdaq
1699031,GRAL,"GRAIL, Inc.",Nasdaq
1787306,ARQT,"Arcutis Biotherapeutics, Inc.",Nasdaq
1628369,CWK,Cushman & Wakefield Ltd.,NYSE
1831828,VERA,"Vera Therapeutics, Inc.",Nasdaq
1064728,BTU,PEABODY ENERGY CORP,NYSE
1468091,VEON,VEON Ltd.,Nasdaq
715072,RNST,RENASANT CORP,NYSE
1466593,OTTR,Otter Tail Corp,Nasdaq
1565687,INTA,"Intapp, Inc.",Nasdaq
1534504,PBF,PBF Energy Inc.,NYSE
1526243,PPTA,PERPETUA RESOURCES CORP.,Nasdaq
1061630,BXMT,"BLACKSTONE MORTGAGE TRUST, INC.",NYSE
78749,AGYS,AGILYSYS INC,Nasdaq
1860160,FLY,Firefly Aerospace Inc.,Nasdaq
1515673,RARE,Ultragenyx Pharmaceutical Inc.,Nasdaq
1424182,BNL,"Broadstone Net Lease, Inc.",NYSE
1682745,VRRM,VERRA MOBILITY Corp,Nasdaq
1438472,MIAX,"MIAMI INTERNATIONAL HOLDINGS, INC.",NYSE
1816736,IRON,"Disc Medicine, Inc.",Nasdaq
1834622,HAYW,"Hayward Holdings, Inc.",NYSE
2062440,KYIV,Kyivstar Group Ltd.,Nasdaq
1195737,NEA,Nuveen AMT-Free Quality Municipal Income Fund,NYSE
1385849,UUUU,ENERGY FUELS INC,NYSE
1819790,TARS,"Tarsus Pharmaceuticals, Inc.",Nasdaq
1997350,ARX,Accelerant Holdings,NYSE
1504008,BKU,"BankUnited, Inc.",NYSE
861842,CATY,CATHAY GENERAL BANCORP,Nasdaq
1560968,SMSEY,Samsonite International SA/ADR,OTC
1735707,GTX,Garrett Motion Inc.,Nasdaq
1564538,GRP-UN,GRANITE REAL ESTATE INVESTMENT TRUST,NYSE
1639691,LIVN,LivaNova PLC,Nasdaq
1477720,ASAN,"Asana, Inc.",NYSE
886346,KAI,KADANT INC,NYSE
1280784,HTGC,"Hercules Capital, Inc.",NYSE
860546,CDP,COPT DEFENSE PROPERTIES,NYSE
52827,RYN,RAYONIER INC,NYSE
1582313,XENE,Xenon Pharmaceuticals Inc.,Nasdaq
1267395,AHL,ASPEN INSURANCE HOLDINGS LTD,NYSE
1057706,FBP,FIRST BANCORP /PR/,NYSE
730464,ATGE,Adtalem Global Education Inc.,NYSE
1761312,PLMR,"Palomar Holdings, Inc.",Nasdaq
1101215,BFH,"BREAD FINANCIAL HOLDINGS, INC.",NYSE
700923,MYRG,MYR GROUP INC.,Nasdaq
1040971,SLG,SL GREEN REALTY CORP,NYSE
1384101,VCYT,"VERACYTE, INC.",Nasdaq
97216,TEX,TEREX CORP,NYSE
1489079,ADOOY,Adaro Energy PT/ADR/,OTC
1759425,MIRM,"Mirum Pharmaceuticals, Inc.",Nasdaq
203596,WSBC,WESBANCO INC,Nasdaq
825542,SMG,SCOTTS MIRACLE-GRO CO,NYSE
1504776,WRBY,Warby Parker Inc.,NYSE
1795589,KC,Kingsoft Cloud Holdings Ltd,Nasdaq
1178879,FOLD,"AMICUS THERAPEUTICS, INC.",Nasdaq
1991792,CGON,"CG Oncology, Inc.",Nasdaq
1750,AIR,AAR CORP,NYSE
1697500,SEI,"Solaris Energy Infrastructure, Inc.",NYSE
1263994,UTG,REAVES UTILITY INCOME FUND,NYSE
1530238,JOYY,JOYY Inc.,Nasdaq
1029199,EEFT,"EURONET WORLDWIDE, INC.",Nasdaq
1356570,WNS,WNS (HOLDINGS) LTD,
1951070,MH,"McGraw Hill, Inc.",NYSE
1092699,SPSC,SPS COMMERCE INC,Nasdaq
1518715,MCHB,Mechanics Bancorp,Nasdaq
1646188,ONDS,Ondas Holdings Inc.,Nasdaq
39368,FUL,FULLER H B CO,NYSE
1111928,IPGP,IPG PHOTONICS CORP,Nasdaq
717954,UNF,UNIFIRST CORP,NYSE
36377,FHB,"FIRST HAWAIIAN, INC.",Nasdaq
1795250,SPHR,Sphere Entertainment Co.,NYSE
8947,AZZ,AZZ INC,NYSE
1093691,PLUG,PLUG POWER INC,Nasdaq
828944,WSFS,WSFS FINANCIAL CORP,Nasdaq
1280263,AMBA,AMBARELLA INC,Nasdaq
1611005,KEN,Kenon Holdings Ltd.,NYSE
1861737,HSAI,Hesai Group,Nasdaq
1964504,ARMN,Aris Mining Corp,NYSE
1284812,CNS,"COHEN & STEERS, INC.",NYSE
1767042,KGS,"Kodiak Gas Services, Inc.",NYSE
730708,SBCF,SEACOAST BANKING CORP OF FLORIDA,Nasdaq
1660280,TENB,"Tenable Holdings, Inc.",Nasdaq
1699136,WHD,"Cactus, Inc.",NYSE
1794515,GTM,ZoomInfo Technologies Inc.,Nasdaq
1806837,VERX,"Vertex, Inc.",Nasdaq
1493318,ETOR,eToro Group Ltd.,Nasdaq
39899,TGNA,TEGNA INC,NYSE
913241,SHOO,"STEVEN MADDEN, LTD.",Nasdaq
1295401,TBBK,"Bancorp, Inc.",Nasdaq
1365135,WU,Western Union CO,NYSE
1381640,MLCO,Melco Resorts & Entertainment LTD,Nasdaq
723188,CBU,"COMMUNITY FINANCIAL SYSTEM, INC.",NYSE
1492422,APLS,"Apellis Pharmaceuticals, Inc.",Nasdaq
69891,FIZZ,NATIONAL BEVERAGE CORP,Nasdaq
1730430,KNSA,"Kiniksa Pharmaceuticals International, plc",Nasdaq
1654795,BBU,Brookfield Business Partners L.P.,NYSE
104918,AVA,AVISTA CORP,NYSE
1818794,DYN,"Dyne Therapeutics, Inc.",Nasdaq
1649749,FBK,FB Financial Corp,NYSE
1376139,CVI,CVR ENERGY INC,NYSE
1888447,EE,"Excelerate Energy, Inc.",NYSE
1050797,COLM,COLUMBIA SPORTSWEAR CO,Nasdaq
1169770,BANC,"BANC OF CALIFORNIA, INC.",NYSE
1231346,SA,SEABRIDGE GOLD INC,NYSE
1438533,TVTX,"Travere Therapeutics, Inc.",Nasdaq
1338749,PCH,POTLATCHDELTIC CORP,Nasdaq
1289848,HURN,Huron Consulting Group Inc.,Nasdaq
1530721,CPRI,Capri Holdings Ltd,NYSE
1482981,COCO,"Vita Coco Company, Inc.",Nasdaq
1086600,ARLP,ALLIANCE RESOURCE PARTNERS LP,Nasdaq
1393434,OCUL,"OCULAR THERAPEUTIX, INC",Nasdaq
1611647,FRPT,"Freshpet, Inc.",Nasdaq
1694028,LBRT,Liberty Energy Inc.,NYSE
1800227,IAC,IAC Inc.,Nasdaq
1590750,VRDN,"Viridian Therapeutics, Inc.\DE",Nasdaq
1621434,BSM,"Black Stone Minerals, L.P.",NYSE
1631574,WVE,Wave Life Sciences Ltd.,Nasdaq
1280058,BLKB,BLACKBAUD INC,Nasdaq
1547903,NMIH,"NMI Holdings, Inc.",Nasdaq
2035304,TTAM,Titan America SA,NYSE
1759655,PRVA,"Privia Health Group, Inc.",Nasdaq
1782170,RELY,"Remitly Global, Inc.",Nasdaq
1287865,MPW,MEDICAL PROPERTIES TRUST INC,NYSE
1395942,KAR,"OPENLANE, Inc.",NYSE
1275214,CSQ,CALAMOS STRATEGIC TOTAL RETURN FUND,Nasdaq
886977,MEOH,METHANEX CORP,Nasdaq
1619762,BRSL,Brightstar Lottery PLC,NYSE
1528849,RH,RH,NYSE
1295947,PBH,Prestige Consumer Healthcare Inc.,NYSE
817720,SYNA,SYNAPTICS Inc,Nasdaq
19745,CPK,CHESAPEAKE UTILITIES CORP,NYSE
2007191,TLX,Telix Pharmaceuticals Ltd,Nasdaq
1828365,RLX,RLX Technology Inc.,NYSE
1341335,FSM,FORTUNA MINING CORP.,NYSE
1777921,AVPT,"AvePoint, Inc.",Nasdaq
1712807,PAGS,PagSeguro Digital Ltd.,NYSE
1849635,DJT,Trump Media & Technology Group Corp.,Nasdaq
26780,DAN,DANA Inc,NYSE
1676725,IDYA,"IDEAYA Biosciences, Inc.",Nasdaq
1329394,SIMO,Silicon Motion Technology CORP,Nasdaq
1350653,ATEC,"Alphatec Holdings, Inc.",Nasdaq
1557860,GLOB,Globant S.A.,NYSE
1522727,USAC,"USA Compression Partners, LP",NYSE
1657573,XMTR,"Xometry, Inc.",Nasdaq
25445,CXT,"Crane NXT, Co.",NYSE
46250,HWKN,HAWKINS INC,Nasdaq
816761,TDC,TERADATA CORP /DE/,NYSE
1713748,SKE,Skeena Resources Ltd,NYSE
1867729,WRD,WeRide Inc.,Nasdaq
1561680,TPH,"Tri Pointe Homes, Inc.",NYSE
1902733,NCNO,"nCino, Inc.",Nasdaq
949157,CENX,CENTURY ALUMINUM CO,Nasdaq
763744,LCII,LCI INDUSTRIES,NYSE
910108,LXP,LXP Industrial Trust,NYSE
885245,BKE,BUCKLE INC,NYSE
1161728,MGEE,MGE ENERGY INC,Nasdaq
2035057,IFHLY,Inficon Holding AG/ADR,OTC
1517302,APAM,Artisan Partners Asset Management Inc.,NYSE
1726978,GSHD,"Goosehead Insurance, Inc.",Nasdaq
1933414,MLYS,"Mineralys Therapeutics, Inc.",Nasdaq
1369568,CPRX,"CATALYST PHARMACEUTICALS, INC.",Nasdaq
46765,HP,"Helmerich & Payne, Inc.",NYSE
1373670,GRBK,"Green Brick Partners, Inc.",NYSE
1627475,UPWK,"UPWORK, INC",Nasdaq
944148,CBZ,"CBIZ, Inc.",NYSE
1562294,EYUBY,Electricity Generating Public Co Limited/ADR,OTC
1216583,JPC,Nuveen Preferred & Income Opportunities Fund,NYSE
108516,WOR,"WORTHINGTON ENTERPRISES, INC.",NYSE
1819576,LQDA,Liquidia Corp,Nasdaq
771497,ABM,ABM INDUSTRIES INC /DE/,NYSE
921082,HIW,"HIGHWOODS PROPERTIES, INC.",NYSE
1811063,NUVB,Nuvation Bio Inc.,NYSE
1385280,CNK,"Cinemark Holdings, Inc.",NYSE
1418121,APLE,"Apple Hospitality REIT, Inc.",NYSE
937098,TNET,"TRINET GROUP, INC.",NYSE
1854640,CGAU,Centerra Gold Inc.,NYSE
1604481,CMBT,CMB.TECH NV,NYSE
1527636,ATHM,Autohome Inc.,NYSE
1328581,BCC,BOISE CASCADE Co,NYSE
1974138,NATL,NCR Atleos Corp,NYSE
1056903,AWR,AMERICAN STATES WATER CO,NYSE
1687221,REVG,"REV Group, Inc.",NYSE
1714899,DNLI,Denali Therapeutics Inc.,Nasdaq
90498,SFNC,SIMMONS FIRST NATIONAL CORP,Nasdaq
1379438,EXG,Eaton Vance Tax-Managed Global Diversified Equity Income Fund,NYSE
2023311,AAPG,ASCENTAGE PHARMA GROUP INTERNATIONAL,Nasdaq
1993344,AAUC,Allied Gold Corp,NYSE
1122976,AVNT,AVIENT CORP,NYSE
1157408,LRN,"Stride, Inc.",NYSE
1997464,MRX,Marex Group plc,Nasdaq
310354,SXI,STANDEX INTERNATIONAL CORP/DE/,NYSE
1111335,VC,VISTEON CORP,Nasdaq
1083839,NAD,Nuveen Quality Municipal Income Fund,NYSE
899629,AKR,ACADIA REALTY TRUST,NYSE
315213,RHI,ROBERT HALF INC.,NYSE
1756770,CURLF,"Curaleaf Holdings, Inc.",OTC
1024305,COTY,COTY INC.,NYSE
1441683,APPN,APPIAN CORP,Nasdaq
1815779,HAFN,Hafnia Ltd,NYSE
1679688,DBRG,"DigitalBridge Group, Inc.",NYSE
1836981,BBAI,"BigBear.ai Holdings, Inc.",NYSE
1484565,SLNO,SOLENO THERAPEUTICS INC,Nasdaq
1593275,HG,"Hamilton Insurance Group, Ltd.",NYSE
1745999,BEAM,Beam Therapeutics Inc.,Nasdaq
1158449,AAP,ADVANCE AUTO PARTS INC,NYSE
105132,WDFC,WD 40 CO,Nasdaq
98222,TDW,TIDEWATER INC,NYSE
1848763,RNW,ReNew Energy Global plc,Nasdaq
1838406,BKV,BKV Corp,NYSE
1178970,PFS,PROVIDENT FINANCIAL SERVICES INC,NYSE
46195,BOH,BANK OF HAWAII CORP,NYSE
354647,CVBF,CVB FINANCIAL CORP,Nasdaq
1958140,BATRA,"Atlanta Braves Holdings, Inc.",Nasdaq
98677,TR,TOOTSIE ROLL INDUSTRIES INC,NYSE
1741530,QFIN,"Qfin Holdings, Inc.",Nasdaq
1639825,PTON,"PELOTON INTERACTIVE, INC.",Nasdaq
1023512,DRD,DRDGOLD LTD,NYSE
1090116,NVG,Nuveen AMT-Free Municipal Credit Income Fund,NYSE
1486749,HYPMY,Hypermarcas S.A.,OTC
1688568,DXC,DXC Technology Co,NYSE
2230,ADX,"ADAMS DIVERSIFIED EQUITY FUND, INC.",NYSE
1356576,SUPN,"SUPERNUS PHARMACEUTICALS, INC.",Nasdaq
1674862,ASH,ASHLAND INC.,NYSE
1758009,QUBT,Quantum Computing Inc.,Nasdaq
822663,IPAR,INTERPARFUMS INC,Nasdaq
1841408,DAVE,Dave Inc./DE,Nasdaq
1483934,STNG,Scorpio Tankers Inc.,NYSE
1384905,RNG,"RingCentral, Inc.",NYSE
1845257,LFST,"LifeStance Health Group, Inc.",Nasdaq
1045986,FORTY,FORMULA SYSTEMS (1985) LTD,Nasdaq
1113232,ACLS,AXCELIS TECHNOLOGIES INC,Nasdaq
1724521,RCUS,"Arcus Biosciences, Inc.",NYSE
1394832,ATS,ATS Corp /ATS,NYSE
1877787,ZGN,Ermenegildo Zegna N.V.,NYSE
1611547,UE,Urban Edge Properties,NYSE
1549107,MANU,Manchester United plc,NYSE
1104657,MTRN,MATERION Corp,NYSE
1599617,DNOW,DNOW Inc.,NYSE
1750284,OLMA,"Olema Pharmaceuticals, Inc.",Nasdaq
1981599,CTRI,"Centuri Holdings, Inc.",NYSE
708955,FFBC,FIRST FINANCIAL BANCORP /OH/,Nasdaq
1277866,EXK,ENDEAVOUR SILVER CORP,NYSE
805676,PRK,PARK NATIONAL CORP /OH/,NYSE
1853860,ERO,Ero Copper Corp.,NYSE
1035201,CWT,CALIFORNIA WATER SERVICE GROUP,NYSE
752714,MGRC,MCGRATH RENTCORP,Nasdaq
1576018,SPNT,SiriusPoint Ltd,NYSE
1834489,GENI,Genius Sports Ltd,NYSE
940942,HUBG,"Hub Group, Inc.",Nasdaq
793952,HOG,"HARLEY-DAVIDSON, INC.",NYSE
885639,KSS,KOHLS Corp,NYSE
1636282,SYRE,"Spyre Therapeutics, Inc.",Nasdaq
932696,NSIT,INSIGHT ENTERPRISES INC,Nasdaq
73756,OII,OCEANEERING INTERNATIONAL INC,NYSE
1459200,ALRM,"Alarm.com Holdings, Inc.",Nasdaq
2089661,SUNC,SunocoCorp LLC,NYSE
1969373,VTMX,"Vesta Real Estate Corporation, S.A.B. de C.V.",NYSE
936528,WAFD,WAFD INC,Nasdaq
860748,KMPR,KEMPER Corp,NYSE
1952073,MSGE,Madison Square Garden Entertainment Corp.,NYSE
1825570,PAX,Patria Investments Ltd,Nasdaq
885590,BHC,Bausch Health Companies Inc.,NYSE
1717161,CEPU,CENTRAL PUERTO S.A.,NYSE
1820144,GRND,Grindr Inc.,NYSE
1070235,BB,BLACKBERRY Ltd,NYSE
1563411,CSTM,CONSTELLIUM SE,NYSE
1823144,CMPO,"CompoSecure, Inc.",NYSE
1517175,CHEF,"Chefs' Warehouse, Inc.",Nasdaq
1328237,DBC,Invesco DB Commodity Index Tracking Fund,NYSE
1114483,ITGR,Integer Holdings Corp,NYSE
2014596,CON,"Concentra Group Holdings Parent, Inc.",NYSE
74303,OLN,OLIN Corp,NYSE
1969796,EBCRY,Embracer Group AB/ADR,OTC
1210677,FA,FIRST ADVANTAGE CORP,Nasdaq
1804745,DRVN,Driven Brands Holdings Inc.,Nasdaq
2013649,CHA,Chagee Holdings Ltd.,Nasdaq
1929561,RXO,"RXO, Inc.",NYSE
1595761,WB,WEIBO Corp,Nasdaq
1871130,BBUC,Brookfield Business Corp,NYSE
1680062,ACMR,"ACM Research, Inc.",Nasdaq
56978,KLIC,KULICKE & SOFFA INDUSTRIES INC,Nasdaq
1811935,PTRN,Pattern Group Inc.,Nasdaq
1907085,ODD,Oddity Tech Ltd,Nasdaq
42582,GT,GOODYEAR TIRE & RUBBER CO /OH/,Nasdaq
1509589,CIVI,"CIVITAS RESOURCES, INC.",NYSE
887596,CAKE,CHEESECAKE FACTORY INC,Nasdaq
1803599,CNXC,Concentrix Corp,Nasdaq
1710072,EWTX,"Edgewise Therapeutics, Inc.",Nasdaq
1488813,CUBI,"Customers Bancorp, Inc.",NYSE
888746,CCU,UNITED BREWERIES CO INC,NYSE
28823,DBD,"DIEBOLD NIXDORF, Inc",NYSE
1534675,TGLS,Tecnoglass Inc.,NYSE
1190935,PTY,PIMCO CORPORATE & INCOME OPPORTUNITY FUND,NYSE
1876183,IHS,IHS Holding Ltd,NYSE
1508475,VNET,"VNET Group, Inc.",Nasdaq
1137887,NZF,Nuveen Municipal Credit Income Fund,NYSE
1437545,OSSUY,Embla Medical HF/ADR,OTC
1845097,AMBP,Ardagh Metal Packaging S.A.,NYSE
36146,TRMK,TRUSTMARK CORP,Nasdaq
1332349,BKD,Brookdale Senior Living Inc.,NYSE
1022408,PLUS,EPLUS INC,Nasdaq
1555815,TSCFY,Tisco Financial Group Public Co Limited/ADR,OTC
1650132,FCPT,"Four Corners Property Trust, Inc.",NYSE
1380936,GOF,GUGGENHEIM STRATEGIC OPPORTUNITIES FUND,NYSE
1340736,ETY,Eaton Vance Tax-Managed Diversified Equity Income Fund,NYSE
885740,SPNS,SAPIENS INTERNATIONAL CORP N V,Nasdaq
1400810,HCI,"HCI Group, Inc.",NYSE
1512920,SII,SPROTT INC.,NYSE
1260729,GDV,GABELLI DIVIDEND & INCOME TRUST,NYSE
1603015,VIA,"Via Transportation, Inc.",NYSE
81362,KWR,QUAKER CHEMICAL CORP,NYSE
1679049,INSW,"International Seaways, Inc.",NYSE
1362988,AYR,Aircastle LTD,
1662991,SEZL,Sezzle Inc.,Nasdaq
2027317,CURB,Curbline Properties Corp.,NYSE
1899123,BTDR,Bitdeer Technologies Group,Nasdaq
1704715,AMR,"Alpha Metallurgical Resources, Inc.",NYSE
1866175,CRGY,Crescent Energy Co,NYSE
1552797,DKL,"Delek Logistics Partners, LP",NYSE
889900,PTEN,PATTERSON UTI ENERGY INC,Nasdaq
923796,GEO,GEO GROUP INC,NYSE
812074,OI,"O-I Glass, Inc. /DE/",NYSE
1049659,SID,NATIONAL STEEL CO,NYSE
1830081,RUM,Rumble Inc.,Nasdaq
814083,CLM,"Cornerstone Strategic Investment Fund, Inc.",NYSE
1970622,USAR,"USA Rare Earth, Inc.",Nasdaq
2052959,LION,Lionsgate Studios Corp.,NYSE
1648257,HCM,HUTCHMED (China) Ltd,Nasdaq
1364250,DEI,Douglas Emmett Inc,NYSE
29002,DIOD,DIODES INC /DEL/,Nasdaq
1529274,ALKT,"ALKAMI TECHNOLOGY, INC.",Nasdaq
1164009,FXCND,FIH Mobile Ltd,OTC
1279495,BTE,BAYTEX ENERGY CORP.,NYSE
1063259,DNN,DENISON MINES CORP.,NYSE
1595974,MGNI,"MAGNITE, INC.",Nasdaq
1802665,HRMY,"Harmony Biosciences Holdings, Inc.",Nasdaq
1478320,ADPT,Adaptive Biotechnologies Corp,Nasdaq
1692787,KNTK,Kinetik Holdings Inc.,NYSE
2032966,TIC,"TIC Solutions, Inc.",NYSE
1830918,MAUTF,Montage Gold Corp.,OTC
1345099,MESO,MESOBLAST LTD,Nasdaq
1275617,UTF,COHEN & STEERS INFRASTRUCTURE FUND INC,NYSE
1816007,LU,Lufax Holding Ltd,NYSE
1326110,IBRX,"ImmunityBio, Inc.",Nasdaq
818479,XRAY,DENTSPLY SIRONA Inc.,Nasdaq
790359,NBTB,NBT BANCORP INC,Nasdaq
1764046,CLVT,CLARIVATE PLC,NYSE
1551306,PGNY,"Progyny, Inc.",Nasdaq
1409970,LC,LendingClub Corp,NYSE
946673,BANR,BANNER CORP,Nasdaq
99780,TRN,TRINITY INDUSTRIES INC,NYSE
1128928,FLO,FLOWERS FOODS INC,NYSE
1710155,EYE,"National Vision Holdings, Inc.",Nasdaq
1108134,BBT,Beacon Financial Corp,NYSE
1078271,EXTR,EXTREME NETWORKS INC,Nasdaq
1654126,ZIM,ZIM Integrated Shipping Services Ltd.,NYSE
1464521,HTFL,"Heartflow, Inc.",Nasdaq
1601830,RXRX,"RECURSION PHARMACEUTICALS, INC.",Nasdaq
873303,SRPT,"Sarepta Therapeutics, Inc.",Nasdaq
1307748,IVT,InvenTrust Properties Corp.,NYSE
1886428,SLDE,"Slide Insurance Holdings, Inc.",Nasdaq
1968915,PHIN,PHINIA INC.,NYSE
1417398,HI,"Hillenbrand, Inc.",NYSE
712534,FRME,FIRST MERCHANTS CORP,Nasdaq
893538,SM,SM Energy Co,NYSE
55242,KMT,KENNAMETAL INC,NYSE
1043509,SAH,SONIC AUTOMOTIVE INC,NYSE
314489,BUSE,FIRST BUSEY CORP /NV/,Nasdaq
1314727,SONO,Sonos Inc,Nasdaq
1522540,MQ,"Marqeta, Inc.",Nasdaq
1865631,NN,NEXTNAV INC.,Nasdaq
1104485,NOG,"NORTHERN OIL & GAS, INC.",NYSE
949870,SAM,BOSTON BEER CO INC,NYSE
811589,FBNC,FIRST BANCORP /NC/,Nasdaq
1005757,CSGS,CSG SYSTEMS INTERNATIONAL INC,Nasdaq
1795139,GTBIF,Green Thumb Industries Inc.,OTC
1158114,AAOI,"APPLIED OPTOELECTRONICS, INC.",Nasdaq
1265131,HTH,Hilltop Holdings Inc.,NYSE
6955,EPAC,ENERPAC TOOL GROUP CORP,NYSE
810136,PLAB,PHOTRONICS INC,Nasdaq
1819796,GCMG,GCM Grosvenor Inc.,Nasdaq
1953926,ZBIO,"Zenas BioPharma, Inc.",Nasdaq
1666138,ATKR,Atkore Inc.,NYSE
1617406,PK,Park Hotels & Resorts Inc.,NYSE
1577526,AI,"C3.ai, Inc.",NYSE
1047335,NHC,NATIONAL HEALTHCARE CORP,NYSE
1879016,IE,Ivanhoe Electric Inc.,NYSE
3197,CECO,CECO ENVIRONMENTAL CORP,Nasdaq
1853145,EVCM,EverCommerce Inc.,Nasdaq
897077,ALG,ALAMO GROUP INC,NYSE
1845815,PAYO,Payoneer Global Inc.,Nasdaq
1653477,NGVT,Ingevity Corp,NYSE
1653242,NTB,Bank of N.T. Butterfield & Son Ltd,NYSE
1477641,DQ,DAQO NEW ENERGY CORP.,NYSE
1508655,TSLX,"Sixth Street Specialty Lending, Inc.",NYSE
1497770,WD,"Walker & Dunlop, Inc.",NYSE
784199,AORT,"ARTIVION, INC.",NYSE
1468328,ADUS,Addus HomeCare Corp,Nasdaq
729580,BELFA,BEL FUSE INC /NJ,Nasdaq
890564,ASGN,ASGN Inc,NYSE
1688757,ESTA,ESTABLISHMENT LABS HOLDINGS INC.,Nasdaq
1758488,OSW,ONESPAWORLD HOLDINGS Ltd,Nasdaq
1012477,AVDL,AVADEL PHARMACEUTICALS PLC,Nasdaq
837465,MODG,Topgolf Callaway Brands Corp.,NYSE
1025835,EFSC,ENTERPRISE FINANCIAL SERVICES CORP,Nasdaq
1323885,ATRC,"AtriCure, Inc.",Nasdaq
887733,CENT,CENTRAL GARDEN & PET CO,Nasdaq
1386716,SBLK,Star Bulk Carriers Corp.,Nasdaq
1421876,GLPG,GALAPAGOS NV,Nasdaq
921738,PENN,"PENN Entertainment, Inc.",Nasdaq
1600620,AUPH,Aurinia Pharmaceuticals Inc.,Nasdaq
103730,VSH,VISHAY INTERTECHNOLOGY INC,NYSE
1655891,TRMD,TORM plc,Nasdaq
1524566,WLTH,WEALTHFRONT CORP,Nasdaq
1913577,SMNR,"Semnur Pharmaceuticals, Inc.",OTC
1981535,SBET,"SharpLink Gaming, Inc.",Nasdaq
821483,PARR,"PAR PACIFIC HOLDINGS, INC.",NYSE
1694426,DK,"Delek US Holdings, Inc.",NYSE
94344,STC,STEWART INFORMATION SERVICES CORP,NYSE
1541401,ESRT,"Empire State Realty Trust, Inc.",NYSE
1293613,KYN,"Kayne Anderson Energy Infrastructure Fund, Inc.",NYSE
833640,POWI,POWER INTEGRATIONS INC,Nasdaq
921582,IMAX,IMAX CORP,NYSE
835324,SYBT,"Stock Yards Bancorp, Inc.",Nasdaq
1070985,CXW,"CoreCivic, Inc.",NYSE
1746618,RVLV,"Revolve Group, Inc.",NYSE
1856485,SLVM,Sylvamo Corp,NYSE
1638833,SGRY,"Surgery Partners, Inc.",Nasdaq
354707,HE,HAWAIIAN ELECTRIC INDUSTRIES INC,NYSE
1564902,PRKS,United Parks & Resorts Inc.,NYSE
926326,OMCL,"OMNICELL, INC.",Nasdaq
1519449,SKWD,"Skyward Specialty Insurance Group, Inc.",Nasdaq
1331284,DHT,"DHT Holdings, Inc.",NYSE
1588978,PRCT,PROCEPT BioRobotics Corp,Nasdaq
1290677,TPB,"Turning Point Brands, Inc.",NYSE
1524358,VAC,MARRIOTT VACATIONS WORLDWIDE Corp,NYSE
1020859,UNFI,UNITED NATURAL FOODS INC,NYSE
1636639,FIHL,Fidelis Insurance Holdings Ltd,NYSE
845877,AGM,FEDERAL AGRICULTURAL MORTGAGE CORP,NYSE
826675,DX,DYNEX CAPITAL INC,NYSE
1418819,IRDM,Iridium Communications Inc.,Nasdaq
1714174,BUR,Burford Capital Ltd,NYSE
1724965,TALO,TALOS ENERGY INC.,NYSE
1980088,MNR,MACH NATURAL RESOURCES LP,NYSE
1078075,NTCT,NETSCOUT SYSTEMS INC,Nasdaq
1737706,SDRL,Seadrill Ltd,NYSE
733269,RAMP,"LiveRamp Holdings, Inc.",NYSE
1569345,CXM,"Sprinklr, Inc.",NYSE
1821769,NVTS,Navitas Semiconductor Corp,Nasdaq
1704292,ZLAB,Zai Lab Ltd,Nasdaq
1587523,KN,Knowles Corp,NYSE
893949,MD,"Pediatrix Medical Group, Inc.",NYSE
1846576,FIGS,"FIGS, Inc.",NYSE
1770787,TXG,"10x Genomics, Inc.",Nasdaq
878518,TGB,TASEKO MINES LTD,NYSE
1906324,QDEL,QuidelOrtho Corp,Nasdaq
891014,MTX,MINERALS TECHNOLOGIES INC,NYSE
1054905,IOSP,INNOSPEC INC.,Nasdaq
1627223,CC,Chemours Co,NYSE
1733998,NWN,Northwest Natural Holding Co,NYSE
1904856,EFXT,Enerflex Ltd.,NYSE
8063,ATRO,ASTRONICS CORP,Nasdaq
1549595,NRIX,"Nurix Therapeutics, Inc.",Nasdaq
1174511,AEBZY,ANADOLU EFES BIRACILIK VE MALT SANAYI A S/ADR,OTC
804116,RVT,"ROYCE SMALL-CAP TRUST, INC.",NYSE
1174850,NIC,NICOLET BANKSHARES INC,NYSE
876167,PRGS,PROGRESS SOFTWARE CORP /MA,Nasdaq
1013934,STRA,"Strategic Education, Inc.",Nasdaq
1937653,ZYME,Zymeworks Inc.,Nasdaq
1345016,YELP,YELP INC,NYSE
1022321,GEL,GENESIS ENERGY LP,NYSE
1428205,ARR,"Armour Residential REIT, Inc.",NYSE
1320414,SEM,SELECT MEDICAL HOLDINGS CORP,NYSE
2036042,SION,"Sionna Therapeutics, Inc.",Nasdaq
1158895,LMAT,LEMAITRE VASCULAR INC,Nasdaq
1559865,EVTC,"EVERTEC, Inc.",NYSE
1802255,GRDN,"Guardian Pharmacy Services, Inc.",NYSE
48287,HNI,HNI CORP,NYSE
1702744,SMPL,Simply Good Foods Co,Nasdaq
1722608,IQ,"iQIYI, Inc.",Nasdaq
1581280,TWST,Twist Bioscience Corp,Nasdaq
1754195,TCNNF,Trulieve Cannabis Corp.,OTC
1024795,HLIO,"HELIOS TECHNOLOGIES, INC.",NYSE
1954488,MENS,Jyong Biotech Ltd.,Nasdaq
1503584,CMRE,Costamare Inc.,NYSE
1298946,DRH,DiamondRock Hospitality Co,Nasdaq
1828318,ENVX,Enovix Corp,Nasdaq
1832332,AVAH,"Aveanna Healthcare Holdings, Inc.",Nasdaq
812801,NUV,NUVEEN MUNICIPAL VALUE FUND INC,NYSE
1030469,OFG,OFG BANCORP,NYSE
1253986,ABR,ARBOR REALTY TRUST INC,NYSE
1253327,EVT,Eaton Vance Tax-Advantaged Dividend Income Fund,NYSE
850141,HMN,HORACE MANN EDUCATORS CORP /DE/,NYSE
1576940,CCS,"Century Communities, Inc.",NYSE
1046568,PRDO,PERDOCEO EDUCATION Corp,Nasdaq
1842295,MAZE,"Maze Therapeutics, Inc.",Nasdaq
1821825,OGN,Organon & Co.,NYSE
794685,GAB,GABELLI EQUITY TRUST INC,NYSE
1471265,NWBI,"Northwest Bancshares, Inc.",Nasdaq
1553079,ESBA,"Empire State Realty OP, L.P.",NYSE
1649313,BWLP,BW LPG Ltd,NYSE
1651717,NOMD,Nomad Foods Ltd,NYSE
1419945,TNK,TEEKAY TANKERS LTD.,NYSE
1623526,STOK,"Stoke Therapeutics, Inc.",Nasdaq
1671927,IMCR,Immunocore Holdings plc,Nasdaq
887359,VCEL,Vericel Corp,Nasdaq
821026,ANDE,"Andersons, Inc.",Nasdaq
1825088,DFH,"Dream Finders Homes, Inc.",NYSE
103145,VECO,VEECO INSTRUMENTS INC,Nasdaq
1853513,MCW,"Mister Car Wash, Inc.",Nasdaq
1262976,CMPR,CIMPRESS plc,Nasdaq
1307954,HUN,Huntsman CORP,NYSE
793074,WERN,WERNER ENTERPRISES INC,Nasdaq
1336917,UAA,"Under Armour, Inc.",NYSE
1124796,LASR,"NLIGHT, INC.",Nasdaq
2020795,UNIT,Uniti Group Inc.,Nasdaq
1526113,GNL,"Global Net Lease, Inc.",NYSE
785956,JJSF,J&J SNACK FOODS CORP,Nasdaq
1047340,FDP,FRESH DEL MONTE PRODUCE INC,NYSE
1883085,PGY,Pagaya Technologies Ltd.,Nasdaq
899460,MNKD,MANNKIND CORP,Nasdaq
1822492,HLMN,Hillman Solutions Corp.,Nasdaq
1968487,WS,"Worthington Steel, Inc.",NYSE
1798618,PDO,PIMCO Dynamic Income Opportunities Fund,NYSE
744218,CLDX,"Celldex Therapeutics, Inc.",Nasdaq
799195,USA,LIBERTY ALL STAR EQUITY FUND,NYSE
1585389,SMA,"SmartStop Self Storage REIT, Inc.",NYSE
1286139,LZ,"LEGALZOOM.COM, INC.",Nasdaq
1690585,DNTH,"Dianthus Therapeutics, Inc. /DE/",Nasdaq
1311307,LNXSY,LANXESS AG,OTC
726854,CHCO,CITY HOLDING CO,Nasdaq
1585364,PRGO,PERRIGO Co plc,NYSE
1580560,FLYW,Flywire Corp,Nasdaq
907242,MCRI,MONARCH CASINO & RESORT INC,Nasdaq
1158463,JBLU,JETBLUE AIRWAYS CORP,Nasdaq
1023024,ANIP,ANI PHARMACEUTICALS INC,Nasdaq
1723596,CLBK,"Columbia Financial, Inc.",Nasdaq
1873951,XZO,"Exzeo Group, Inc.",NYSE
712537,FCF,FIRST COMMONWEALTH FINANCIAL CORP /PA/,NYSE
1819928,DV,"DoubleVerify Holdings, Inc.",NYSE
1340677,SVM,SILVERCORP METALS INC,NYSE
1472012,IMNM,Immunome Inc.,Nasdaq
2013745,CLMT,"Calumet, Inc. /DE",Nasdaq
1796073,VZLA,Vizsla Silver Corp.,NYSE
1923891,NNE,Nano Nuclear Energy Inc.,Nasdaq
1831840,SEMR,"SEMrush Holdings, Inc.",NYSE
1526520,TRIP,"TripAdvisor, Inc.",Nasdaq
1286973,USAS,Americas Gold & Silver Corp,NYSE
1860543,CDRE,"Cadre Holdings, Inc.",NYSE
1395937,SNDX,Syndax Pharmaceuticals Inc,Nasdaq
1419612,SEDG,"SOLAREDGE TECHNOLOGIES, INC.",Nasdaq
811596,KALU,KAISER ALUMINUM CORP,Nasdaq
78814,PBI,PITNEY BOWES INC /DE/,NYSE
766829,HTO,H2O AMERICA,Nasdaq
102426,STEW,"SRH Total Return Fund, Inc.",NYSE
1670061,ALM,Almonty Industries Inc.,Nasdaq
1074952,NAC,Nuveen California Quality Municipal Income Fund,NYSE
1295810,SHO,"Sunstone Hotel Investors, Inc.",NYSE
2071288,LMRI,"Lumexa Imaging Holdings, Inc.",Nasdaq
1846510,SHCO,Soho House & Co Inc.,NYSE
1360214,HROW,"HARROW, INC.",Nasdaq
1721947,JAMF,Jamf Holding Corp.,Nasdaq
880631,WT,"WisdomTree, Inc.",NYSE
2035149,FLOC,Flowco Holdings Inc.,NYSE
1437958,CCB,COASTAL FINANCIAL CORP,Nasdaq
37785,FMC,FMC CORP,NYSE
894405,ARCB,ARCBEST CORP /DE/,Nasdaq
1712184,LILA,Liberty Latin America Ltd.,Nasdaq
2039497,RHLD,"Resolute Holdings Management, Inc.",NYSE
1901279,NYAX,Nayax Ltd.,Nasdaq
1898416,ALVO,Alvotech,Nasdaq
1781755,BWIN,"Baldwin Insurance Group, Inc.",Nasdaq
1842718,IAS,INTEGRAL AD SCIENCE HOLDING CORP.,Nasdaq
1369241,DAC,Danaos Corp,NYSE
18654,AILIH,Ameren Illinois Co,OTC
1748824,AAMI,Acadian Asset Management Inc.,NYSE
863436,BHE,BENCHMARK ELECTRONICS INC,NYSE
1270523,ETG,Eaton Vance Tax-Advantaged Global Dividend Income Fund,NYSE
1020710,DXPE,DXP ENTERPRISES INC,Nasdaq
1601548,VVX,"V2X, Inc.",NYSE
1798100,NTST,NETSTREIT Corp.,NYSE
907471,CASH,"PATHWARD FINANCIAL, INC.",Nasdaq
99614,TY,TRI-CONTINENTAL Corp,NYSE
854775,DGII,DIGI INTERNATIONAL INC,Nasdaq
914156,UFPT,UFP TECHNOLOGIES INC,Nasdaq
1495932,EXPI,"eXp World Holdings, Inc.",Nasdaq
84748,ROG,ROGERS CORP,NYSE
105418,WMK,WEIS MARKETS INC,NYSE
1573221,REAL,"TheRealReal, Inc.",Nasdaq
903651,INOD,INNODATA INC,Nasdaq
715787,TILE,INTERFACE INC,Nasdaq
1711375,LOMA,Loma Negra Compania Industrial Argentina Sociedad Anonima,NYSE
1984060,AESI,Atlas Energy Solutions Inc.,NYSE
890541,BLX,"FOREIGN TRADE BANK OF LATIN AMERICA, INC.",NYSE
1473844,STEL,"Stellar Bancorp, Inc.",NYSE
1629019,MBIN,Merchants Bancorp,Nasdaq
1322436,ETV,Eaton Vance Tax-Managed Buy-Write Opportunities Fund,NYSE
1812477,BITF,Bitfarms Ltd,Nasdaq
1755953,ABTC,American Bitcoin Corp.,Nasdaq
2054507,HBNB,Hotel101 Global Holdings Corp.,Nasdaq
887905,LTC,LTC PROPERTIES INC,NYSE
1288847,FIVN,"Five9, Inc.",Nasdaq
1823306,LSPD,Lightspeed Commerce Inc.,NYSE
1052752,GTY,GETTY REALTY CORP /MD/,NYSE
1756699,TIGR,UP Fintech Holding Ltd,Nasdaq
57131,LZB,LA-Z-BOY INC,NYSE
30697,WEN,Wendy's Co,Nasdaq
1823652,EVEX,"Eve Holding, Inc.",NYSE
1398987,HOUS,Anywhere Real Estate Inc.,NYSE
1563880,TRVI,"Trevi Therapeutics, Inc.",Nasdaq
1845840,TSAT,Telesat Corp,Nasdaq
1997859,WBTN,WEBTOON Entertainment Inc.,Nasdaq
933974,AZTA,"Azenta, Inc.",Nasdaq
924901,VRE,"Veris Residential, Inc.",NYSE
1332283,BDJ,BlackRock Enhanced Equity Dividend Trust,NYSE
1069899,PAHC,PHIBRO ANIMAL HEALTH CORP,Nasdaq
107140,WLY,"JOHN WILEY & SONS, INC.",NYSE
1575828,XPRO,EXPRO GROUP HOLDINGS N.V.,NYSE
2010499,DGNX,Diginex Ltd,Nasdaq
1462120,LOB,"Live Oak Bancshares, Inc.",NYSE
719220,STBA,S&T BANCORP INC,Nasdaq
34782,SRCE,1ST SOURCE CORP,Nasdaq
1488139,AMRC,"Ameresco, Inc.",NYSE
356171,TCBK,TRICO BANCSHARES /,Nasdaq
1777835,PWP,Perella Weinberg Partners,Nasdaq
2074160,BRKK,Barentsz Capital Ltd,
1362004,ICFI,"ICF International, Inc.",Nasdaq
912892,TV,"GRUPO TELEVISA, S.A.B.",NYSE
1439222,AGIO,"AGIOS PHARMACEUTICALS, INC.",Nasdaq
1105122,FMCXF,FORAN MINING CORP,OTC
814453,NWL,NEWELL BRANDS INC.,Nasdaq
882796,BCRX,BIOCRYST PHARMACEUTICALS INC,Nasdaq
1657853,HTZ,"HERTZ GLOBAL HOLDINGS, INC",Nasdaq
1589526,BLBD,Blue Bird Corp,Nasdaq
1362468,ALGT,Allegiant Travel CO,Nasdaq
1828016,PLTK,Playtika Holding Corp.,Nasdaq
1677576,IIPR,INNOVATIVE INDUSTRIAL PROPERTIES INC,NYSE
1806310,TSHA,"Taysha Gene Therapies, Inc.",Nasdaq
1508478,ARCO,Arcos Dorados Holdings Inc.,NYSE
908315,WINA,WINMARK CORP,Nasdaq
1830033,PCT,"PureCycle Technologies, Inc.",Nasdaq
1788060,VOYG,"Voyager Technologies, Inc./DE",NYSE
1768666,BSTZ,BlackRock Science & Technology Term Trust,NYSE
1978867,CDLR,Cadeler A/S,NYSE
1605607,PGRE,"Paramount Group, Inc.",NYSE
1371285,TRUP,"TRUPANION, INC.",Nasdaq
1830487,PHVS,Pharvaris N.V.,Nasdaq
1840904,ATAI,Atai Beckley N.V.,Nasdaq
58492,LEG,LEGGETT & PLATT INC,NYSE
1864843,ECAT,BlackRock ESG Capital Allocation Term Trust,NYSE
2055592,GEMI,"Gemini Space Station, Inc.",Nasdaq
1966983,LAC,LITHIUM AMERICAS CORP.,NYSE
1042893,INVX,"Innovex International, Inc.",NYSE
1267565,COLL,"COLLEGIUM PHARMACEUTICAL, INC",Nasdaq
1080014,INVA,"Innoviva, Inc.",Nasdaq
1050377,CNXN,PC CONNECTION INC,Nasdaq
1579733,VITL,"Vital Farms, Inc.",Nasdaq
1875444,ARHS,"Arhaus, Inc.",Nasdaq
714395,GABC,"GERMAN AMERICAN BANCORP, INC.",Nasdaq
1077183,NEO,NEOGENOMICS INC,Nasdaq
1785971,BMEZ,BlackRock Health Sciences Term Trust,NYSE
1157842,RQI,COHEN & STEERS QUALITY INCOME REALTY FUND INC,NYSE
1375877,CSIQ,Canadian Solar Inc.,Nasdaq
1935979,BHVN,Biohaven Ltd.,NYSE
104894,ELME,Elme Communities,NYSE
1670541,ADNT,Adient plc,NYSE
1877184,KMTS,"KESTRA MEDICAL TECHNOLOGIES, LTD.",Nasdaq
1370450,WLDN,"Willdan Group, Inc.",Nasdaq
1620393,NXRT,"NexPoint Residential Trust, Inc.",NYSE
819793,AIN,ALBANY INTERNATIONAL CORP /DE/,NYSE
1368458,SBH,"Sally Beauty Holdings, Inc.",NYSE
1545654,ALEX,"Alexander & Baldwin, Inc.",NYSE
721994,LKFN,LAKELAND FINANCIAL CORP,Nasdaq
1288469,MXL,"MAXLINEAR, INC",Nasdaq
1437402,ARDX,"ARDELYX, INC.",Nasdaq
1857816,GCT,GigaCloud Technology Inc,Nasdaq
1420800,ENOV,Enovis CORP,NYSE
1517413,FSLY,"Fastly, Inc.",Nasdaq
1342338,HIMX,"Himax Technologies, Inc.",Nasdaq
1180262,HLF,HERBALIFE LTD.,NYSE
912562,ROCK,"GIBRALTAR INDUSTRIES, INC.",Nasdaq
1475841,NBHC,National Bank Holdings Corp,NYSE
1999001,FUN,Six Flags Entertainment Corporation/NEW,NYSE
1782524,MSDL,Morgan Stanley Direct Lending Fund,NYSE
1809541,BCAT,BlackRock Capital Allocation Term Trust,NYSE
1866692,AMPL,"Amplitude, Inc.",Nasdaq
1298699,BXMX,Nuveen S&P 500 BuyWrite Income Fund,NYSE
1395213,EDN,EDENOR,NYSE
69633,NSSC,"NAPCO SECURITY TECHNOLOGIES, INC",Nasdaq
1698514,NESR,National Energy Services Reunited Corp.,Nasdaq
1222401,HYT,"BLACKROCK CORPORATE HIGH YIELD FUND, INC.",NYSE
1853138,KDK,"Kodiak AI, Inc.",Nasdaq
708821,PAR,PAR TECHNOLOGY CORP,NYSE
1616000,XHR,"Xenia Hotels & Resorts, Inc.",NYSE
1756708,JMIA,Jumia Technologies AG,NYSE
1645113,NVCR,NovoCure Ltd,Nasdaq
1323468,GLP,GLOBAL PARTNERS LP,NYSE
711377,NEOG,NEOGEN CORP,Nasdaq
110471,WWW,WOLVERINE WORLD WIDE INC /DE/,NYSE
1415921,NMM,Navios Maritime Partners L.P.,NYSE
109177,SPB,"Spectrum Brands Holdings, Inc.",NYSE
1831651,SHLS,"Shoals Technologies Group, Inc.",Nasdaq
1883313,SVV,"Savers Value Village, Inc.",NYSE
1736946,ARLO,"Arlo Technologies, Inc.",NYSE
1500217,AAT,"American Assets Trust, Inc.",NYSE
880807,AMSC,AMERICAN SUPERCONDUCTOR CORP /DE/,Nasdaq
1084048,ZD,"ZIFF DAVIS, INC.",Nasdaq
1941365,MBC,"MasterBrand, Inc.",NYSE
1128361,HOPE,HOPE BANCORP INC,Nasdaq
923120,GBX,GREENBRIER COMPANIES INC,NYSE
1411342,EFC,Ellington Financial Inc.,NYSE
2082141,AVVSY,Avio S.p.A./ADR,OTC
2022626,UPB,"Upstream Bio, Inc.",Nasdaq
1857475,DOLE,Dole plc,NYSE
1528437,BTT,BlackRock Municipal 2030 Target Term Trust,NYSE
45876,NVRI,ENVIRI Corp,NYSE
18748,CET,CENTRAL SECURITIES CORP,NYSE
907654,ORKA,"Oruka Therapeutics, Inc.",Nasdaq
906465,QCRH,QCR HOLDINGS INC,Nasdaq
1000753,NSP,"INSPERITY, INC.",NYSE
1816581,OUST,"Ouster, Inc.",Nasdaq
1658551,AMLX,"Amylyx Pharmaceuticals, Inc.",Nasdaq
876883,STGW,Stagwell Inc,Nasdaq
921557,RBCAA,REPUBLIC BANCORP INC /KY/,Nasdaq
1637873,ACVA,ACV Auctions Inc.,NYSE
1137091,PSIX,"POWER SOLUTIONS INTERNATIONAL, INC.",Nasdaq
1438133,TNDM,TANDEM DIABETES CARE INC,Nasdaq
1577670,LADR,Ladder Capital Corp,NYSE
1612720,NEXT,NextDecade Corp,Nasdaq
1539638,TFIN,"Triumph Financial, Inc.",NYSE
1965040,FTRE,Fortrea Holdings Inc.,Nasdaq
1828102,KARO,Karooooo Ltd.,Nasdaq
2012593,RAPP,"Rapport Therapeutics, Inc.",Nasdaq
1332174,GSG,iShares S&P GSCI Commodity-Indexed Trust,NYSE
1622629,SXGCF,Southern Cross Gold Consolidated Ltd.,OTC
1803696,ADEA,Adeia Inc.,Nasdaq
1899287,AMPX,"Amprius Technologies, Inc.",NYSE
1309167,AEGXF,Aecon Group Inc.,OTC
1844452,LUNR,"Intuitive Machines, Inc.",Nasdaq
1834488,NABL,"N-able, Inc.",NYSE
97134,TNC,TENNANT CO,NYSE
1133869,CAPR,"CAPRICOR THERAPEUTICS, INC.",Nasdaq
1584297,MNSKY,MoneySupermarket.com Group PLC/ADR,OTC
30305,DCO,DUCOMMUN INC /DE/,NYSE
1725255,AHCO,AdaptHealth Corp.,Nasdaq
1731348,TLRY,"Tilray Brands, Inc.",Nasdaq
1836057,BTX,BlackRock Technology & Private Equity Term Trust,NYSE
1702750,BY,"BYLINE BANCORP, INC.",NYSE
1160308,SVRA,Savara Inc,Nasdaq
1467760,ARI,"Apollo Commercial Real Estate Finance, Inc.",NYSE
1801170,CLOV,"CLOVER HEALTH INVESTMENTS, CORP. /DE",Nasdaq
731012,HCSG,HEALTHCARE SERVICES GROUP INC,Nasdaq
70866,VYX,NCR Voyix Corp,NYSE
805928,AXGN,"Axogen, Inc.",Nasdaq
1767258,XPEL,"XPEL, Inc.",Nasdaq
1709682,CTOS,"Custom Truck One Source, Inc.",NYSE
1812364,RLAY,"Relay Therapeutics, Inc.",Nasdaq
1616678,BST,BlackRock Science & Technology Trust,NYSE
712771,CNOB,"ConnectOne Bancorp, Inc.",Nasdaq
1772253,FLNG,Flex LNG Ltd.,NYSE
1632790,ENR,"ENERGIZER HOLDINGS, INC.",NYSE
842633,TRS,TRIMAS CORP,Nasdaq
1484515,CARCY,China Resources Cement Holdings Limited/ADR/,OTC
1827090,CERT,"Certara, Inc.",Nasdaq
846617,DCOM,"Dime Community Bancshares, Inc. /NY/",Nasdaq
40417,GAM,GENERAL AMERICAN INVESTORS CO INC,NYSE
1770121,SANA,"Sana Biotechnology, Inc.",Nasdaq
1691445,FINV,FinVolution Group,NYSE
1608741,QQQX,Nuveen NASDAQ 100 Dynamic Overwrite Fund,Nasdaq
1829118,TUYA,Tuya Inc.,NYSE
1493507,SFDMY,Shanghai Fudan Microelectronics Co Limited/ADR/,OTC
1408100,KW,"Kennedy-Wilson Holdings, Inc.",NYSE
1171486,NRP,NATURAL RESOURCE PARTNERS LP,NYSE
871763,MAN,ManpowerGroup Inc.,NYSE
752642,UMH,"UMH PROPERTIES, INC.",NYSE
901491,PZZA,PAPA JOHNS INTERNATIONAL INC,Nasdaq
1651562,COUR,"Coursera, Inc.",NYSE
1261654,UTI,UNIVERSAL TECHNICAL INSTITUTE INC,NYSE
1406587,FOR,Forestar Group Inc.,NYSE
789460,WKC,WORLD KINECT CORP,NYSE
102037,UVV,UNIVERSAL CORP /VA/,NYSE
1809196,IMTX,Immatics N.V.,Nasdaq
703604,DSGR,"Distribution Solutions Group, Inc.",Nasdaq
1776111,MBX,"MBX Biosciences, Inc.",Nasdaq
1495222,OXLC,Oxford Lane Capital Corp.,Nasdaq
1477449,TDOC,"Teladoc Health, Inc.",NYSE
50493,IMKTA,INGLES MARKETS INC,Nasdaq
1474098,PEB,Pebblebrook Hotel Trust,NYSE
1314102,EYPT,"EyePoint Pharmaceuticals, Inc.",Nasdaq
1489096,THR,"Thermon Group Holdings, Inc.",NYSE
1746109,BFC,Bank First Corp,Nasdaq
1490978,SDGR,"Schrodinger, Inc.",Nasdaq
932695,CYD,CHINA YUCHAI INTERNATIONAL LTD,NYSE
2014145,MNFYY,"Money Forward, Inc./ADR",OTC
1657788,KRP,"Kimbell Royalty Partners, LP",NYSE
821002,GIII,G III APPAREL GROUP LTD /DE/,Nasdaq
1053706,CRAI,"CRA INTERNATIONAL, INC.",Nasdaq
1293135,VET,VERMILION ENERGY INC.,NYSE
836157,LNN,LINDSAY CORP,NYSE
1481513,JKS,"JinkoSolar Holding Co., Ltd.",NYSE
2019103,SLSR,Solaris Resources Inc.,NYSE
1823239,MRVI,"MARAVAI LIFESCIENCES HOLDINGS, INC.",Nasdaq
1771007,AFYA,Afya Ltd,Nasdaq
26058,CTS,CTS CORP,NYSE
1674632,BBNX,"Beta Bionics, Inc.",Nasdaq
1693256,WTTR,"Select Water Solutions, Inc.",NYSE
876779,MGIC,MAGIC SOFTWARE ENTERPRISES LTD,Nasdaq
1580808,ATEN,"A10 Networks, Inc.",NYSE
1520697,ACHC,"Acadia Healthcare Company, Inc.",Nasdaq
1670076,ULCC,"Frontier Group Holdings, Inc.",Nasdaq
1479681,NUTX,"Nutex Health, Inc.",Nasdaq
1356090,PGEN,"PRECIGEN, INC.",Nasdaq
42682,GRC,GORMAN RUPP CO,NYSE
1005731,IDT,IDT CORP,NYSE
1474627,NEGG,"Newegg Commerce, Inc.",Nasdaq
933267,IRS,IRSA INVESTMENTS & REPRESENTATIONS INC,NYSE
1820721,ARRY,"Array Technologies, Inc.",Nasdaq
1566388,DSL,DoubleLine Income Solutions Fund,NYSE
876523,EZPW,EZCORP INC,Nasdaq
1831907,LUXE,LuxExperience B.V.,NYSE
1737450,OPRA,Opera Ltd,Nasdaq
2046042,JCAP,"Jefferson Capital, Inc. / DE",Nasdaq
17313,CSWC,CAPITAL SOUTHWEST CORP,Nasdaq
1671541,DRSHF,DroneShield Ltd,OTC
1756655,ARDT,"Ardent Health, Inc.",NYSE
1029142,DVAX,DYNAVAX TECHNOLOGIES CORP,Nasdaq
1840572,LUCK,Lucky Strike Entertainment Corp,NYSE
2048271,WSHP,WeShop Holdings Ltd,Nasdaq
816956,CNMD,CONMED Corp,NYSE
1964954,ECO,Okeanis Eco Tankers Corp.,NYSE
1982708,NNNN,Anbio Biotechnology,Nasdaq
1593538,NAVI,NAVIENT CORP,Nasdaq
1567925,SILA,"Sila Realty Trust, Inc.",NYSE
1669811,DFIN,"Donnelley Financial Solutions, Inc.",NYSE
1468748,KOD,Kodiak Sciences Inc.,Nasdaq
1276533,JFR,NUVEEN FLOATING RATE INCOME FUND,NYSE
1819133,TNGX,"Tango Therapeutics, Inc.",Nasdaq
1788882,ROOT,"Root, Inc.",Nasdaq
2026478,NMAX,Newsmax Inc.,NYSE
742278,RES,RPC INC,NYSE
1443669,PRLB,Proto Labs Inc,NYSE
1370053,ANAB,"ANAPTYSBIO, INC",Nasdaq
1690511,GOOS,Canada Goose Holdings Inc.,NYSE
1647822,SVMB,"Jingbo Technology, Inc.",OTC
311094,WABC,WESTAMERICA BANCORPORATION,Nasdaq
1127703,PRA,PROASSURANCE CORP,NYSE
1656472,CRON,Cronos Group Inc.,Nasdaq
1005210,SPH,SUBURBAN PROPANE PARTNERS LP,NYSE
1392326,CCEC,Capital Clean Energy Carriers Corp.,Nasdaq
1492165,PFBC,Preferred Bank,Nasdaq
1287032,PSEC,PROSPECT CAPITAL CORP,Nasdaq
1568194,FSCO,FS Credit Opportunities Corp.,NYSE
1828316,PHAR,Pharming Group N.V.,Nasdaq
1084961,ECPG,ENCORE CAPITAL GROUP INC,Nasdaq
1750264,MAAS,Maase Inc.,Nasdaq
33934,CRF,CORNERSTONE TOTAL RETURN FUND INC,NYSE
1081834,KUBR,Kuber Resources Corp,OTC
1734713,BV,"BrightView Holdings, Inc.",NYSE
885978,USPH,U S PHYSICAL THERAPY INC /NV,NYSE
1325618,IRMD,IRADIMED CORP,Nasdaq
1813814,MNMD,Mind Medicine (MindMed) Inc.,Nasdaq
1260563,NFJ,"Virtus Dividend, Interest & Premium Strategy Fund",NYSE
1848309,SGML,Sigma Lithium Corp,Nasdaq
1805385,EVLV,"Evolv Technologies Holdings, Inc.",Nasdaq
1590560,QURE,uniQure N.V.,Nasdaq
1266585,NMZ,NUVEEN MUNICIPAL HIGH INCOME OPPORTUNITY FUND,NYSE
1430725,GSL,"Global Ship Lease, Inc.",NYSE
1516912,OBK,"Origin Bancorp, Inc.",NYSE
1320695,THS,"TreeHouse Foods, Inc.",NYSE
1568100,PD,"PagerDuty, Inc.",NYSE
1863127,TYRA,"Tyra Biosciences, Inc.",Nasdaq
1715497,BORR,Borr Drilling Ltd,NYSE
1504461,NGL,NGL Energy Partners LP,NYSE
1819810,RDW,Redwire Corp,NYSE
1840502,TBLA,Taboola.com Ltd.,Nasdaq
1838957,RERE,ATRenew Inc.,NYSE
1808834,PRG,"PROG Holdings, Inc.",NYSE
1308335,EOS,Eaton Vance Enhanced Equity Income Fund II,NYSE
1953530,OCS,Oculis Holding AG,Nasdaq
1414932,OCSL,Oaktree Specialty Lending Corp,Nasdaq
1898601,IPX,IPERIONX Ltd,Nasdaq
1518621,ORC,"Orchid Island Capital, Inc.",NYSE
1847367,ALMS,ALUMIS INC.,Nasdaq
1164771,NAK,NORTHERN DYNASTY MINERALS LTD,NYSE
1083446,ASTH,"Astrana Health, Inc.",Nasdaq
718937,STAA,STAAR SURGICAL CO,Nasdaq
1120914,PDFS,PDF SOLUTIONS INC,Nasdaq
1853962,IAUX,i-80 Gold Corp.,NYSE
1867096,XERS,"Xeris Biopharma Holdings, Inc.",Nasdaq
1275014,UCTT,"Ultra Clean Holdings, Inc.",Nasdaq
1953575,CNL,Collective Mining Ltd.,NYSE
1825155,TIXT,TELUS International (Cda) Inc.,
1060822,CRI,CARTERS INC,NYSE
1396814,PCRX,"Pacira BioSciences, Inc.",Nasdaq
1971975,ABXXF,Abaxx Technologies Inc.,OTC
1326732,XNCR,Xencor Inc,Nasdaq
834365,BLFS,BIOLIFE SOLUTIONS INC,Nasdaq
844965,TTI,TETRA TECHNOLOGIES INC,NYSE
1297184,AMPH,"Amphastar Pharmaceuticals, Inc.",Nasdaq
1581804,NVGS,Navigator Holdings Ltd.,NYSE
851310,HLIT,HARMONIC INC.,Nasdaq
1172052,SAFT,SAFETY INSURANCE GROUP INC,Nasdaq
1583648,PVLA,"PALVELLA THERAPEUTICS, INC.",Nasdaq
1809104,ALIT,"Alight, Inc. / Delaware",NYSE
1511337,RLJ,RLJ Lodging Trust,NYSE
798359,CSR,CENTERSPACE,NYSE
1795851,SWRD,"Stewards, Inc.",OTC
1071438,BAK,BRASKEM SA,NYSE
2007919,INBX,"Inhibrx Biosciences, Inc.",Nasdaq
1600222,PXED,"Phoenix Education Partners, Inc.",NYSE
1004702,OCFC,OCEANFIRST FINANCIAL CORP,Nasdaq
1222922,EVV,Eaton Vance Ltd Duration Income Fund,NYSE
945114,GIC,GLOBAL INDUSTRIAL Co,NYSE
1158324,CCOI,"COGENT COMMUNICATIONS HOLDINGS, INC.",Nasdaq
1786108,TRIN,Trinity Capital Inc.,Nasdaq
910612,CBL,CBL & ASSOCIATES PROPERTIES INC,NYSE
1971213,SBGI,"Sinclair, Inc.",Nasdaq
1809122,CVAC,CureVac N.V.,Nasdaq
883237,VRTS,"VIRTUS INVESTMENT PARTNERS, INC.",NYSE
1922446,DEC,Diversified Energy Co,NYSE
80035,PLPC,PREFORMED LINE PRODUCTS CO,Nasdaq
66382,MLKN,"MILLERKNOLL, INC.",Nasdaq
1075415,DHC,DIVERSIFIED HEALTHCARE TRUST,Nasdaq
1447362,CSTL,CASTLE BIOSCIENCES INC,Nasdaq
1984086,SEPN,"Septerna, Inc.",Nasdaq
1843181,NBXG,Neuberger Berman Next Generation Connectivity Fund Inc.,NYSE
1992243,TE,T1 Energy Inc.,NYSE
1572694,GSBD,"Goldman Sachs BDC, Inc.",NYSE
1622194,DEA,"Easterly Government Properties, Inc.",NYSE
1841968,PX,"P10, Inc.",NYSE
903129,THRM,Gentherm Inc,Nasdaq
1567569,FPF,First Trust Intermediate Duration Preferred & Income Fund,NYSE
1580670,LGIH,"LGI Homes, Inc.",Nasdaq
318300,PEBO,PEOPLES BANCORP INC,Nasdaq
1289877,SFL,SFL Corp Ltd.,NYSE
1794350,YALA,Yalla Group Ltd,NYSE
21535,COHU,COHU INC,Nasdaq
906709,NKTR,NEKTAR THERAPEUTICS,Nasdaq
1278752,MFIC,MidCap Financial Investment Corp,Nasdaq
3499,ALX,ALEXANDERS INC,NYSE
107687,WGO,WINNEBAGO INDUSTRIES INC,NYSE
744187,REX,REX AMERICAN RESOURCES Corp,NYSE
1829864,TASK,"TaskUs, Inc.",Nasdaq
1689796,JBGS,JBG SMITH Properties,NYSE
1828962,CRCT,"Cricut, Inc.",Nasdaq
1616533,PENG,"Penguin Solutions, Inc.",Nasdaq
1537137,SLI,STANDARD LITHIUM LTD.,NYSE
1625278,NRDS,"NERDWALLET, INC.",Nasdaq
1172358,DMLP,"DORCHESTER MINERALS, L.P.",Nasdaq
1230869,ASA,ASA Gold & Precious Metals Ltd,NYSE
944809,OPK,"OPKO HEALTH, INC.",Nasdaq
1760854,NBTX,Nanobiotix S.A.,Nasdaq
350852,CTBI,COMMUNITY TRUST BANCORP INC /KY/,Nasdaq
907254,BFS,"SAUL CENTERS, INC.",NYSE
71829,NPKI,NPK International Inc.,NYSE
1217234,CDNA,"CareDx, Inc.",Nasdaq
1703057,ABCL,AbCellera Biologics Inc.,Nasdaq
94049,SCL,STEPAN CO,NYSE
1578732,MMI,"Marcus & Millichap, Inc.",NYSE
1781753,DAO,"Youdao, Inc.",NYSE
1309251,MALG,MICROALLIANCE GROUP INC.,OTC
1610601,MOMO,Hello Group Inc.,Nasdaq
1464423,PMT,PennyMac Mortgage Investment Trust,NYSE
1726173,BH-A,Biglari Holdings Inc.,NYSE
357173,OSBC,OLD SECOND BANCORP INC,Nasdaq
1747172,KBDC,"Kayne Anderson BDC, Inc.",NYSE
1951089,CRML,Critical Metals Corp.,Nasdaq
1411579,AMC,"AMC ENTERTAINMENT HOLDINGS, INC.",NYSE
1718405,HYMC,HYCROFT MINING HOLDING CORP,Nasdaq
1525221,VTOL,Bristow Group Inc.,NYSE
1412558,EVO,Evotec SE,Nasdaq
1560327,RPD,"Rapid7, Inc.",Nasdaq
1005817,TMP,TOMPKINS FINANCIAL CORP,NYSE
1376339,MDXG,"MIMEDX GROUP, INC.",Nasdaq
1771515,GO,Grocery Outlet Holding Corp.,Nasdaq
1000694,NVAX,NOVAVAX INC,Nasdaq
1680247,PUMP,ProPetro Holding Corp.,NYSE
1042776,PDM,"Piedmont Realty Trust, Inc.",NYSE
1793882,PTA,Cohen & Steers Tax-Advantaged Preferred Securities & Income Fund,NYSE
1409493,CIM,CHIMERA INVESTMENT CORP,NYSE
1676163,SSII,"SS Innovations International, Inc.",Nasdaq
792987,ASTE,ASTEC INDUSTRIES INC,Nasdaq
1826457,GLUE,"Monte Rosa Therapeutics, Inc.",Nasdaq
1709442,FSUN,FIRSTSUN CAPITAL BANCORP,Nasdaq
1493683,BBN,BlackRock Taxable Municipal Bond Trust,NYSE
933036,UPBD,"UPBOUND GROUP, INC.",Nasdaq
1713930,NEXA,Nexa Resources S.A.,NYSE
1832511,PIII,P3 Health Partners Inc.,Nasdaq
805267,HQH,abrdn Healthcare Investors,NYSE
1708035,ECVT,Ecovyst Inc.,NYSE
1596993,LPG,DORIAN LPG LTD.,NYSE
1779578,BGM,BGM Group Ltd.,Nasdaq
1821586,MLTX,MoonLake Immunotherapeutics,Nasdaq
1794338,IGIC,International General Insurance Holdings Ltd.,Nasdaq
917520,IART,INTEGRA LIFESCIENCES HOLDINGS CORP,Nasdaq
1784535,PRCH,"Porch Group, Inc.",Nasdaq
1652130,NTLA,"Intellia Therapeutics, Inc.",Nasdaq
1964333,BHRB,Burke & Herbert Financial Services Corp.,Nasdaq
2048519,AEBI,Aebi Schmidt Holding AG,Nasdaq
1431852,ODV,Osisko Development Corp.,NYSE
1010000,RUPRF,RUPERT RESOURCES LTD,OTC
1783183,PHAT,"Phathom Pharmaceuticals, Inc.",Nasdaq
314203,MUX,McEwen Inc.,NYSE
1465740,TWO,TWO HARBORS INVESTMENT CORP.,NYSE
1094366,RDWR,RADWARE LTD,Nasdaq
1484778,TDUP,ThredUp Inc.,Nasdaq
1687187,METC,"Ramaco Resources, Inc.",Nasdaq
866829,HLX,HELIX ENERGY SOLUTIONS GROUP INC,NYSE
1766400,PNTG,"Pennant Group, Inc.",Nasdaq
1576427,CRTO,Criteo S.A.,Nasdaq
1761918,ERAS,"Erasca, Inc.",Nasdaq
1614178,YEXT,"Yext, Inc.",NYSE
1995306,HDL,SUPER HI INTERNATIONAL HOLDING LTD.,Nasdaq
1668243,URGN,UroGen Pharma Ltd.,Nasdaq
1379400,AOD,abrdn Total Dynamic Dividend Fund,NYSE
1673772,RAPT,"RAPT Therapeutics, Inc.",Nasdaq
1123134,IMOS,CHIPMOS TECHNOLOGIES INC,Nasdaq
2023658,BCAX,Bicara Therapeutics Inc.,Nasdaq
2057463,GLIBA,"GCI Liberty, Inc.",Nasdaq
1334978,CCO,"Clear Channel Outdoor Holdings, Inc.",NYSE
1018164,WLFC,WILLIS LEASE FINANCE CORP,Nasdaq
1759783,EH,EHang Holdings Ltd,Nasdaq
884219,PRSU,"Pursuit Attractions & Hospitality, Inc.",NYSE
1640428,EVER,"EverQuote, Inc.",Nasdaq
1671858,SPRY,"ARS Pharmaceuticals, Inc.",Nasdaq
1095651,SAFE,Safehold Inc.,NYSE
1517399,SUPV,Grupo Supervielle S.A.,NYSE
1868279,AVBP,"ArriVent BioPharma, Inc.",Nasdaq
1898795,LVWR,"LiveWire Group, Inc.",NYSE
1425292,UAN,"CVR PARTNERS, LP",NYSE
700565,FMBH,"FIRST MID BANCSHARES, INC.",Nasdaq
710752,SBR,SABINE ROYALTY TRUST,NYSE
1379384,BTZ,BLACKROCK CREDIT ALLOCATION INCOME TRUST,NYSE
1672619,ELVN,"Enliven Therapeutics, Inc.",Nasdaq
1869105,BBOT,"BridgeBio Oncology Therapeutics, Inc.",Nasdaq
1967649,VSTS,Vestis Corp,NYSE
1051004,MUC,"BLACKROCK MUNIHOLDINGS CALIFORNIA QUALITY FUND, INC.",NYSE
1496099,NMFC,New Mountain Finance Corp,Nasdaq
1789940,FWRG,"First Watch Restaurant Group, Inc.",Nasdaq
1464343,ATLC,Atlanticus Holdings Corp,Nasdaq
27996,DLX,DELUXE CORP,NYSE
1322435,ETW,Eaton Vance Tax-Managed Global Buy-Write Opportunities Fund,NYSE
1235468,LQDT,LIQUIDITY SERVICES INC,Nasdaq
102212,UVSP,UNIVEST FINANCIAL Corp,Nasdaq
7323,EAI,"ENTERGY ARKANSAS, LLC",NYSE
2074220,CAZGF,Catapult Group International Ltd,OTC
1760689,MVST,"Microvast Holdings, Inc.",Nasdaq
1809519,GDRX,"GoodRx Holdings, Inc.",Nasdaq
1379041,EIG,"Employers Holdings, Inc.",NYSE
1742692,INMD,InMode Ltd.,Nasdaq
1515816,PLYM,"Plymouth Industrial REIT, Inc.",NYSE
1055160,MFA,"MFA FINANCIAL, INC.",NYSE
1821159,EVGO,EVgo Inc.,Nasdaq
2079999,CDNL,Cardinal Infrastructure Group Inc.,Nasdaq
1840616,NFGC,New Found Gold Corp.,NYSE
1412408,PHR,"Phreesia, Inc.",NYSE
788965,HNRG,HALLADOR ENERGY CO,Nasdaq
1278895,CII,"BlackRock Enhanced Large Cap Core Fund, Inc.",NYSE
2040491,ASIC,Ategrity Specialty Insurance Co Holdings,NYSE
66004,MSEX,MIDDLESEX WATER CO,Nasdaq
1818502,OPFI,OppFi Inc.,NYSE
2002473,BOW,Bowhead Specialty Holdings Inc.,NYSE
2086771,ELE,Elemental Royalty Corp,Nasdaq
1625101,PLSE,"PULSE BIOSCIENCES, INC.",Nasdaq
799167,MRTN,MARTEN TRANSPORT LTD,Nasdaq
1979330,NBBK,"NB Bancorp, Inc.",Nasdaq
705432,SBSI,SOUTHSIDE BANCSHARES INC,NYSE
1823608,AMAL,Amalgamated Financial Corp.,Nasdaq
748268,RCAT,"Red Cat Holdings, Inc.",Nasdaq
1789029,AEVA,"Aeva Technologies, Inc.",Nasdaq
1533615,GMRE,Global Medical REIT Inc.,NYSE
1379785,BBDC,"Barings BDC, Inc.",NYSE
1756908,PDX,PIMCO Dynamic Income Strategy Fund,NYSE
1544206,CGBD,"Carlyle Secured Lending, Inc.",Nasdaq
1698991,ACEL,"Accel Entertainment, Inc.",NYSE
706129,HBNC,HORIZON BANCORP INC /IN/,Nasdaq
1839839,JBI,"Janus International Group, Inc.",NYSE
1643615,MEG,"Montrose Environmental Group, Inc.",NYSE
1655050,BCSF,"Bain Capital Specialty Finance, Inc.",NYSE
902791,BBSI,BARRETT BUSINESS SERVICES INC,Nasdaq
1770069,MPLT,"MapLight Therapeutics, Inc.",Nasdaq
1844862,SLDP,"Solid Power, Inc.",Nasdaq
101199,UFCS,UNITED FIRE GROUP INC,Nasdaq
1372020,GLDD,Great Lakes Dredge & Dock CORP,Nasdaq
891166,UVE,"UNIVERSAL INSURANCE HOLDINGS, INC.",NYSE
1504619,PFLT,PennantPark Floating Rate Capital Ltd.,NYSE
46129,ALNT,ALLIENT INC,Nasdaq
1224450,RNP,COHEN & STEERS REIT & PREFERRED & INCOME FUND INC,NYSE
1706431,VIR,"Vir Biotechnology, Inc.",Nasdaq
1891027,MNTN,"MNTN, Inc.",NYSE
1846069,NXDR,"Nextdoor Holdings, Inc.",NYSE
1655759,ARVN,"ARVINAS, INC.",Nasdaq
918965,SCSC,"SCANSOURCE, INC.",Nasdaq
915779,DAKT,DAKTRONICS INC /SD/,Nasdaq
316888,ASM,AVINO SILVER & GOLD MINES LTD,NYSE
1962746,LOT,Lotus Technology Inc.,Nasdaq
1940941,MFI,mF International Ltd,Nasdaq
1738021,CMPX,"Compass Therapeutics, Inc.",Nasdaq
1531031,ESQ,"Esquire Financial Holdings, Inc.",Nasdaq
1583107,TBPH,"Theravance Biopharma, Inc.",Nasdaq
906013,AWF,ALLIANCEBERNSTEIN GLOBAL HIGH INCOME FUND INC,NYSE
1434868,ESPR,"Esperion Therapeutics, Inc.",Nasdaq
1817713,JANX,"Janux Therapeutics, Inc.",Nasdaq
1484769,FUBO,FuboTV Inc.,NYSE
1410098,CRMD,CorMedix Inc.,Nasdaq
1796280,ORIC,"Oric Pharmaceuticals, Inc.",Nasdaq
1995520,YB,Yuanbao Inc.,Nasdaq
1447028,ABUS,Arbutus Biopharma Corp,Nasdaq
1490906,CFFN,"Capitol Federal Financial, Inc.",Nasdaq
2064947,WBI,WaterBridge Infrastructure LLC,NYSE
1013605,PDS,PRECISION DRILLING Corp,NYSE
1832483,SERV,Serve Robotics Inc. /DE/,Nasdaq
1222719,CHY,CALAMOS CONVERTIBLE & HIGH INCOME FUND,Nasdaq
1526491,GUYGF,G2 Goldfields Inc.,OTC
1598665,HRTG,"Heritage Insurance Holdings, Inc.",NYSE
1520504,VLRS,"Controladora Vuela Compania de Aviacion, S.A.B. de C.V.",NYSE
1227500,EQBK,EQUITY BANCSHARES INC,NYSE
1831631,LDI,"loanDepot, Inc.",NYSE
1862461,REAX,Real Brokerage Inc,Nasdaq
1739566,UTZ,"Utz Brands, Inc.",NYSE
1831481,SOC,Sable Offshore Corp.,NYSE
1498547,CMRF,"CIM REAL ESTATE FINANCE TRUST, INC.",OTC
1013488,BJRI,BJs RESTAURANTS INC,Nasdaq
1422143,KURA,"Kura Oncology, Inc.",Nasdaq
1802974,AVO,"Mission Produce, Inc.",Nasdaq
1704720,CNNE,"Cannae Holdings, Inc.",NYSE
1606163,LMB,"Limbach Holdings, Inc.",Nasdaq
1268533,TYG,TORTOISE ENERGY INFRASTRUCTURE CORP,NYSE
1562528,FBRT,"Franklin BSP Realty Trust, Inc.",NYSE
1337117,ITRN,Ituran Location & Control Ltd.,Nasdaq
1195739,NRK,NUVEEN NEW YORK AMT-FREE QUALITY MUNICIPAL INCOME FUND,NYSE
755001,UTL,UNITIL CORP,NYSE
1425205,IOVA,"IOVANCE BIOTHERAPEUTICS, INC.",Nasdaq
810332,RJET,REPUBLIC AIRWAYS HOLDINGS INC.,Nasdaq
880117,JBSS,SANFILIPPO JOHN B & SON INC,Nasdaq
2011674,YDES,YD Bio Ltd,Nasdaq
1611115,OMDA,"Omada Health, Inc.",Nasdaq
912463,GES,GUESS INC,NYSE
1109242,HAFC,HANMI FINANCIAL CORP,Nasdaq
886744,GERN,GERON CORP,Nasdaq
1841925,INDI,"indie Semiconductor, Inc.",Nasdaq
1756594,IVA,Inventiva S.A.,Nasdaq
1734342,AMTB,Amerant Bancorp Inc.,NYSE
1440972,LAR,Lithium Argentina AG,NYSE
6845,APOG,"APOGEE ENTERPRISES, INC.",Nasdaq
1826470,WOOF,"Petco Health & Wellness Company, Inc.",Nasdaq
1639877,GSM,Ferroglobe PLC,Nasdaq
701347,CPF,CENTRAL PACIFIC FINANCIAL CORP,NYSE
1845337,DAWN,"Day One Biopharmaceuticals, Inc.",Nasdaq
1046025,HFWA,HERITAGE FINANCIAL CORP /WA/,Nasdaq
1477815,SG,"Sweetgreen, Inc.",NYSE
1680581,FULC,"Fulcrum Therapeutics, Inc.",Nasdaq
1437424,POET,POET TECHNOLOGIES INC.,Nasdaq
1418076,SLRC,SLR Investment Corp.,Nasdaq
1712189,TH,Target Hospitality Corp.,Nasdaq
1348911,KALV,"KalVista Pharmaceuticals, Inc.",Nasdaq
1974551,RSRBF,Robex Resources Inc.,OTC
1818383,MAX,"MediaAlpha, Inc.",NYSE
1819974,SKYT,"SkyWater Technology, Inc",Nasdaq
1412665,MOFG,"MidWestOne Financial Group, Inc.",Nasdaq
1868726,OLPX,"OLAPLEX HOLDINGS, INC.",Nasdaq
1743235,RIOFF,Rio2 Ltd,OTC
1506289,BCX,BlackRock Resources & Commodities Strategy Trust,NYSE
1219360,PHK,PIMCO HIGH INCOME FUND,NYSE
1865200,ANGX,"Angel Studios, Inc.",NYSE
1944558,VTS,"Vitesse Energy, Inc.",NYSE
1674930,FLGT,"Fulgent Genetics, Inc.",Nasdaq
1260041,HTD,JOHN HANCOCK TAX-ADVANTAGED DIVIDEND INCOME FUND,NYSE
93389,SMP,"STANDARD MOTOR PRODUCTS, INC.",NYSE
357301,TRST,TRUSTCO BANK CORP N Y,Nasdaq
1160990,PCN,PIMCO CORPORATE & INCOME STRATEGY FUND,NYSE
922864,AIV,APARTMENT INVESTMENT & MANAGEMENT CO,NYSE
1728117,GOSS,"Gossamer Bio, Inc.",Nasdaq
1171471,CHI,CALAMOS CONVERTIBLE OPPORTUNITIES & INCOME FUND,Nasdaq
794619,AMWD,AMERICAN WOODMARK CORP,Nasdaq
31235,KODK,EASTMAN KODAK CO,NYSE
1476034,MCB,Metropolitan Bank Holding Corp.,NYSE
775215,HBT,"HBT Financial, Inc.",Nasdaq
1603145,XIFR,"XPLR Infrastructure, LP",NYSE
1920294,RZLV,REZOLVE AI PLC,Nasdaq
1034957,CRESY,CRESUD INC,Nasdaq
1747068,MCBS,"MetroCity Bankshares, Inc.",Nasdaq
1728688,IIIV,"i3 Verticals, Inc.",Nasdaq
1453015,BLDP,Ballard Power Systems Inc.,Nasdaq
1855747,BLND,"Blend Labs, Inc.",NYSE
1828536,NRGV,"Energy Vault Holdings, Inc.",NYSE
1574197,FPH,"Five Point Holdings, LLC",NYSE
1743725,GDYN,"GRID DYNAMICS HOLDINGS, INC.",Nasdaq
1833197,SWIM,"Latham Group, Inc.",Nasdaq
1117297,QNST,"QUINSTREET, INC",Nasdaq
1517518,EMO,ClearBridge Energy Midstream Opportunity Fund Inc.,NYSE
1821866,BTQ,BTQ Technologies Corp.,Nasdaq
736772,CCNE,CNB FINANCIAL CORP/PA,Nasdaq
1826286,VINP,Vinci Compass Investments Ltd.,Nasdaq
1624322,BFST,"Business First Bancshares, Inc.",Nasdaq
1855129,GHRS,GH Research PLC,Nasdaq
1963685,RR,RICHTECH ROBOTICS INC.,Nasdaq
63296,MATW,MATTHEWS INTERNATIONAL CORP,Nasdaq
1094324,SIFY,SIFY TECHNOLOGIES LTD,Nasdaq
890196,MQY,"BLACKROCK MUNIYIELD QUALITY FUND, INC.",NYSE
319654,PBT,PERMIAN BASIN ROYALTY TRUST,NYSE
1814287,ABL,"Abacus Global Management, Inc.",Nasdaq
897322,GILT,GILAT SATELLITE NETWORKS LTD,Nasdaq
1739016,ELVR,Elevra Lithium Ltd,Nasdaq
1481582,RYI,Ryerson Holding Corp,NYSE
2018463,BRELY,Brazilian Rare Earths Limited/ADR,OTC
1096752,EPC,EDGEWELL PERSONAL CARE Co,NYSE
108385,WRLD,WORLD ACCEPTANCE CORP,Nasdaq
1851112,RSKD,RISKIFIED LTD.,NYSE
1579684,TDAY,"USA TODAY Co., Inc.",NYSE
1459839,SIBN,"SI-BONE, Inc.",Nasdaq
1042729,MBWM,MERCANTILE BANK CORP,Nasdaq
1834026,GROY,Gold Royalty Corp.,NYSE
1300391,EOI,Eaton Vance Enhanced Equity Income Fund,NYSE
1823584,AENT,ALLIANCE ENTERTAINMENT HOLDING CORP,Nasdaq
1313510,GGN,"GAMCO Global Gold, Natural Resources & Income Trust",NYSE
1517396,SSYS,STRATASYS LTD.,Nasdaq
1174164,FFC,Flaherty & Crumrine PREFERRED & INCOME SECURITIES FUND INC,NYSE
1538263,HTB,"HomeTrust Bancshares, Inc.",NYSE
1737953,REPL,"Replimune Group, Inc.",Nasdaq
1543418,TMQ,Trilogy Metals Inc.,NYSE
1275168,FSBC,FIVE STAR BANCORP,Nasdaq
1538849,CAPL,CrossAmerica Partners LP,NYSE
1163739,NBR,NABORS INDUSTRIES LTD,NYSE
1085913,FMCB,FARMERS & MERCHANTS BANCORP,OTC
1828105,HIPO,Hippo Holdings Inc.,NYSE
912728,FWRD,FORWARD AIR CORP,Nasdaq
1743907,SNCY,"Sun Country Airlines Holdings, Inc.",Nasdaq
1326200,GNK,GENCO SHIPPING & TRADING LTD,NYSE
1607939,UDMY,"Udemy, Inc.",Nasdaq
1747079,BALY,Bally's Corp,NYSE
1494191,KRNGY,Karoon Gas Australia Ltd /ADR/,OTC
101538,UAMY,UNITED STATES ANTIMONY CORP,NYSE
911971,TK,TEEKAY CORP LTD,NYSE
896429,CTLP,"CANTALOUPE, INC.",Nasdaq
1683606,CARS,Cars.com Inc.,NYSE
1287213,PLOW,"DOUGLAS DYNAMICS, INC",NYSE
1591588,GOLD,"Gold.com, Inc.",NYSE
1861107,CBLL,"Ceribell, Inc.",Nasdaq
1527753,PSNL,"Personalis, Inc.",Nasdaq
2007825,CCCX,Churchill Capital Corp X/Cayman,Nasdaq
1778114,AIO,Virtus Artificial Intelligence & Technology Opportunities Fund,NYSE
2044241,THH,TryHard Holdings Ltd,Nasdaq
1958086,CLB,Core Laboratories Inc. /DE/,NYSE
1850235,HEPS,D-MARKET Electronic Services & Trading,Nasdaq
1604522,THQ,abrdn Healthcare Opportunities Fund,NYSE
1717547,BRSP,"BrightSpire Capital, Inc.",NYSE
1692705,QD,Qudian Inc.,NYSE
791963,OPY,OPPENHEIMER HOLDINGS INC,NYSE
750686,CAC,CAMDEN NATIONAL CORP,Nasdaq
1838615,ALTI,"AlTi Global, Inc.",Nasdaq
1512499,LIND,"LINDBLAD EXPEDITIONS HOLDINGS, INC.",Nasdaq
1398733,AQST,"Aquestive Therapeutics, Inc.",Nasdaq
1421517,ERII,"Energy Recovery, Inc.",Nasdaq
1762301,FVRR,Fiverr International Ltd.,NYSE
1804176,BFLY,"Butterfly Network, Inc.",NYSE
88948,SENEA,Seneca Foods Corp,Nasdaq
726601,CCBG,CAPITAL CITY BANK GROUP INC,Nasdaq
1692376,VEL,"Velocity Financial, Inc.",NYSE
1598428,MTUS,Metallus Inc.,NYSE
1920406,ASST,"Strive, Inc.",Nasdaq
714562,THFF,FIRST FINANCIAL CORP /IN/,Nasdaq
1062231,AXL,AMERICAN AXLE & MANUFACTURING HOLDINGS INC,NYSE
1423221,NX,Quanex Building Products CORP,NYSE
1951222,LAES,SEALSQ Corp,Nasdaq
1632127,CABO,"Cable One, Inc.",NYSE
1720116,RDVT,"Red Violet, Inc.",Nasdaq
1528115,ANNX,"Annexon, Inc.",Nasdaq
1881487,ACDC,ProFrac Holding Corp.,Nasdaq
1857154,DNUT,"Krispy Kreme, Inc.",Nasdaq
1613780,DBVT,DBV Technologies S.A.,Nasdaq
1836564,VALN,Valneva SE,Nasdaq
1819142,SES,SES AI Corp,NYSE
1018979,AMSF,AMERISAFE INC,Nasdaq
800457,DGICA,DONEGAL GROUP INC,Nasdaq
1879248,ADSE,Ads-Tec Energy Public Ltd Co,Nasdaq
1227476,JQC,Nuveen Credit Strategies Income Fund,NYSE
1386278,GDOT,GREEN DOT CORP,NYSE
1124105,GYRE,"GYRE THERAPEUTICS, INC.",Nasdaq
883618,NXP,NUVEEN SELECT TAX FREE INCOME PORTFOLIO,NYSE
854560,GSBC,"GREAT SOUTHERN BANCORP, INC.",Nasdaq
1702318,AHG,Akso Health Group,Nasdaq
1530804,TROX,Tronox Holdings plc,NYSE
1053352,HTBK,HERITAGE COMMERCE CORP,Nasdaq
1579214,EEX,"Emerald Holding, Inc.",NYSE
1828791,DSP,Viant Technology Inc.,Nasdaq
1034842,RIGL,RIGEL PHARMACEUTICALS INC,Nasdaq
1894562,PRME,"Prime Medicine, Inc.",Nasdaq
1606757,KE,"Kimball Electronics, Inc.",Nasdaq
1434621,TREE,"LendingTree, Inc.",Nasdaq
879635,MPB,MID PENN BANCORP INC,Nasdaq
1454789,ATXS,"Astria Therapeutics, Inc.",Nasdaq
1512228,NB,NIOCORP DEVELOPMENTS LTD,Nasdaq
826154,ORRF,ORRSTOWN FINANCIAL SERVICES INC,Nasdaq
1834376,INNV,InnovAge Holding Corp.,Nasdaq
1071255,GDEN,"GOLDEN ENTERTAINMENT, INC.",Nasdaq
80172,NPK,NATIONAL PRESTO INDUSTRIES INC,NYSE
1576942,SFIX,"Stitch Fix, Inc.",Nasdaq
74046,ODC,Oil-Dri Corp of America,NYSE
799233,HTLD,HEARTLAND EXPRESS INC,Nasdaq
1722606,MTA,Metalla Royalty & Streaming Ltd.,NYSE
1513363,FDUS,FIDUS INVESTMENT Corp,Nasdaq
1782430,STRW,"Strawberry Fields REIT, Inc.",NYSE
1819559,WDI,Western Asset Diversified Income Fund (WDI),NYSE
1806952,LYEL,"Lyell Immunopharma, Inc.",Nasdaq
1722387,ITRG,Integra Resources Corp.,NYSE
1383082,DBA,INVESCO DB AGRICULTURE FUND,NYSE
1710350,BTBT,"Bit Digital, Inc",Nasdaq
1823587,SKYH,Sky Harbour Group Corp,NYSE
69488,MYE,MYERS INDUSTRIES INC,NYSE
1040470,AEHR,AEHR TEST SYSTEMS,Nasdaq
1000177,NAT,NORDIC AMERICAN TANKERS Ltd,NYSE
866729,SCHL,SCHOLASTIC CORP,Nasdaq
2079013,HCAC,Hall Chadwick Acquisition Corp,
883412,MYI,"BLACKROCK MUNIYIELD QUALITY FUND III, INC.",NYSE
2019804,IMSR,Terrestrial Energy Inc. /DE/,Nasdaq
1526119,VSTM,"Verastem, Inc.",Nasdaq
930236,RWT,REDWOOD TRUST INC,NYSE
1227654,CMP,COMPASS MINERALS INTERNATIONAL INC,NYSE
1604174,ECC,Eagle Point Credit Co Inc.,NYSE
1720424,HIVE,HIVE Digital Technologies Ltd.,Nasdaq
1848731,GLASF,Glass House Brands Inc.,OTC
39311,IBCP,INDEPENDENT BANK CORP /MI/,Nasdaq
1824814,CGNT,Cognyte Software Ltd.,Nasdaq
1630472,TRTX,"TPG RE Finance Trust, Inc.",NYSE
1285819,OMER,OMEROS CORP,Nasdaq
1569187,AHH,"Armada Hoffler Properties, Inc.",NYSE
1095565,HSTM,HEALTHSTREAM INC,Nasdaq
1735438,MGTX,MeiraGTx Holdings plc,Nasdaq
1667011,AIP,"Arteris, Inc.",Nasdaq
1789972,CGEM,"Cullinan Therapeutics, Inc.",Nasdaq
1907108,LXEO,"Lexeo Therapeutics, Inc.",Nasdaq
2042022,WYFI,"WhiteFiber, Inc.",Nasdaq
1122904,NTGR,"NETGEAR, INC.",Nasdaq
1655099,RA,Brookfield Real Assets Income Fund Inc.,NYSE
1788399,DLY,DoubleLine Yield Opportunities Fund,NYSE
1737924,NCDL,Nuveen Churchill Direct Lending Corp.,NYSE
1424929,FOXF,FOX FACTORY HOLDING CORP,Nasdaq
1855066,MEGI,NYLI CBRE Global Infrastructure Megatrends Term Fund,NYSE
1774170,AIOT,"Powerfleet, Inc.",Nasdaq
1793855,ASGI,abrdn Global Infrastructure Income Fund,NYSE
925683,BTO,JOHN HANCOCK FINANCIAL OPPORTUNITIES FUND,NYSE
1166663,TEN,TSAKOS ENERGY NAVIGATION LTD,NYSE
1499505,AGRO,Adecoagro S.A.,NYSE
1501989,CTMX,"CytomX Therapeutics, Inc.",Nasdaq
1590877,RGNX,REGENXBIO Inc.,Nasdaq
1400891,IHRT,"iHeartMedia, Inc.",Nasdaq
1886878,PAXS,PIMCO Access Income Fund,NYSE
2025416,OWLS,OBOOK HOLDINGS INC.,Nasdaq
1175535,WSR,Whitestone REIT,NYSE
1728190,HUYA,HUYA Inc.,NYSE
1793663,VTEX,VTEX,NYSE
1604665,WLKP,Westlake Chemical Partners LP,NYSE
1286613,LINC,LINCOLN EDUCATIONAL SERVICES CORP,Nasdaq
1051627,AXTI,AXT INC,Nasdaq
732417,HBIA,HILLS BANCORPORATION,OTC
783412,DJCO,DAILY JOURNAL CORP,Nasdaq
1528129,VTLE,"Vital Energy, Inc.",NYSE
716314,GHM,GRAHAM CORP,NYSE
1016281,CSV,CARRIAGE SERVICES INC,NYSE
1383441,NIE,Virtus Equity & Convertible Income Fund,NYSE
1296250,PFN,PIMCO Income Strategy Fund II,NYSE
1000623,MATV,"Mativ Holdings, Inc.",NYSE
1030192,IDR,"Idaho Strategic Resources, Inc.",NYSE
1525769,PLAY,"Dave & Buster's Entertainment, Inc.",Nasdaq
1113809,BBW,BUILD-A-BEAR WORKSHOP INC,NYSE
1872789,EMBC,Embecta Corp.,Nasdaq
1798749,JBIO,"Jade Biosciences, Inc.",Nasdaq
916907,SMBC,"SOUTHERN MISSOURI BANCORP, INC.",Nasdaq
1160864,BHK,BLACKROCK CORE BOND TRUST,NYSE
1537054,GOGO,Gogo Inc.,Nasdaq
1309402,GPRE,Green Plains Inc.,Nasdaq
1729997,GDLC,Grayscale CoinDesk Crypto 5 ETF,NYSE
1185348,PRAA,PRA GROUP INC,Nasdaq
1393726,TIPT,TIPTREE INC.,Nasdaq
1503290,ACP,abrdn Income Credit Strategies Fund,NYSE
1377757,GAU,Galiano Gold Inc.,NYSE
899923,MYGN,MYRIAD GENETICS INC,Nasdaq
1201792,APEI,AMERICAN PUBLIC EDUCATION INC,Nasdaq
915840,BZH,BEAZER HOMES USA INC,NYSE
1163668,SPFI,"SOUTH PLAINS FINANCIAL, INC.",Nasdaq
1549346,SSTK,"Shutterstock, Inc.",NYSE
1499543,NOAH,NOAH HOLDINGS LTD,NYSE
1038773,SMBK,SMARTFINANCIAL INC.,NYSE
1320375,BOE,BlackRock Enhanced Global Dividend Trust,NYSE
1850270,PROK,PROKIDNEY CORP.,Nasdaq
1835856,BETR,Better Home & Finance Holding Co,Nasdaq
1928446,GRNT,"Granite Ridge Resources, Inc.",NYSE
926282,ADTN,"ADTRAN Holdings, Inc.",Nasdaq
1743759,CRSR,"Corsair Gaming, Inc.",Nasdaq
1630805,BW,"Babcock & Wilcox Enterprises, Inc.",NYSE
1620749,PHCI,Panamera Holdings Corp,OTC
1771706,VREOF,Vireo Growth Inc.,OTC
38264,FWDI,"Forward Industries, Inc.",Nasdaq
862831,FISI,FINANCIAL INSTITUTIONS INC,Nasdaq
1753539,BKSY,BlackSky Technology Inc.,NYSE
1823986,WDH,Waterdrop Inc.,NYSE
1713334,MSC,STUDIO CITY INTERNATIONAL HOLDINGS Ltd,NYSE
1921865,ASPI,ASP Isotopes Inc.,Nasdaq
1664710,KROS,"Keros Therapeutics, Inc.",Nasdaq
1517375,SPT,"Sprout Social, Inc.",Nasdaq
1490281,GRPN,"Groupon, Inc.",Nasdaq
1816590,CMPS,COMPASS Pathways plc,Nasdaq
1050441,EGBN,EAGLE BANCORP INC,Nasdaq
1535778,MSIF,"MSC INCOME FUND, INC.",NYSE
1852353,DC,Dakota Gold Corp.,NYSE
884152,VMO,Invesco Municipal Opportunity Trust,NYSE
1273685,ADAM,"ADAMAS TRUST, INC.",Nasdaq
2040475,DMII,Drugs Made In America Acquisition II Corp.,Nasdaq
1669779,CWH,"Camping World Holdings, Inc.",NYSE
1842731,SMWB,SIMILARWEB LTD.,NYSE
1559432,TXO,"TXO Partners, L.P.",NYSE
1530766,STEX,Streamex Corp.,Nasdaq
1195738,NKX,NUVEEN CALIFORNIA AMT-FREE QUALITY MUNICIPAL INCOME FUND,NYSE
1959224,AXG,"Solowin Holdings, Ltd.",Nasdaq
354963,SHEN,SHENANDOAH TELECOMMUNICATIONS CO/VA/,Nasdaq
1795815,BCAL,California BanCorp \ CA,Nasdaq
1084201,SVA,SINOVAC BIOTECH LTD,Nasdaq
1369085,NEWP,NEW PACIFIC METALS CORP,NYSE
60714,LXU,"LSB INDUSTRIES, INC.",NYSE
859070,FCBC,FIRST COMMUNITY BANKSHARES INC /VA/,Nasdaq
1053988,MUJ,"BLACKROCK MUNIHOLDINGS NEW JERSEY QUALITY FUND, INC.",NYSE
1299130,PACB,"PACIFIC BIOSCIENCES OF CALIFORNIA, INC.",Nasdaq
1625791,KRNT,Kornit Digital Ltd.,Nasdaq
1268884,IGR,CBRE GLOBAL REAL ESTATE INCOME FUND,NYSE
896156,ETD,ETHAN ALLEN INTERIORS INC,NYSE
1737927,CGC,Canopy Growth Corp,Nasdaq
764401,IIIN,INSTEEL INDUSTRIES INC,NYSE
1829959,DCBO,Docebo Inc.,Nasdaq
876427,MNRO,"MONRO, INC.",Nasdaq
1820378,TBLD,Thornburg Income Builder Opportunities Trust,Nasdaq
1051003,DSU,"BLACKROCK DEBT STRATEGIES FUND, INC.",NYSE
1626971,CRVS,"Corvus Pharmaceuticals, Inc.",Nasdaq
357294,HOV,HOVNANIAN ENTERPRISES INC,NYSE
1898496,GETY,"Getty Images Holdings, Inc.",NYSE
1847590,BWMN,Bowman Consulting Group Ltd.,Nasdaq
1142750,AMN,AMN HEALTHCARE SERVICES INC,NYSE
790500,FAX,"ABRDN ASIA-PACIFIC INCOME FUND, INC.",NYSE
1035092,SHBI,SHORE BANCSHARES INC,Nasdaq
1831915,CTKB,"Cytek Biosciences, Inc.",Nasdaq
1471420,STK,"Columbia Seligman Premium Technology Growth Fund, Inc.",NYSE
1700844,EVOH,EvoAir Holdings Inc.,OTC
1772177,KRUS,"KURA SUSHI USA, INC.",Nasdaq
1650648,FDMT,"4D Molecular Therapeutics, Inc.",Nasdaq
1792849,HPK,"HighPeak Energy, Inc.",Nasdaq
1027838,TCMD,TACTILE SYSTEMS TECHNOLOGY INC,Nasdaq
1765812,PHDWY,"PT Ace Hardware Indonesia, Tbk./ADR",OTC
1548717,LDP,"Cohen & Steers Ltd Duration Preferred & Income Fund, Inc.",NYSE
1401521,ACIC,AMERICAN COASTAL INSURANCE Corp,Nasdaq
1067294,CBRL,"CRACKER BARREL OLD COUNTRY STORE, INC",Nasdaq
855886,PDT,JOHN HANCOCK PREMIUM DIVIDEND FUND,NYSE
1514705,SXC,"SunCoke Energy, Inc.",NYSE
1227862,EMD,WESTERN ASSET EMERGING MARKETS DEBT FUND INC.,NYSE
1793229,CTEV,Claritev Corp,NYSE
1539190,SPPP,SPROTT PHYSICAL PLATINUM & PALLADIUM TRUST,NYSE
1652535,ICHR,"ICHOR HOLDINGS, LTD.",Nasdaq
884624,OFIX,Orthofix Medical Inc.,Nasdaq
1001385,NWPX,"NWPX Infrastructure, Inc.",Nasdaq
1661181,ORGO,Organogenesis Holdings Inc.,Nasdaq
1868995,CINT,CI&T Inc,NYSE
1163370,NRIM,NORTHRIM BANCORP INC,Nasdaq
1827821,FRGE,"Forge Global Holdings, Inc.",NYSE
1034665,MHD,"BLACKROCK MUNIHOLDINGS FUND, INC.",NYSE
1546417,BLMN,"Bloomin' Brands, Inc.",Nasdaq
1367644,EBS,Emergent BioSolutions Inc.,NYSE
1387467,AOSL,ALPHA & OMEGA SEMICONDUCTOR Ltd,Nasdaq
1793129,NDMO,Nuveen Dynamic Municipal Opportunities Fund,NYSE
1848416,VRNO,Verano Holdings Corp.,OTC
1001614,REPX,"Riley Exploration Permian, Inc.",NYSE
1827401,DRUG,BRIGHT MINDS BIOSCIENCES INC.,Nasdaq
1897087,SUPX,SuperX AI Technology Ltd,Nasdaq
1336706,NPB,NORTHPOINTE BANCSHARES INC,NYSE
763532,LYTS,LSI INDUSTRIES INC,Nasdaq
1899883,FIP,FTAI Infrastructure Inc.,Nasdaq
872716,ALPIB,ALPINE BANKS OF COLORADO,OTC
1597033,SABR,Sabre Corp,Nasdaq
1378325,CV,"CapsoVision, Inc",Nasdaq
903419,ALRS,ALERUS FINANCIAL CORP,Nasdaq
1173514,HY,"HYSTER-YALE, INC.",NYSE
2076631,AMRQF,AMAROQ LTD.,OTC
43196,GTN,"GRAY MEDIA, INC",NYSE
708781,CASS,CASS INFORMATION SYSTEMS INC,Nasdaq
1861974,ECX,ECARX Holdings Inc.,Nasdaq
2042902,EVAC,EQV Ventures Acquisition Corp. II,NYSE
1173489,CEVA,CEVA INC,Nasdaq
2034267,CEPF,"Cantor Equity Partners IV, Inc.",Nasdaq
737468,WASH,WASHINGTON TRUST BANCORP INC,Nasdaq
1395325,ETJ,Eaton Vance Risk-Managed Diversified Equity Income Fund,NYSE
1705110,ANGI,Angi Inc.,Nasdaq
1528988,BUI,"BlackRock Utilities, Infrastructure & Power Opportunities Trust",NYSE
1803901,TALK,"Talkspace, Inc.",Nasdaq
1446847,IRWD,IRONWOOD PHARMACEUTICALS INC,Nasdaq
23795,CTO,"CTO Realty Growth, Inc.",NYSE
798783,UHT,UNIVERSAL HEALTH REALTY INCOME TRUST,NYSE
1257640,KRO,KRONOS WORLDWIDE INC,NYSE
885601,IIM,Invesco Value Municipal Income Trust,NYSE
1320461,CPS,Cooper-Standard Holdings Inc.,NYSE
1547459,NGVC,"Natural Grocers by Vitamin Cottage, Inc.",NYSE
1851194,VTYX,"Ventyx Biosciences, Inc.",Nasdaq
216851,PEO,"ADAMS NATURAL RESOURCES FUND, INC.",NYSE
1631596,KREF,KKR Real Estate Finance Trust Inc.,NYSE
1221029,CPAC,CEMENTOS PACASMAYO SAA,NYSE
1774342,NMCO,Nuveen Municipal Credit Opportunities Fund,NYSE
1768259,GOTU,Gaotu Techedu Inc.,NYSE
1043000,SNDA,"SONIDA SENIOR LIVING, INC.",NYSE
928658,CVLG,"COVENANT LOGISTICS GROUP, INC.",NYSE
923139,FFIC,FLUSHING FINANCIAL CORP,Nasdaq
1562818,BIT,BlackRock Multi-Sector Income Trust,NYSE
1867102,EVTL,Vertical Aerospace Ltd.,NYSE
1064052,FGOVF,FREEGOLD VENTURES LTD,OTC
1602584,CCD,Calamos Dynamic Convertible & Income Fund,Nasdaq
1437071,IVR,Invesco Mortgage Capital Inc.,NYSE
1823794,ARKO,ARKO Corp.,Nasdaq
1315257,KOP,Koppers Holdings Inc.,NYSE
1392380,GEVO,"Gevo, Inc.",Nasdaq
886043,MMU,WESTERN ASSET MANAGED MUNICIPALS FUND INC.,NYSE
1426800,ASMB,"ASSEMBLY BIOSCIENCES, INC.",Nasdaq
1780652,CAN,Canaan Inc.,Nasdaq
1538379,IBTA,"Ibotta, Inc.",NYSE
1766600,SNDL,SNDL Inc.,Nasdaq
1590976,MBUU,"MALIBU BOATS, INC.",Nasdaq
928340,CWCO,Consolidated Water Co. Ltd.,Nasdaq
1830214,DNA,"Ginkgo Bioworks Holdings, Inc.",NYSE
1815776,LENZ,"LENZ Therapeutics, Inc.",Nasdaq
930420,KFRC,KFORCE INC,NYSE
1729173,UXIN,Uxin Ltd,Nasdaq
103595,VLGEA,VILLAGE SUPER MARKET INC,Nasdaq
25475,CRD-A,CRAWFORD & CO,NYSE
880892,VGM,Invesco Trust for Investment Grade Municipals,NYSE
1497645,INN,"Summit Hotel Properties, Inc.",NYSE
1980845,ENGN,enGene Holdings Inc.,Nasdaq
1559053,PRTA,PROTHENA CORP PUBLIC LTD CO,Nasdaq
1162194,LAB,STANDARD BIOTOOLS INC.,Nasdaq
912147,RMT,"ROYCE MICRO-CAP TRUST, INC.",NYSE
920427,UNTY,UNITY BANCORP INC /NJ/,Nasdaq
1633336,CCAP,"Crescent Capital BDC, Inc.",Nasdaq
1325964,LWLG,"Lightwave Logic, Inc.",Nasdaq
1781730,TCBX,"Third Coast Bancshares, Inc.",NYSE
1843974,DXYZ,Destiny Tech100 Inc.,NYSE
835011,MGPI,MGP INGREDIENTS INC,Nasdaq
1219120,AVK,ADVENT CONVERTIBLE & INCOME FUND,NYSE
1608742,DIAX,Nuveen Dow 30sm Dynamic Overwrite Fund,NYSE
1913847,CNCK,Coincheck Group N.V.,Nasdaq
1057060,HZO,MARINEMAX INC,NYSE
1053369,ELTP,ELITE PHARMACEUTICALS INC /NV/,OTC
1326190,ALT,"Altimmune, Inc.",Nasdaq
1321741,GAIN,GLADSTONE INVESTMENT CORPORATION\DE,Nasdaq
917100,IFN,"INDIA FUND, INC.",NYSE
1672688,ABSI,Absci Corp,Nasdaq
1708259,LX,LexinFintech Holdings Ltd.,Nasdaq
743367,BHB,BAR HARBOR BANKSHARES,NYSE
1609151,WEAV,"Weave Communications, Inc.",NYSE
2079173,AEXA,American Exceptionalism Acquisition Corp. A,NYSE
1873529,KLC,"KinderCare Learning Companies, Inc.",NYSE
1830043,BMBL,Bumble Inc.,Nasdaq
1791145,GBFH,GBank Financial Holdings Inc.,Nasdaq
1625641,LAW,"CS Disco, Inc.",NYSE
1606498,AVNS,"AVANOS MEDICAL, INC.",NYSE
709337,FMNB,FARMERS NATIONAL BANC CORP /OH/,Nasdaq
2044725,EVMN,"Evommune, Inc.",NYSE
1057379,HCKT,"HACKETT GROUP, INC.",Nasdaq
1892492,ORBS,Eightco Holdings Inc.,Nasdaq
1520358,MAMA,"Mama's Creations, Inc.",Nasdaq
317788,APPS,"Digital Turbine, Inc.",Nasdaq
1275187,ANGO,ANGIODYNAMICS INC,Nasdaq
1807120,DSGN,"Design Therapeutics, Inc.",Nasdaq
715579,ACNB,ACNB CORP,Nasdaq
1528287,NPCE,NeuroPace Inc,Nasdaq
1832038,IVVD,"Invivyd, Inc.",Nasdaq
1349436,SD,SANDRIDGE ENERGY INC,NYSE
1393299,BGY,BlackRock Enhanced International Dividend Trust,NYSE
877463,VKQ,Invesco Municipal Trust,NYSE
899751,TWI,TITAN INTERNATIONAL INC,NYSE
1500412,AMBQ,"Ambiq Micro, Inc.",NYSE
1997652,TBN,Tamboran Resources Corp,NYSE
1600626,PKST,Peakstone Realty Trust,NYSE
1080720,GUT,GABELLI UTILITY TRUST,NYSE
885125,IQI,Invesco Quality Municipal Income Trust,NYSE
1534254,CION,CION Investment Corp,NYSE
1576873,ABAT,AMERICAN BATTERY TECHNOLOGY Co,Nasdaq
1233681,BLW,BLACKROCK Ltd DURATION INCOME TRUST,NYSE
1546429,BGB,Blackstone Strategic Credit 2027 Term Fund,NYSE
1267902,WIW,WESTERN ASSET INFLATION-LINKED OPPORTUNITIES & INCOME FUND,NYSE
1234006,GOOD,GLADSTONE COMMERCIAL CORP,Nasdaq
95029,RGR,STURM RUGER & CO INC,NYSE
41719,MAGN,Magnera Corp,NYSE
1771910,ADCT,ADC Therapeutics SA,NYSE
717538,AROW,ARROW FINANCIAL CORP,Nasdaq
1708055,RBBN,Ribbon Communications Inc.,Nasdaq
1056943,PFIS,PEOPLES FINANCIAL SERVICES CORP.,Nasdaq
1937987,FBYD,"Falcon's Beyond Global, Inc.",Nasdaq
1527762,CD,Chaince Digital Holdings Inc.,Nasdaq
99302,TRNS,TRANSCAT INC,Nasdaq
895531,VCV,Invesco California Value Municipal Income Trust,NYSE
790816,BDN,BRANDYWINE REALTY TRUST,NYSE
1314966,BME,BlackRock Health Sciences Trust,NYSE
49754,DIN,"Dine Brands Global, Inc.",NYSE
1050743,PGC,PEAPACK GLADSTONE FINANCIAL CORP,Nasdaq
1087786,NXJ,NUVEEN NEW JERSEY QUALITY MUNICIPAL INCOME FUND,NYSE
1615165,VERI,"Veritone, Inc.",Nasdaq
1769617,HONE,"HarborOne Bancorp, Inc.",
1862044,ZKH,ZKH Group Ltd,NYSE
2059573,PINWF,Pinewood Technologies Group plc,OTC
1386570,NAGE,"Niagen Bioscience, Inc.",Nasdaq
75288,OXM,OXFORD INDUSTRIES INC,NYSE
1364125,WRN,Western Copper & Gold Corp,NYSE
1301787,BXC,BlueLinx Holdings Inc.,NYSE
2069785,GLOO,"Gloo Holdings, Inc.",Nasdaq
1111485,RXST,"RxSight, Inc.",Nasdaq
1944057,CLCO,Cool Co Ltd.,NYSE
1341317,BWB,Bridgewater Bancshares Inc,Nasdaq
1761612,BCYC,BICYCLE THERAPEUTICS PLC,Nasdaq
1021561,NUS,"NU SKIN ENTERPRISES, INC.",NYSE
1768267,CRNC,Cerence Inc.,Nasdaq
1788257,BWMX,"BETTERWARE DE MEXICO, S.A.P.I. DE C.V",NYSE
2064355,BCSS,Bain Capital GSS Investment Corp.,NYSE
1370755,TCPC,BlackRock TCP Capital Corp.,Nasdaq
1493225,NFBK,"Northfield Bancorp, Inc.",Nasdaq
895447,SCVL,SHOE CARNIVAL INC,Nasdaq
1810523,FTHY,FIRST TRUST HIGH YIELD OPPORTUNITIES 2027 TERM FUND,NYSE
1005229,CMCO,COLUMBUS MCKINNON CORP,Nasdaq
1822928,HLLY,Holley Inc.,NYSE
808439,TATT,TAT TECHNOLOGIES LTD,Nasdaq
1368265,CLNE,Clean Energy Fuels Corp.,Nasdaq
1635977,THW,abrdn World Healthcare Fund,NYSE
1864208,GUG,Guggenheim Active Allocation Fund,NYSE
1665988,BVS,Bioventus Inc.,Nasdaq
1720420,IBEX,IBEX Ltd,Nasdaq
1819516,UP,Wheels Up Experience Inc.,NYSE
1759774,PSTL,"Postal Realty Trust, Inc.",NYSE
884121,HQL,abrdn Life Sciences Investors,NYSE
1176984,EIM,Eaton Vance Municipal Bond Fund,NYSE
62234,MCS,MARCUS CORP,NYSE
2035992,MCTA,Charming Medical Ltd,Nasdaq
1487952,VPG,"Vishay Precision Group, Inc.",NYSE
1413837,FFWM,First Foundation Inc.,NYSE
1059386,VVR,Invesco Senior Income Trust,NYSE
1655210,BYND,"BEYOND MEAT, INC.",Nasdaq
1170299,PML,PIMCO MUNICIPAL INCOME FUND II,NYSE
1434754,SB,"SAFE BULKERS, INC.",NYSE
1071236,RRBI,RED RIVER BANCSHARES INC,Nasdaq
928054,FTK,FLOTEK INDUSTRIES INC/CN/,NYSE
1641229,FFMGF,First Mining Gold Corp.,OTC
1084554,LTBR,LIGHTBRIDGE Corp,Nasdaq
2099232,FMAC,Future Money Acquisition Corp,
1824403,RSVR,"Reservoir Media, Inc.",Nasdaq
1833835,PSFE,Paysafe Ltd,NYSE
1645469,MNPR,Monopar Therapeutics,Nasdaq
1500881,EU,enCore Energy Corp.,Nasdaq
766011,CMCL,Caledonia Mining Corp Plc,NYSE
1044777,OSPN,OneSpan Inc.,Nasdaq
1554697,GHY,"PGIM Global High Yield Fund, Inc.",NYSE
1176194,BLE,BLACKROCK MUNICIPAL INCOME TRUST II,NYSE
945983,CLMB,"Climb Global Solutions, Inc.",Nasdaq
1436208,LEGH,Legacy Housing Corp,Nasdaq
1734107,SOHU,Sohu.com Ltd,Nasdaq
1803737,EHAB,"Enhabit, Inc.",NYSE
1318008,ZUMZ,Zumiez Inc,Nasdaq
1666291,CMTG,"Claros Mortgage Trust, Inc.",NYSE
1419536,CBNK,Capital Bancorp Inc,Nasdaq
1509991,KOS,Kosmos Energy Ltd.,NYSE
1401040,DMAC,DiaMedica Therapeutics Inc.,Nasdaq
1617242,KRNY,Kearny Financial Corp.,Nasdaq
1681622,VREX,Varex Imaging Corp,Nasdaq
1997377,ISOU,IsoEnergy Ltd.,NYSE
1711570,UROY,Uranium Royalty Corp.,Nasdaq
1385613,GLRE,"GREENLIGHT CAPITAL RE, LTD.",Nasdaq
1562051,NML,Neuberger Berman Energy Infrastructure & Income Fund Inc.,NYSE
1143513,GLAD,GLADSTONE CAPITAL CORP,Nasdaq
88000,HKHC,Horizon Kinetics Holding Corp,OTC
1691082,LBRX,LB PHARMACEUTICALS INC,Nasdaq
916789,HELE,HELEN OF TROY LTD,Nasdaq
108985,YORW,YORK WATER CO,Nasdaq
1832928,CRLBF,Cresco Labs Inc.,OTC
1495651,UURAF,Ucore Rare Metals Inc.,OTC
1092796,SWBI,"SMITH & WESSON BRANDS, INC.",Nasdaq
1375205,URG,UR-ENERGY INC,NYSE
1839886,MRRDF,Meridian Mining UK Societas,OTC
895419,WOLF,"WOLFSPEED, INC.",NYSE
1534880,ISD,"PGIM High Yield Bond Fund, Inc.",NYSE
803164,COFS,CHOICEONE FINANCIAL SERVICES INC,Nasdaq
917470,ZEUS,OLYMPIC STEEL INC,Nasdaq
727273,CDZI,CADIZ INC,Nasdaq
2074872,KRSP,Rice Acquisition Corp 3,NYSE
1860805,ASTL,Algoma Steel Group Inc.,Nasdaq
1521951,FBIZ,"FIRST BUSINESS FINANCIAL SERVICES, INC.",Nasdaq
879361,MYD,"BLACKROCK MUNIYIELD FUND, INC.",NYSE
1365767,ALLT,Allot Ltd.,Nasdaq
72573,MOV,MOVADO GROUP INC,NYSE
1628908,EVH,"Evolent Health, Inc.",NYSE
1921158,FUFU,Bitfufu Inc.,Nasdaq
1436425,HBCP,"HOME BANCORP, INC.",Nasdaq
1586628,FNBT,"FineMark Holdings, Inc.",OTC
1478888,NBB,Nuveen Taxable Municipal Income Fund,NYSE
1725123,CANG,Cango Inc.,NYSE
720858,ITIC,INVESTORS TITLE CO,Nasdaq
1281926,ETO,Eaton Vance Tax-Advantaged Global Dividend Opportunities Fund,NYSE
1515940,KIO,KKR Income Opportunities Fund,NYSE
1062822,LXRX,"LEXICON PHARMACEUTICALS, INC.",Nasdaq
1653558,PRTH,"Priority Technology Holdings, Inc.",Nasdaq
799288,LE,"LANDS' END, INC.",Nasdaq
33002,EBF,"ENNIS, INC.",NYSE
1584549,VFF,"Village Farms International, Inc.",Nasdaq
1419806,REEMF,RARE ELEMENT RESOURCES LTD,OTC
1684688,ATCX,ATLAS CRITICAL MINERALS Corp,
1999480,ANRO,"Alto Neuroscience, Inc.",NYSE
1965615,MGMNF,MAGNA MINING INC.,OTC
1865389,NPFD,Nuveen Variable Rate Preferred & Income Fund,NYSE
1124524,CYRX,"Cryoport, Inc.",Nasdaq
1434647,ZVRA,"ZEVRA THERAPEUTICS, INC.",Nasdaq
1712463,PACK,Ranpak Holdings Corp.,NYSE
1627281,CLLS,Cellectis S.A.,Nasdaq
2080019,GIW,GigCapital8 Corp.,Nasdaq
2012964,AAM,AA Mission Acquisition Corp.,NYSE
1396277,CHW,Calamos Global Dynamic Income Fund,Nasdaq
1606909,PANL,Pangaea Logistics Solutions Ltd.,Nasdaq
1515671,DPG,Duff & Phelps Utility & Infrastructure Fund Inc.,NYSE
2021042,FTW,EQV Ventures Acquisition Corp.,NYSE
1514416,BAND,Bandwidth Inc.,Nasdaq
1841675,ARBK,Argo Blockchain Plc,Nasdaq
1986817,GTEN,"Gores Holdings X, Inc. / CI",Nasdaq
944745,CIVB,"CIVISTA BANCSHARES, INC.",Nasdaq
1709941,BIOA,"BioAge Labs, Inc.",Nasdaq
1854149,ANSC,Agriculture & Natural Solutions Acquisition Corp,Nasdaq
1758021,KRT,Karat Packaging Inc.,Nasdaq
1010086,SIGA,SIGA TECHNOLOGIES INC,Nasdaq
1130144,BSRR,SIERRA BANCORP,Nasdaq
1215913,HPS,JOHN HANCOCK PREFERRED INCOME FUND III,NYSE
1809691,HKD,AMTD Digital Inc.,NYSE
39020,FEIM,FREQUENCY ELECTRONICS INC,Nasdaq
1690639,VBNK,VersaBank,Nasdaq
1778016,NBP,NovaBridge Biosciences,Nasdaq
1683695,IMXI,"International Money Express, Inc.",Nasdaq
807863,MITK,MITEK SYSTEMS INC,Nasdaq
2075786,SEAH,"Seahawk Recycling Holdings, Inc.",
1707502,SLDB,Solid Biosciences Inc.,Nasdaq
909108,DHIL,DIAMOND HILL INVESTMENT GROUP INC,Nasdaq
61986,MTW,MANITOWOC CO INC,NYSE
1466026,MSBI,"Midland States Bancorp, Inc.",Nasdaq
2028707,BACQ,INFLECTION POINT ACQUISITION CORP. IV,Nasdaq
1308208,ULH,"UNIVERSAL LOGISTICS HOLDINGS, INC.",Nasdaq
1127371,CWBC,Community West Bancshares,Nasdaq
1594204,RBTK,ZHEN DING RESOURCES INC.,OTC
65172,MSB,MESABI TRUST,NYSE
1577437,ASC,Ardmore Shipping Corp,NYSE
2079253,APXT,Apex Treasury Corp,Nasdaq
1570562,EOLS,"Evolus, Inc.",Nasdaq
1888274,DEFT,"Defi Technologies, Inc.",Nasdaq
712770,OLP,ONE LIBERTY PROPERTIES INC,NYSE
1285890,IGD,Voya GLOBAL EQUITY DIVIDEND & PREMIUM OPPORTUNITY FUND,NYSE
1799567,DDI,"DoubleDown Interactive Co., Ltd.",Nasdaq
1821534,EXOD,"Exodus Movement, Inc.",NYSE
1866633,CCSI,"Consensus Cloud Solutions, Inc.",Nasdaq
1829576,CARE,"Carter Bankshares, Inc.",Nasdaq
1108109,CYH,COMMUNITY HEALTH SYSTEMS INC,NYSE
1591670,FPI,Farmland Partners Inc.,NYSE
351834,STKL,SunOpta Inc.,Nasdaq
1277575,SCGX,SAXON CAPITAL GROUP INC,OTC
1842279,OPAL,OPAL Fuels Inc.,Nasdaq
870780,NQP,NUVEEN PENNSYLVANIA QUALITY MUNICIPAL INCOME FUND,NYSE
1832803,THSGF,THESIS GOLD INC.,OTC
1090009,SFST,SOUTHERN FIRST BANCSHARES INC,Nasdaq
1710340,ETON,"Eton Pharmaceuticals, Inc.",Nasdaq
14707,CAL,CALERES INC,NYSE
1403475,BMRC,Bank of Marin Bancorp,Nasdaq
924822,MLR,MILLER INDUSTRIES INC /TN/,NYSE
844059,FRPH,"FRP HOLDINGS, INC.",Nasdaq
1806347,WEST,Westrock Coffee Co,Nasdaq
771266,KOPN,KOPIN CORP,Nasdaq
1649752,NMG,Nouveau Monde Graphite Inc.,NYSE
1581091,RMAX,"RE/MAX Holdings, Inc.",NYSE
1859690,ARQQ,Arqit Quantum Inc.,Nasdaq
2078856,PURR,Hyperliquid Strategies Inc,Nasdaq
1517022,AKBA,"Akebia Therapeutics, Inc.",Nasdaq
1701051,WOW,"WideOpenWest, Inc.",NYSE
1308927,ETB,Eaton Vance Tax-Managed Buy-Write Income Fund,NYSE
931148,EAF,GRAFTECH INTERNATIONAL LTD,NYSE
96869,TRC,TEJON RANCH CO,NYSE
1956744,TRON,Tron Inc.,Nasdaq
1779128,SRTA,"Strata Critical Medical, Inc.",Nasdaq
1425450,KIDS,ORTHOPEDIATRICS CORP,Nasdaq
1176199,HPI,JOHN HANCOCK PREFERRED INCOME FUND,NYSE
1854545,DDL,Dingdong (Cayman) Ltd,NYSE
1134115,THM,INTERNATIONAL TOWER HILL MINES LTD,NYSE
2025583,ZDCAF,"ZEDCOR, INC.",OTC
1673985,ASIX,AdvanSix Inc.,NYSE
1631569,CHCT,Community Healthcare Trust Inc,NYSE
1617553,ZIP,"ZIPRECRUITER, INC.",NYSE
2007596,TWFG,"TWFG, Inc.",Nasdaq
788329,JOUT,JOHNSON OUTDOORS INC,Nasdaq
1745059,FINS,Angel Oak Financial Strategies Income Term Trust,NYSE
1475115,EB,"Eventbrite, Inc.",NYSE
1514991,AMCX,AMC Networks Inc.,Nasdaq
1137393,BFK,BLACKROCK MUNICIPAL INCOME TRUST,NYSE
1861115,NMAI,Nuveen Multi-Asset Income Fund,NYSE
1130713,BBBY,"BED BATH & BEYOND, INC.",NYSE
1074540,EVN,Eaton Vance Municipal Income Trust,NYSE
2099093,HCIC,Hennessy Capital Investment Corp. VIII,
1770501,VENU,Venu Holding Corp,NYSE
1402829,ORN,Orion Group Holdings Inc,NYSE
1959455,HSHP,Himalaya Shipping Ltd.,NYSE
1291334,FFA,FIRST TRUST ENHANCED EQUITY INCOME FUND,NYSE
2073928,MBVI,M3-Brigade Acquisition VI Corp.,Nasdaq
1871321,DRTS,Alpha Tau Medical Ltd.,Nasdaq
724004,MLAB,MESA LABORATORIES INC /CO/,Nasdaq
1121484,OIS,"OIL STATES INTERNATIONAL, INC",NYSE
1930313,SBC,SBC Medical Group Holdings Inc,Nasdaq
1730463,AUTL,Autolus Therapeutics plc,Nasdaq
1531177,SGHT,"Sight Sciences, Inc.",Nasdaq
733590,TCI,TRANSCONTINENTAL REALTY INVESTORS INC,NYSE
1559991,DFP,Flaherty & Crumrine Dynamic Preferred & Income Fund Inc,NYSE
1542028,DVS,DOLLY VARDEN SILVER CORP,NYSE
2073340,TLNC,Talon Capital Corp.,Nasdaq
1494582,BOC,BOSTON OMAHA Corp,NYSE
1304492,ATEX,Anterix Inc.,Nasdaq
1354866,BYRN,Byrna Technologies Inc.,Nasdaq
1177648,ENTA,ENANTA PHARMACEUTICALS INC,Nasdaq
1372299,OCGN,"Ocugen, Inc.",Nasdaq
1849396,NEXN,Nexxen International Ltd.,Nasdaq
2065779,BCAR,D. Boral ARC Acquisition I Corp.,Nasdaq
1510593,XNET,Xunlei Ltd,Nasdaq
1689375,TRDA,"Entrada Therapeutics, Inc.",Nasdaq
879911,AERG,"APPLIED ENERGETICS, INC.",OTC
1422930,PUBM,"PubMatic, Inc.",Nasdaq
1020214,CERS,CERUS CORP,Nasdaq
320121,TLS,TELOS CORP,Nasdaq
275694,MCI,BARINGS CORPORATE INVESTORS,NYSE
1084991,NGS,NATURAL GAS SERVICES GROUP INC,NYSE
1746129,BSVN,Bank7 Corp.,Nasdaq
901243,MUA,"BLACKROCK MUNIASSETS FUND, INC.",NYSE
842717,BRBS,"BLUE RIDGE BANKSHARES, INC.",NYSE
1502377,CTGO,"Contango ORE, Inc.",NYSE
1070524,GCBC,GREENE COUNTY BANCORP INC,Nasdaq
1720446,ZEPP,Zepp Health Corp,NYSE
886128,FCEL,FUELCELL ENERGY INC,Nasdaq
1501796,AURA,"Aura Biosciences, Inc.",Nasdaq
1782999,PRTC,PureTech Health plc,Nasdaq
2001201,FUEMF,Fuerte Metals Corp,OTC
1175680,CYDY,CytoDyn Inc.,OTC
1338940,PERI,Perion Network Ltd.,Nasdaq
1259708,FRA,"BLACKROCK FLOATING RATE INCOME STRATEGIES FUND, INC.",NYSE
796505,CLFD,"Clearfield, Inc.",Nasdaq
1495825,GBAB,Guggenheim Taxable Municipal Bond & Investment Grade Debt Trust,NYSE
1808898,BNTC,Benitec Biopharma Inc.,Nasdaq
1401257,FET,"FORUM ENERGY TECHNOLOGIES, INC.",NYSE
76267,PKE,PARK AEROSPACE CORP,NYSE
1319947,DBI,Designer Brands Inc.,NYSE
784539,EACO,EACO CORP,OTC
1819580,YSG,Yatsen Holding Ltd,NYSE
70487,NRC,NATIONAL RESEARCH CORP,Nasdaq
2068577,BRCB,"Black Rock Coffee Bar, Inc.",Nasdaq
1494904,GBLI,"Global Indemnity Group, LLC",Nasdaq
2035173,RTAC,Renatus Tactical Acquisition Corp I,Nasdaq
1816708,OWLT,"Owlet, Inc.",NYSE
1874071,PDLB,"Ponce Financial Group, Inc.",Nasdaq
2013223,HLSCF,Highlander Silver Corp.,OTC
1567529,KMDA,KAMADA LTD,Nasdaq
2029976,KFII,K&F GROWTH ACQUISITION CORP. II,Nasdaq
1133416,GALT,GALECTIN THERAPEUTICS INC,Nasdaq
1863934,ADUR,ADURO CLEAN TECHNOLOGIES INC.,Nasdaq
1334388,OBE,OBSIDIAN ENERGY LTD.,NYSE
1812923,SDHY,PGIM Short Duration High Yield Opportunities Fund,NYSE
2044009,XRPN,Armada Acquisition Corp. II,Nasdaq
275053,NATR,NATURES SUNSHINE PRODUCTS INC,Nasdaq
818972,LEO,"BNY MELLON STRATEGIC MUNICIPALS, INC.",NYSE
1682149,DVLT,Datavault AI Inc.,Nasdaq
2067627,NKLR,Terra Innovatum Global N.V.,Nasdaq
216085,HVT,HAVERTY FURNITURE COMPANIES INC,NYSE
1210123,EAD,ALLSPRING INCOME OPPORTUNITIES FUND,NYSE
1313310,GRVY,"GRAVITY Co., Ltd.",Nasdaq
1785493,RHNO,RHINO BITCOIN INC.,OTC
879526,WNC,WABASH NATIONAL Corp,NYSE
924396,CRSF,Crisp Momentum Inc.,OTC
1368519,NOA,North American Construction Group Ltd.,NYSE
1792829,VSTA,Vasta Platform Ltd,Nasdaq
1967621,ATGL,Alpha Technology Group Ltd,Nasdaq
2018064,TTGT,"TechTarget, Inc.",Nasdaq
1597672,RYAM,RAYONIER ADVANCED MATERIALS INC.,NYSE
2007587,AII,"American Integrity Insurance Group, Inc.",NYSE
1166928,WTBA,WEST BANCORPORATION INC,Nasdaq
807882,JACK,JACK IN THE BOX INC,Nasdaq
908993,VKI,Invesco Advantage Municipal Income Trust II,NYSE
835948,MVF,"BLACKROCK MUNIVEST FUND, INC.",NYSE
2058359,CRAQ,Cal Redwood Acquisition Corp.,Nasdaq
1790340,IMRX,Immuneering Corp,Nasdaq
2048948,NPAC,New Providence Acquisition Corp. III/Cayman,Nasdaq
1345126,CODI,Compass Diversified Holdings,NYSE
1519401,RM,Regional Management Corp.,NYSE
1837014,SMRT,"SmartRent, Inc.",NYSE
2033535,CMDB,Costamare Bulkers Holdings Ltd,NYSE
1527590,RC,Ready Capital Corp,NYSE
1002590,SGU,"STAR GROUP, L.P.",NYSE
832428,SSP,E.W. SCRIPPS Co,Nasdaq
91847,SOR,SOURCE CAPITAL /DE/,NYSE
69733,NATH,"NATHANS FAMOUS, INC.",Nasdaq
1835597,PEPG,PepGen Inc.,Nasdaq
1952976,NLOP,Net Lease Office Properties,NYSE
1901637,USCB,"USCB FINANCIAL HOLDINGS, INC.",Nasdaq
1436126,MG,"Mistras Group, Inc.",NYSE
1802156,XPOF,"Xponential Fitness, Inc.",NYSE
711669,CBAN,COLONY BANKCORP INC,NYSE
2006291,CCIX,Churchill Capital Corp IX/Cayman,Nasdaq
1341170,ESEA,EUROSEAS LTD.,Nasdaq
2016072,MBAV,M3-Brigade Acquisition V Corp.,Nasdaq
876343,LCTX,"Lineage Cell Therapeutics, Inc.",NYSE
2056634,PCAP,ProCap Acquisition Corp,Nasdaq
1643303,NNDM,Nano Dimension Ltd.,Nasdaq
882150,MYN,"BLACKROCK MUNIYIELD NEW YORK QUALITY FUND, INC.",NYSE
1023459,SLP,"Simulations Plus, Inc.",Nasdaq
810958,CZNC,CITIZENS & NORTHERN CORP,Nasdaq
1278027,BGS,"B&G Foods, Inc.",NYSE
1030997,WILC,G WILLI FOOD INTERNATIONAL LTD,Nasdaq
894315,SITC,SITE Centers Corp.,NYSE
1505732,BWFG,"Bankwell Financial Group, Inc.",Nasdaq
1994702,KYTX,"Kyverna Therapeutics, Inc.",Nasdaq
1377630,NCMI,"National CineMedia, Inc.",Nasdaq
1754226,OBT,"Orange County Bancorp, Inc. /DE/",Nasdaq
1383414,PNNT,PENNANTPARK INVESTMENT CORP,NYSE
1834526,GPAT,GP-Act III Acquisition Corp.,Nasdaq
1794776,PSBD,Palmer Square Capital BDC Inc.,NYSE
2055459,RDAG,Republic Digital Acquisition Co,Nasdaq
792966,FMAO,FARMERS & MERCHANTS BANCORP INC,Nasdaq
1133470,CVGW,CALAVO GROWERS INC,Nasdaq
2010930,ALF,Centurion Acquisition Corp.,Nasdaq
814585,MBI,MBIA INC,NYSE
1285550,CLPT,"ClearPoint Neuro, Inc.",Nasdaq
1631761,YRD,Yiren Digital Ltd.,NYSE
1409171,TITN,Titan Machinery Inc.,Nasdaq
1499422,RBB,RBB Bancorp,Nasdaq
1635282,RMNI,"Rimini Street, Inc.",Nasdaq
2033122,TACO,Berto Acquisition Corp.,Nasdaq
2057043,WENN,WEN Acquisition Corp,Nasdaq
1766368,MEC,"Mayville Engineering Company, Inc.",NYSE
1528985,INRE,"Inland Real Estate Income Trust, Inc.",OTC
1244183,PFL,PIMCO INCOME STRATEGY FUND,NYSE
1506184,IMMP,IMMUTEP Ltd,Nasdaq
1835615,MHUAF,"Meihua International Medical Technologies Co., Ltd.",OTC
1717307,ILPT,Industrial Logistics Properties Trust,Nasdaq
1505952,DOMO,"DOMO, INC.",Nasdaq
1564180,KNOP,KNOT Offshore Partners LP,NYSE
1528356,GNE,Genie Energy Ltd.,NYSE
1539337,JRI,Nuveen Real Asset Income & Growth Fund,NYSE
896264,USNA,USANA HEALTH SCIENCES INC,NYSE
1377936,SAR,SARATOGA INVESTMENT CORP.,NYSE
1041514,LSAK,LESAKA TECHNOLOGIES INC,Nasdaq
1551901,SCM,Stellus Capital Investment Corp,NYSE
1873835,IMMX,"Immix Biopharma, Inc.",Nasdaq
1743102,JFIN,Jiayin Group Inc.,Nasdaq
1769663,PBFS,"Pioneer Bancorp, Inc./MD",Nasdaq
1499849,LND,BrasilAgro - Brazilian Agricultural Real Estate Co,NYSE
1799191,TOI,"Oncology Institute, Inc.",Nasdaq
1318484,CTRN,Citi Trends Inc,Nasdaq
934549,ACTG,ACACIA RESEARCH CORP,Nasdaq
2058601,BRBI,BRBI BR Partners S.A.,Nasdaq
1058239,HIX,WESTERN ASSET HIGH INCOME FUND II INC.,NYSE
1681087,TECX,"Tectonic Therapeutic, Inc.",Nasdaq
1956955,UMAC,"Unusual Machines, Inc.",NYSE
1464591,GPRK,GeoPark Ltd,NYSE
2035709,PHOE,Phoenix Asia Holdings Ltd,Nasdaq
1072379,NWBO,NORTHWEST BIOTHERAPEUTICS INC,OTC
1347178,VNDA,Vanda Pharmaceuticals Inc.,Nasdaq
789933,NC,NACCO INDUSTRIES INC,NYSE
894627,EGY,VAALCO ENERGY INC /DE/,NYSE
889971,LPTH,LIGHTPATH TECHNOLOGIES INC,Nasdaq
872912,DCTH,"DELCATH SYSTEMS, INC.",Nasdaq
1281895,RCKT,"ROCKET PHARMACEUTICALS, INC.",Nasdaq
1096056,LXFR,LUXFER HOLDINGS PLC,NYSE
1826667,TLSI,"TriSalus Life Sciences, Inc.",Nasdaq
1072627,KFS,KINGSWAY FINANCIAL SERVICES INC,NYSE
1421461,IPI,"Intrepid Potash, Inc.",NYSE
2074697,FCRS,FutureCrest Acquisition Corp.,NYSE
1907909,VOXR,VOX ROYALTY CORP.,Nasdaq
1945565,BGIN,BGIN BLOCKCHAIN Ltd,Nasdaq
1703956,BBCP,"Concrete Pumping Holdings, Inc.",Nasdaq
842517,ISBA,ISABELLA BANK CORP,Nasdaq
1656081,DAVA,Endava plc,NYSE
1383058,DBO,Invesco DB Oil Fund,NYSE
59255,VHI,VALHI INC /DE/,NYSE
1375340,FOF,"Cohen & Steers Closed-End Opportunity Fund, Inc.",NYSE
1749723,NFE,New Fortress Energy Inc.,Nasdaq
1306550,BGR,BlackRock Energy & Resources Trust,NYSE
717720,VALU,VALUE LINE INC,Nasdaq
1314052,AVXL,ANAVEX LIFE SCIENCES CORP.,Nasdaq
839533,KTF,DWS MUNICIPAL INCOME TRUST,NYSE
873860,ONIT,ONITY GROUP INC.,NYSE
2034268,CAEP,"Cantor Equity Partners III, Inc.",Nasdaq
910068,HIO,WESTERN ASSET HIGH INCOME OPPORTUNITY FUND INC.,NYSE
1802883,API,"Agora, Inc.",Nasdaq
2064683,CCII,Cohen Circle Acquisition Corp. II,Nasdaq
2034037,SDHI,Siddhi Acquisition Corp (Cayman Islands),Nasdaq
1074769,NAN,NUVEEN NEW YORK QUALITY MUNICIPAL INCOME FUND,NYSE
832327,BKT,"BLACKROCK INCOME TRUST, INC.",NYSE
1868917,OILSF,Saturn Oil & Gas Inc.,OTC
1966287,GFR,Greenfire Resources Ltd.,NYSE
1388141,EDD,"Morgan Stanley Emerging Markets Domestic Debt Fund, Inc.",NYSE
1389545,NBY,"NovaBay Pharmaceuticals, Inc.",NYSE
1885522,NMRA,"Neumora Therapeutics, Inc.",Nasdaq
1730984,BCML,BayCom Corp,Nasdaq
1277902,MVBF,MVB FINANCIAL CORP,Nasdaq
1091223,MTLS,MATERIALISE NV,Nasdaq
2009183,TACH,Titan Acquisition Corp.,Nasdaq
1503274,QTRX,Quanterix Corp,Nasdaq
1557746,ACRS,"Aclaris Therapeutics, Inc.",Nasdaq
922358,FGPR,FERRELLGAS PARTNERS L P,OTC
804123,TWN,TAIWAN FUND INC,NYSE
814586,LWAY,"Lifeway Foods, Inc.",Nasdaq
1476045,CLDT,Chatham Lodging Trust,NYSE
1843586,OTLY,Oatly Group AB,Nasdaq
1703079,XFLT,XAI Octagon Floating Rate & Alternative Income Trust,NYSE
2023730,GIG,GigCapital7 Corp.,Nasdaq
2042292,BDCI,BTC Development Corp.,Nasdaq
2001557,INV,"Innventure, Inc.",Nasdaq
1841387,CADL,"Candel Therapeutics, Inc.",Nasdaq
2049662,CGCT,Cartesian Growth Corp III,Nasdaq
2069238,PAII,Pyrophyte Acquisition Corp. II,NYSE
2012318,IPCX,Inflection Point Acquisition Corp. III,Nasdaq
1606366,LOCO,"El Pollo Loco Holdings, Inc.",Nasdaq
1866782,CDRO,"Codere Online Luxembourg, S.A.",Nasdaq
1626450,CMRC,"Commerce.com, Inc.",Nasdaq
1621910,PTHRF,Pantheon Resources plc,OTC
2028614,DMAA,Drugs Made In America Acquisition Corp.,Nasdaq
1189740,HPF,JOHN HANCOCK PREFERRED INCOME FUND II,NYSE
2053799,KCHV,Kochav Defense Acquisition Corp.,Nasdaq
1374690,LRMR,"Larimar Therapeutics, Inc.",Nasdaq
2075310,BLZR,Trailblazer Acquisition Corp.,Nasdaq
1719714,MREO,Mereo BioPharma Group plc,Nasdaq
2077010,OTGA,OTG Acquisition Corp. I,Nasdaq
1794546,CARL,"CARLSMED, INC.",Nasdaq
1587987,NEWT,"NewtekOne, Inc.",Nasdaq
2042182,OYSE,Oyster Enterprises II Acquisition Corp,Nasdaq
2058758,AVBC,"Avidia Bancorp, Inc.",NYSE
2025608,SOUL,Soulpower Acquisition Corp.,NYSE
890393,MIY,"BLACKROCK MUNIYIELD MICHIGAN QUALITY FUND, INC.",NYSE
866273,MTRX,MATRIX SERVICE CO,Nasdaq
712034,ACCO,ACCO BRANDS Corp,NYSE
1778129,TSNDF,TerrAscend Corp.,OTC
1501697,XFOR,"X4 Pharmaceuticals, Inc",Nasdaq
724910,NVEC,NVE CORP /NEW/,Nasdaq
2057030,AXIN,Axiom Intelligence Acquisition Corp 1,Nasdaq
1737287,ALLO,"Allogene Therapeutics, Inc.",Nasdaq
1786248,NREF,"NexPoint Real Estate Finance, Inc.",NYSE
1981546,CBK,"Commercial Bancgroup, Inc.",Nasdaq
1214935,NCV,Virtus Convertible & Income Fund,NYSE
2069856,HCMA,HCM III ACQUISITION CORP.,Nasdaq
1759631,HYLN,Hyliion Holdings Corp.,NYSE
1958217,LZM,Lifezone Metals Ltd,NYSE
1799207,AUNA,AUNA S.A.,NYSE
1834253,EM,Smart Share Global Ltd,Nasdaq
1169445,TBRG,"TruBridge, Inc.",Nasdaq
827773,PPT,PUTNAM PREMIER INCOME TRUST,NYSE
933034,STRT,STRATTEC SECURITY CORP,Nasdaq
1710680,HFRO,HIGHLAND OPPORTUNITIES & INCOME FUND,NYSE
1534120,AVTX,"Avalo Therapeutics, Inc.",Nasdaq
1871509,PTLO,Portillo's Inc.,Nasdaq
63330,MLP,MAUI LAND & PINEAPPLE CO INC,NYSE
1653384,RWAY,Runway Growth Finance Corp.,Nasdaq
1855175,CTNM,"Contineum Therapeutics, Inc.",Nasdaq
879585,ATNI,"ATN International, Inc.",Nasdaq
2006815,VACH,Voyager Acquisition Corp./Cayman Islands,Nasdaq
1495240,LAND,GLADSTONE LAND Corp,Nasdaq
1770450,XRX,Xerox Holdings Corp,Nasdaq
1699039,RNGR,"Ranger Energy Services, Inc.",NYSE
1505065,BWAY,Brainsway Ltd.,Nasdaq
2050501,BLUW,Blue Water Acquisition Corp. III,Nasdaq
1390195,AWP,abrdn Global Premier Properties Fund,NYSE
2024218,SMC,Summit Midstream Corp,NYSE
2034269,CEPT,"Cantor Equity Partners II, Inc.",Nasdaq
1852207,BEAG,Bold Eagle Acquisition Corp.,Nasdaq
1833141,CYBN,CYBIN INC.,NYSE
1423869,PCB,PCB BANCORP,Nasdaq
1970509,HYAC,Haymaker Acquisition Corp. 4,NYSE
1754170,ASLE,AerSale Corp,Nasdaq
863110,ARTNA,ARTESIAN RESOURCES CORP,Nasdaq
1325670,FRST,Primis Financial Corp.,Nasdaq
76282,PKOH,PARK OHIO HOLDINGS CORP,Nasdaq
1258623,EFR,Eaton Vance Senior Floating-Rate Trust,NYSE
786035,ASG,LIBERTY ALL STAR GROWTH FUND INC.,NYSE
1327688,OOMA,OOMA INC,NYSE
2054174,CHAC,Crane Harbor Acquisition Corp.,Nasdaq
1530249,FSBW,"FS Bancorp, Inc.",Nasdaq
1481792,QUAD,"Quad/Graphics, Inc.",NYSE
701719,ELA,Envela Corp,NYSE
2034266,CEPV,"Cantor Equity Partners V, Inc.",Nasdaq
925528,HDSN,HUDSON TECHNOLOGIES INC /NY,Nasdaq
1383057,DBP,Invesco DB Precious Metals Fund,NYSE
1137391,BFZ,BLACKROCK CALIFORNIA MUNICIPAL INCOME TRUST,NYSE
2015955,CUB,Lionheart Holdings,Nasdaq
1988494,FVR,"FrontView REIT, Inc.",NYSE
1843973,FLYX,FLYEXCLUSIVE INC.,NYSE
1501072,RIV,"RIVERNORTH OPPORTUNITIES FUND, INC.",NYSE
798949,UNTC,UNIT CORP,OTC
1317945,OFLX,"Omega Flex, Inc.",Nasdaq
1404644,NGNE,Neurogene Inc.,Nasdaq
2014982,SIMA,SIM Acquisition Corp. I,Nasdaq
2029492,MLAC,Mountain Lake Acquisition Corp.,Nasdaq
2025401,FERA,Fifth Era Acquisition Corp I,Nasdaq
1828805,ALMU,"Aeluma, Inc.",Nasdaq
1840706,SOPH,SOPHiA GENETICS SA,Nasdaq
1338561,SPXX,Nuveen S&P 500 Dynamic Overwrite Fund,NYSE
55135,KELYA,KELLY SERVICES INC,Nasdaq
1094032,QDMI,QDM International Inc.,OTC
1530979,HNST,"Honest Company, Inc.",Nasdaq
1581178,EPRX,EUPRAXIA PHARMACEUTICALS INC.,Nasdaq
2032528,DRDB,Roman DBDR Acquisition Corp. II,Nasdaq
945394,SVC,Service Properties Trust,Nasdaq
2040381,PACH,Pioneer Acquisition I Corp,Nasdaq
1677703,CNDT,CONDUENT Inc,Nasdaq
852772,DENN,DENNY'S Corp,Nasdaq
1817159,RFMZ,"RiverNorth Flexible Municipal Income Fund II, Inc.",NYSE
1569994,WSBF,"Waterstone Financial, Inc.",Nasdaq
2030663,SZZL,Sizzle Acquisition Corp. II,Nasdaq
1515324,ARDC,"Ares Dynamic Credit Allocation Fund, Inc.",NYSE
2034313,OBA,Oxley Bridge Acquisition Ltd,Nasdaq
2077954,EVOX,Evolution Global Acquisition Corp,Nasdaq
2033991,TVA,Texas Ventures Acquisition III Corp,Nasdaq
1168455,PLBC,PLUMAS BANCORP,Nasdaq
2053033,PLTS,Platinum Analytics Cayman Ltd,Nasdaq
2061473,PMTR,Perimeter Acquisition Corp. I,Nasdaq
1651625,ACIU,AC Immune SA,Nasdaq
1720592,RPAY,Repay Holdings Corp,Nasdaq
106532,WEYS,WEYCO GROUP INC,Nasdaq
2074850,SVAC,Spring Valley Acquisition Corp. III,Nasdaq
1774857,AARD,"Aardvark Therapeutics, Inc.",Nasdaq
1129155,MPX,MARINE PRODUCTS CORP,NYSE
1816017,SPIR,"Spire Global, Inc.",NYSE
1896084,IONR,ioneer Ltd,Nasdaq
1847398,NECB,"NorthEast Community Bancorp, Inc./MD/",Nasdaq
916183,RCS,"PIMCO STRATEGIC INCOME FUND, INC.",NYSE
2068454,KOYN,"CSLM Digital Asset Acquisition Corp III, Ltd",Nasdaq
1171155,RLGT,"RADIANT LOGISTICS, INC",NYSE
2031561,ALDF,Aldel Financial II Inc.,Nasdaq
2025396,VCIC,Vine Hill Capital Investment Corp.,Nasdaq
1903145,GRRR,Gorilla Technology Group Inc.,Nasdaq
791908,XOMA,XOMA Royalty Corp,Nasdaq
909112,TEI,TEMPLETON EMERGING MARKETS INCOME FUND,NYSE
1038186,MHN,"BLACKROCK MUNIHOLDINGS NEW YORK QUALITY FUND, INC.",NYSE
1620459,JRVR,"James River Group Holdings, Inc.",Nasdaq
765207,FNLC,"First Bancorp, Inc /ME/",Nasdaq
1287480,BGT,BLACKROCK FLOATING RATE INCOME TRUST,NYSE
900422,PMO,PUTNAM MUNICIPAL OPPORTUNITIES TRUST,NYSE
2080023,VACI,Viking Acquisition Corp I,NYSE
2025341,POLE,Andretti Acquisition Corp. II,Nasdaq
1846253,OABI,"OmniAb, Inc.",Nasdaq
1756701,LNKB,"LINKBANCORP, Inc.",Nasdaq
1162027,AFB,ALLIANCEBERNSTEIN NATIONAL MUNICIPAL INCOME FUND,NYSE
2039058,JACS,Jackson Acquisition Co II,NYSE
946394,ELLO,Ellomay Capital Ltd.,NYSE
1638290,MCFT,"MasterCraft Boat Holdings, Inc.",Nasdaq
1897463,GRAF,Graf Global Corp.,NYSE
1758530,SY,So-Young International Inc.,Nasdaq
2067592,MKLY,McKinley Acquisition Corp,Nasdaq
1572616,GUTS,"FRACTYL HEALTH, INC.",Nasdaq
1634117,BNED,"Barnes & Noble Education, Inc.",NYSE
2028516,ATII,Archimedes Tech SPAC Partners II Co.,Nasdaq
1755191,LGDTF,Liberty Gold Corp. /CAN,OTC
1835724,ZH,Zhihu Inc.,NYSE
2047497,RAC,Rithm Acquisition Corp.,NYSE
1683541,ACB,AURORA CANNABIS INC,Nasdaq
1178839,NBH,NEUBERGER BERMAN MUNICIPAL FUND INC.,NYSE
826020,BRW,Saba Capital Income & Opportunities Fund,NYSE
2015502,LPAA,Launch One Acquisition Corp.,Nasdaq
1095052,PLG,PLATINUM GROUP METALS LTD,NYSE
1747657,SITKF,Sitka Gold Corp.,OTC
1288992,EFT,Eaton Vance Floating-Rate Income Trust,NYSE
1496443,PAYS,"Paysign, Inc.",Nasdaq
2058349,EFTY,"ETOILES CAPITAL GROUP CO., LTD",Nasdaq
1848739,GDEV,GDEV Inc.,Nasdaq
2061379,LWAC,LightWave Acquisition Corp.,Nasdaq
2064177,BPAC,Blueport Acquisition Ltd,
1521404,BGH,BARINGS GLOBAL SHORT DURATION HIGH YIELD FUND,NYSE
2023676,LPBB,Launch Two Acquisition Corp.,Nasdaq
1023731,EGHT,8X8 INC /DE/,Nasdaq
855887,DSM,"BNY MELLON STRATEGIC MUNICIPAL BOND FUND, INC.",NYSE
1844450,ELVA,Electrovaya Inc.,Nasdaq
1525201,DBL,DoubleLine Opportunistic Credit Fund,NYSE
897448,AMRN,AMARIN CORP PLC\UK,Nasdaq
1831097,AGL,"agilon health, inc.",NYSE
1390478,SLS,"SELLAS Life Sciences Group, Inc.",Nasdaq
1922097,LANV,Lanvin Group Holdings Ltd,NYSE
859796,JOF,JAPAN SMALLER CAPITALIZATION FUND INC,NYSE
1315399,PKBK,"PARKE BANCORP, INC.",Nasdaq
1479615,SLN,Silence Therapeutics plc,Nasdaq
836147,MBCN,MIDDLEFIELD BANC CORP,Nasdaq
826735,MIN,MFS INTERMEDIATE INCOME TRUST,NYSE
783324,VGZ,VISTA GOLD CORP,NYSE
1553643,RLMD,"RELMADA THERAPEUTICS, INC.",Nasdaq
65312,EVI,"EVI INDUSTRIES, INC.",NYSE
1482541,BNC,CEA Industries Inc.,Nasdaq
836412,ZTR,Virtus Total Return Fund Inc.,NYSE
1493761,TBCH,Turtle Beach Corp,Nasdaq
1368493,CAF,"Morgan Stanley China A Share Fund, Inc.",NYSE
1710482,JMSB,"John Marshall Bancorp, Inc.",Nasdaq
1835068,NPCT,Nuveen Core Plus Impact Fund,NYSE
1699350,SI,"SHOULDER INNOVATIONS, INC.",NYSE
2070602,HVMC,Highview Merger Corp.,Nasdaq
1609804,OEC,Orion S.A.,NYSE
1401667,PBYI,"PUMA BIOTECHNOLOGY, INC.",Nasdaq
2060337,JENA,JENA ACQUISITION Corp II,NYSE
1776661,ADV,Advantage Solutions Inc.,Nasdaq
1570132,ANVI,"ANVI GLOBAL HOLDINGS, INC.",OTC
2048951,LOKV,Live Oak Acquisition Corp. V,Nasdaq
1046050,TSBK,TIMBERLAND BANCORP INC,Nasdaq
1359931,TARA,"Protara Therapeutics, Inc.",Nasdaq
1903870,AFRI,Forafric Global PLC,Nasdaq
1487428,HRZN,Horizon Technology Finance Corp,Nasdaq
739421,CZFS,CITIZENS FINANCIAL SERVICES INC,Nasdaq
1552800,TTSH,"TILE SHOP HOLDINGS, INC.",Nasdaq
1736730,CAMP,Camp4 Therapeutics Corp,Nasdaq
2072404,GSRF,GSR IV Acquisition Corp.,Nasdaq
1615905,JGH,Nuveen Global High Income Fund,NYSE
1443575,AVBH,"Avidbank Holdings, Inc.",Nasdaq
891290,RFI,COHEN & STEERS TOTAL RETURN REALTY FUND INC,NYSE
1005286,LFCR,"LIFECORE BIOMEDICAL, INC. DE",Nasdaq
2072188,BIOT,Relativity Holdings Inc.,
1371489,III,Information Services Group Inc.,Nasdaq
818851,NCA,NUVEEN CALIFORNIA MUNICIPAL VALUE FUND,NYSE
1145604,NIKA,"NIKA PHARMACEUTICALS, INC",OTC
1754836,EIC,Eagle Point Income Co Inc.,NYSE
1725033,XYF,X Financial,NYSE
1733968,WRLGF,West Red Lake Gold Mines Ltd.,OTC
1538847,GLDG,GoldMining Inc.,NYSE
835333,OIA,Invesco Municipal Income Opportunities Trust,NYSE
318306,ABEO,ABEONA THERAPEUTICS INC.,Nasdaq
1357459,PALI,"PALISADE BIO, INC.",Nasdaq
65433,MXF,MEXICO FUND INC,NYSE
47307,CRAWA,CRAWFORD UNITED Corp,OTC
1441236,CLW,Clearwater Paper Corp,NYSE
65770,MVIS,"MICROVISION, INC.",Nasdaq
1901203,UCFI,CN Healthy Food Tech Group Corp.,Nasdaq
56868,PNRG,PRIMEENERGY RESOURCES CORP,Nasdaq
276720,PCYO,PURE CYCLE CORP,Nasdaq
3545,ALCO,"ALICO, INC.",Nasdaq
1297107,COSO,"CoastalSouth Bancshares, Inc.",NYSE
1681206,NODK,"NI Holdings, Inc.",Nasdaq
1529377,ACRE,Ares Commercial Real Estate Corp,NYSE
1109116,EVC,ENTRAVISION COMMUNICATIONS CORP,NYSE
2059654,BACC,Blue Acquisition Corp/Cayman,Nasdaq
14846,BRT,BRT Apartments Corp.,NYSE
919893,TDF,TEMPLETON DRAGON FUND INC,NYSE
2043766,GTERA,Globa Terra Acquisition Corp,Nasdaq
1717457,CPZ,Calamos Long/Short Equity & Dynamic Income Trust,Nasdaq
2043699,NHIC,NewHold Investment Corp. III,Nasdaq
1590584,CVEO,Civeo Corp,NYSE
1788999,XPER,Xperi Inc.,NYSE
2034334,AACB,Artius II Acquisition Inc.,Nasdaq
352825,FSTR,FOSTER L B CO,Nasdaq
1854964,NLCP,"NewLake Capital Partners, Inc.",OTC
1074828,USBC,"USBC, Inc.",NYSE
1867949,REFI,"Chicago Atlantic Real Estate Finance, Inc.",Nasdaq
2186,BKTI,BK Technologies Corp,NYSE
1181187,BYM,BLACKROCK MUNICIPAL INCOME QUALITY TRUST,NYSE
1362481,AGD,abrdn Global Dynamic Dividend Fund,NYSE
1820302,BKKT,"Bakkt Holdings, Inc.",NYSE
1871638,BZAI,"Blaize Holdings, Inc.",Nasdaq
1930147,SPMC,"Sound Point Meridian Capital, Inc.",NYSE
1593222,CIO,"City Office REIT, Inc.",NYSE
1518557,MMD,NYLI MacKay DefinedTerm Muni Opportunities Fund,NYSE
1729149,VMD,"VIEMED HEALTHCARE, INC.",Nasdaq
1066194,EGAN,EGAIN Corp,Nasdaq
846676,AEF,"abrdn Emerging Markets ex-China Fund, Inc.",NYSE
763563,CHMG,CHEMUNG FINANCIAL CORP,Nasdaq
1616543,SENS,"Senseonics Holdings, Inc.",Nasdaq
1874315,SATL,Satellogic Inc.,Nasdaq
1852551,NVA,Nova Minerals Ltd,Nasdaq
2002038,LEGT,Legato Merger Corp. III,NYSE
1816431,QSI,Quantum-Si Inc,Nasdaq
1013272,NWFL,NORWOOD FINANCIAL CORP,Nasdaq
1141103,CCRN,CROSS COUNTRY HEALTHCARE INC,Nasdaq
1462056,BLZE,"Backblaze, Inc.",Nasdaq
1998768,PAL,"Proficient Auto Logistics, Inc",Nasdaq
1098151,FDBC,FIDELITY D & D BANCORP INC,Nasdaq
1500435,GPRO,"GoPro, Inc.",Nasdaq
1932770,HERE,Here Group Ltd,Nasdaq
2009684,SEG,Seaport Entertainment Group Inc.,NYSE
1872228,TVAI,Thayer Ventures Acquisition Corp II,Nasdaq
1810019,RXT,"Rackspace Technology, Inc.",Nasdaq
1433551,SGLA,Sino Green Land Corp.,OTC
1771226,RMM,"RiverNorth Managed Duration Municipal Income Fund, Inc.",NYSE
844790,PMM,PUTNAM MANAGED MUNICIPAL INCOME TRUST,NYSE
1554859,SMLR,"Semler Scientific, Inc.",Nasdaq
1956439,APAD,AParadise Acquisition Corp.,Nasdaq
1289945,SPOK,"Spok Holdings, Inc",Nasdaq
1817229,VOR,Vor Biopharma Inc.,Nasdaq
1919182,UTKN,Universal Token,OTC
72162,NL,NL INDUSTRIES INC,NYSE
1377789,AVNW,"AVIAT NETWORKS, INC.",Nasdaq
1945415,HUHU,HUHUTECH International Group Inc.,Nasdaq
1341235,ALDX,"Aldeyra Therapeutics, Inc.",Nasdaq
1419041,FBRX,"Forte Biosciences, Inc.",Nasdaq
2034723,YDDL,One & one Green Technologies. INC,Nasdaq
1927958,AIRO,"AIRO Group Holdings, Inc.",Nasdaq
1385763,JCE,Nuveen Core Equity Alpha Fund,NYSE
1417663,SNWV,"SANUWAVE Health, Inc.",Nasdaq
1705873,BRY,Berry Corp (bry),Nasdaq
1049606,CIX,COMPX INTERNATIONAL INC,NYSE
1846017,BLFY,Blue Foundry Bancorp,Nasdaq
1157647,WNEB,"Western New England Bancorp, Inc.",Nasdaq
918251,MPAA,MOTORCAR PARTS OF AMERICA INC,Nasdaq
1946573,NAKA,"Kindly MD, Inc.",Nasdaq
1342423,LMNR,Limoneira CO,Nasdaq
1776909,CURI,CuriosityStream Inc.,Nasdaq
2027708,CEPO,"Cantor Equity Partners I, Inc.",Nasdaq
1644378,RMR,RMR GROUP INC.,Nasdaq
1846416,HVII,Hennessy Capital Investment Corp. VII,Nasdaq
2015947,SBXD,SilverBox Corp IV,NYSE
1636289,ACV,Virtus Diversified Income & Convertible Fund,NYSE
1580345,TPVG,TriplePoint Venture Growth BDC Corp.,NYSE
704440,KRMD,"KORU Medical Systems, Inc.",Nasdaq
1782223,PYXS,"Pyxis Oncology, Inc.",Nasdaq
1602658,ISTR,Investar Holding Corp,Nasdaq
1514281,MITT,"AG Mortgage Investment Trust, Inc.",NYSE
319655,SJT,SAN JUAN BASIN ROYALTY TRUST,NYSE
1328919,GASS,StealthGas Inc.,Nasdaq
1590715,AREC,American Resources Corp,Nasdaq
1145986,ASPN,ASPEN AEROGELS INC,NYSE
2081125,DNMX,Dynamix Corp III,Nasdaq
1407583,BHLL,Bunker Hill Mining Corp.,OTC
1227857,NCZ,Virtus Convertible & Income Fund II,NYSE
763907,FUNC,FIRST UNITED CORP/MD/,Nasdaq
914122,PPIH,"Perma-Pipe International Holdings, Inc.",Nasdaq
850429,TG,TREDEGAR CORP,NYSE
851170,MCR,MFS CHARTER INCOME TRUST,NYSE
1227073,ERC,ALLSPRING MULTI-SECTOR INCOME FUND,NYSE
2077877,CFAC,Creative Future Acquisition Corp,
809708,EMF,TEMPLETON EMERGING MARKETS FUND,NYSE
865400,GSVRF,GUANAJUATO SILVER CO LTD,OTC
1732379,BMOOF,Blue Moon Metals Inc.,OTC
24090,CIA,"CITIZENS, INC.",NYSE
1786117,PINE,"Alpine Income Property Trust, Inc.",NYSE
1855644,ZURA,Zura Bio Ltd,Nasdaq
891532,PESI,PERMA FIX ENVIRONMENTAL SERVICES INC,Nasdaq
18498,GCO,GENESCO INC,NYSE
1086434,AUDC,AUDIOCODES LTD,Nasdaq
1828937,FOA,Finance of America Companies Inc.,NYSE
809173,MMT,MFS MULTIMARKET INCOME TRUST,NYSE
1794783,SLQT,"SelectQuote, Inc.",NYSE
2023153,HTLM,HomesToLife Ltd,Nasdaq
1835654,INVZ,Innoviz Technologies Ltd.,Nasdaq
2013639,FBLA,"FB Bancorp, Inc. /MD/",Nasdaq
1831359,JWSMF,Jaws Mustang Acquisition Corp,OTC
2029769,OACC,Oaktree Acquisition Corp. III Life Sciences,Nasdaq
1282850,FCT,FIRST TRUST SENIOR FLOATING RATE INCOME FUND II,NYSE
1561861,AERO,"Grupo Aeromexico, S.A.B. de C.V.",NYSE
1826600,MNTK,"Montauk Renewables, Inc.",Nasdaq
825202,FUND,SPROTT FOCUS TRUST INC.,Nasdaq
1454741,EOT,Eaton Vance National Municipal Opportunities Trust,NYSE
916618,IIF,"MORGAN STANLEY INDIA INVESTMENT FUND, INC.",NYSE
1450445,NUW,Nuveen AMT-Free Municipal Value Fund,NYSE
1620737,OGI,ORGANIGRAM GLOBAL INC.,Nasdaq
1211583,FENC,FENNEC PHARMACEUTICALS INC.,Nasdaq
1270131,SCD,LMP CAPITAL & INCOME FUND INC.,NYSE
1556739,THRY,"Thryv Holdings, Inc.",Nasdaq
1102238,ARL,AMERICAN REALTY INVESTORS INC,NYSE
1967397,LZMH,LZ Technology Holdings Ltd,Nasdaq
1819404,NRDY,Nerdy Inc.,NYSE
1814114,OBIO,"Orchestra BioMed Holdings, Inc.",Nasdaq
105319,WW,"WW INTERNATIONAL, INC.",Nasdaq
1794276,ZHJD,Intelligent Hotel Group Ltd.,OTC
1847409,HITI,High Tide Inc.,Nasdaq
1431567,OVLY,Oak Valley Bancorp,Nasdaq
1744781,NIU,Niu Technologies,Nasdaq
1288403,WTI,W&T OFFSHORE INC,NYSE
2030482,PLMK,"Plum Acquisition Corp, IV",Nasdaq
1171326,EUBG,ENTREPRENEUR UNIVERSE BRIGHT GROUP,OTC
2028935,FACT,FACT II Acquisition Corp.,Nasdaq
818033,HRTX,"HERON THERAPEUTICS, INC. /DE/",Nasdaq
1850902,TKNO,"Alpha Teknova, Inc.",Nasdaq
1822462,FHTX,Foghorn Therapeutics Inc.,Nasdaq
2055879,VNME,Vendome Acquisition Corp I,Nasdaq
1110611,ONTF,ON24 INC.,NYSE
1878897,DOUG,Douglas Elliman Inc.,NYSE
1386067,EOD,ALLSPRING GLOBAL DIVIDEND OPPORTUNITY FUND,NYSE
27093,USAU,U.S. GOLD CORP.,Nasdaq
949858,ACHV,"ACHIEVE LIFE SCIENCES, INC.",Nasdaq
2028027,NTWO,Newbury Street II Acquisition Corp,Nasdaq
1876431,PRE,Prenetics Global Ltd,Nasdaq
1173643,TRX,TRX GOLD Corp,NYSE
1084869,FLWS,1 800 FLOWERS COM INC,Nasdaq
1497186,HYI,Western Asset High Yield Opportunity Fund Inc.,NYSE
1327607,MYFW,First Western Financial Inc,Nasdaq
1843162,LIEN,"Chicago Atlantic BDC, Inc.",Nasdaq
1825079,VELO,"Velo3D, Inc.",Nasdaq
1448431,OPRX,OptimizeRx Corp,Nasdaq
1650664,EDIT,"Editas Medicine, Inc.",Nasdaq
2025180,ZY,China Tobacco & Alcohol Group Ltd,
2031688,ANPA,Rich Sparkle Holdings Ltd,Nasdaq
1432133,KLTR,KALTURA INC,Nasdaq
884144,ASUR,ASURE SOFTWARE INC,Nasdaq
1488917,ELMD,"Electromed, Inc.",NYSE
723646,FRAF,FRANKLIN FINANCIAL SERVICES CORP /PA/,Nasdaq
1675644,FVCB,"FVCBankcorp, Inc.",Nasdaq
1473334,XWIN,XMax Inc.,Nasdaq
910638,DDD,3D SYSTEMS CORP,NYSE
1114925,LTRX,LANTRONIX INC,Nasdaq
1598981,SKYX,SKYX Platforms Corp.,Nasdaq
65270,MEI,METHODE ELECTRONICS INC,NYSE
1233087,FTF,FRANKLIN LTD DURATION INCOME TRUST,NYSE
1913971,BPRN,"Princeton Bancorp, Inc.",Nasdaq
1593899,AVIR,"Atea Pharmaceuticals, Inc.",Nasdaq
1818382,HUMA,"Humacyte, Inc.",Nasdaq
318673,SNFCA,SECURITY NATIONAL FINANCIAL CORP,Nasdaq
1282631,NLST,NETLIST INC,OTC
1538716,OPRT,Oportun Financial Corp,Nasdaq
1612940,PRQR,ProQR Therapeutics N.V.,Nasdaq
1137390,BNY,BLACKROCK NEW YORK MUNICIPAL INCOME TRUST,NYSE
1074902,LCNB,LCNB CORP,Nasdaq
1866030,AZ,A2Z CUST2MATE SOLUTIONS CORP.,Nasdaq
50471,TRAK,"ReposiTrak, Inc.",NYSE
1515964,GGAZF,Goldgroup Mining Inc.,OTC
1866874,RLTY,Cohen & Steers Real Estate Opportunities & Income Fund,NYSE
1000209,MFIN,MEDALLION FINANCIAL CORP,Nasdaq
1498612,PSF,"Cohen & Steers Select Preferred & Income Fund, Inc.",NYSE
1593984,MDWD,MediWound Ltd.,Nasdaq
1640266,VYGR,"Voyager Therapeutics, Inc.",Nasdaq
909494,TCX,TUCOWS INC /PA/,Nasdaq
1615063,INSE,"Inspired Entertainment, Inc.",Nasdaq
1434728,GWRS,"Global Water Resources, Inc.",Nasdaq
828803,SABA,Saba Capital Income & Opportunities Fund II,NYSE
1392272,CBNA,CHAIN BRIDGE BANCORP INC,NYSE
2045473,COPL,Copley Acquisition Corp,NYSE
913341,CFFI,C & F FINANCIAL CORP,Nasdaq
1662579,CCCC,"C4 Therapeutics, Inc.",Nasdaq
1856365,FINW,Finwise Bancorp,Nasdaq
1350869,GLO,Clough Global Opportunities Fund,NYSE
1807046,OZ,"Belpointe PREP, LLC",NYSE
1861795,DH,Definitive Healthcare Corp.,Nasdaq
1674335,JELD,"JELD-WEN Holding, Inc.",NYSE
1985273,TOYO,"TOYO Co., Ltd",Nasdaq
1984124,LUD,Luda Technology Group Ltd,NYSE
2044255,ANTA,Antalpha Platform Holding Co,Nasdaq
1823255,MFGCF,MAYFAIR GOLD CORP.,OTC
2064658,MCGA,Yorkville Acquisition Corp.,Nasdaq
2038919,DOWAY,Dowway Holdings Limited/ADR,OTC
2046573,PTNM,Pitanium Ltd,Nasdaq
893847,HWBK,"HAWTHORN BANCSHARES, INC.",Nasdaq
1509470,SSSS,SURO CAPITAL CORP.,Nasdaq
935419,RICK,"RCI HOSPITALITY HOLDINGS, INC.",Nasdaq
2065948,SOCA,Solarius Capital Acquisition Corp.,Nasdaq
932781,FCCO,FIRST COMMUNITY CORP /SC/,Nasdaq
809559,TSI,TCW STRATEGIC INCOME FUND INC,NYSE
1840199,WALD,Waldencast plc,Nasdaq
2052161,RAAQ,Real Asset Acquisition Corp.,Nasdaq
1383084,DBB,INVESCO DB BASE METALS FUND,NYSE
1662774,QNCX,"Quince Therapeutics, Inc.",Nasdaq
1253689,CBIO,"CRESCENT BIOPHARMA, INC.",Nasdaq
1069533,RGCO,RGC RESOURCES INC,Nasdaq
1817004,NXXT,"NEXTNRG, INC.",Nasdaq
895456,RCKY,"ROCKY BRANDS, INC.",Nasdaq
2052162,DAAQ,Digital Asset Acquisition Corp.,Nasdaq
829365,NTPIF,NAM TAI PROPERTY INC.,OTC
1808805,NAUT,"Nautilus Biotechnology, Inc.",Nasdaq
719402,FXNC,FIRST NATIONAL CORP /VA/,Nasdaq
75252,OMI,OWENS & MINOR INC/VA/,NYSE
2076616,TDWD,Tailwind 2.0 Acquisition Corp.,Nasdaq
1015383,POWW,Outdoor Holding Co,Nasdaq
714256,SMTI,Sanara MedTech Inc.,Nasdaq
746514,NEN,NEW ENGLAND REALTY ASSOCIATES LIMITED PARTNERSHIP,NYSE
1435508,FSFG,"First Savings Financial Group, Inc.",Nasdaq
2028699,ETHM,Dynamix Corp,Nasdaq
1858724,FLX,BingEx Ltd,Nasdaq
1506488,NXG,NXG NextGen Infrastructure Income Fund,NYSE
2016221,MACI,Melar Acquisition Corp. I/Cayman,Nasdaq
1926599,TDAC,Translational Development Acquisition Corp.,Nasdaq
1759138,CABA,"Cabaletta Bio, Inc.",Nasdaq
2079292,DYOR,Insight Digital Partners II,Nasdaq
1058811,IMMR,IMMERSION CORP,Nasdaq
1921050,TDRRF,Tudor Gold Corp.,OTC
1430306,TNXP,Tonix Pharmaceuticals Holding Corp.,Nasdaq
1616156,WEWA,"WEWARDS, INC.",OTC
2060016,AGCC,Agencia Comercial Spirits Ltd.,Nasdaq
33992,KINS,"KINGSTONE COMPANIES, INC.",Nasdaq
1856236,EWCZ,"European Wax Center, Inc.",Nasdaq
2046117,MAGH,Magnitude International Ltd,Nasdaq
37472,FLXS,FLEXSTEEL INDUSTRIES INC,Nasdaq
798287,PAMT,PAMT CORP,Nasdaq
1278211,LGI,LAZARD GLOBAL TOTAL RETURN & INCOME FUND INC,NYSE
1158289,JRS,NUVEEN REAL ESTATE INCOME FUND,NYSE
1628808,PROF,Profound Medical Corp.,Nasdaq
1709164,HBB,Hamilton Beach Brands Holding Co,NYSE
1487610,NHS,Neuberger Berman High Yield Strategies Fund Inc.,NYSE
2033593,SVCC,Stellar V Capital Corp. (Cayman Islands),Nasdaq
1762417,DOYU,DouYu International Holdings Ltd,Nasdaq
1468327,RENT,"Rent the Runway, Inc.",Nasdaq
1766478,AOMR,"Angel Oak Mortgage REIT, Inc.",NYSE
1016838,RDCM,RADCOM LTD,Nasdaq
1109262,AGGI,"Allied Energy, Inc.",OTC
801961,MFM,MFS MUNICIPAL INCOME TRUST,NYSE
1328598,FXE,Invesco CurrencyShares Euro Trust,NYSE
1235912,CVRX,"CVRx, Inc.",Nasdaq
1682056,SVRSF,Silver Storm Mining Ltd.,OTC
1697851,REKR,"Rekor Systems, Inc.",Nasdaq
1453687,RNAC,"Cartesian Therapeutics, Inc.",Nasdaq
897269,MVT,"BLACKROCK MUNIVEST FUND II, INC.",NYSE
887394,MQT,"BLACKROCK MUNIYIELD QUALITY FUND II, INC.",NYSE
1263364,COPR,Idaho Copper Corp,OTC
1289340,STXS,"Stereotaxis, Inc.",NYSE
1987240,SHMD,SCHMID Group N.V.,Nasdaq
2054272,ONCH,1RT Acquisition Corp.,Nasdaq
1066684,TGLO,THEGLOBE COM INC,OTC
1600641,DIBS,"1stdibs.com, Inc.",Nasdaq
100378,TWIN,TWIN DISC INC,Nasdaq
1722010,OPBK,OP Bancorp,Nasdaq
2029118,INR,"INFINITY NATURAL RESOURCES, INC.",NYSE
1596812,ENLV,Enlivex Therapeutics Ltd.,Nasdaq
1070296,FCAP,FIRST CAPITAL INC,Nasdaq
883569,FOSL,"Fossil Group, Inc.",Nasdaq
2008007,MAMK,MaxsMaking Inc.,Nasdaq
1320760,TSSI,"TSS, Inc.",Nasdaq
1071899,MUE,"BLACKROCK MUNIHOLDINGS QUALITY FUND II, INC.",NYSE
1596961,RDNW,"RideNow Group, Inc.",Nasdaq
1572334,VABK,Virginia National Bankshares Corp,Nasdaq
1641398,GDC,GD Culture Group Ltd,Nasdaq
1463972,VUZI,Vuzix Corp,Nasdaq
1131312,ZNOG,ZION OIL & GAS INC,OTC
1845437,NPWR,NET Power Inc.,NYSE
1555279,MASS,908 Devices Inc.,Nasdaq
1826681,PDYN,Palladyne AI Corp.,Nasdaq
1859795,NVX,NOVONIX Ltd,Nasdaq
2064307,LOGC,ContextLogic Holdings Inc.,OTC
1836775,TNYZF,Tiny Ltd.,OTC
1622148,HGLB,HIGHLAND GLOBAL ALLOCATION FUND,NYSE
1687932,JILL,"J.Jill, Inc.",NYSE
2010959,AHMA,AMBITIONS ENTERPRISE MANAGEMENT CO. L.L.C,Nasdaq
796534,NKSH,NATIONAL BANKSHARES INC,Nasdaq
2070887,CRAC,Crown Reserve Acquisition Corp. I,Nasdaq
1659494,COE,51Talk Online Education Group,NYSE
1163609,SDSYA,SOUTH DAKOTA SOYBEAN PROCESSORS LLC,OTC
1791703,TII,Titan Mining Corp,NYSE
1883814,SLND,"Southland Holdings, Inc.",NYSE
1768224,ARCT,Arcturus Therapeutics Holdings Inc.,Nasdaq
880641,EFSI,EAGLE FINANCIAL SERVICES INC,Nasdaq
1114927,FNRN,FIRST NORTHERN COMMUNITY BANCORP,OTC
1075736,CXDO,"Crexendo, Inc.",Nasdaq
1132651,ATLO,AMES NATIONAL CORP,Nasdaq
1723069,TLSA,Tiziana Life Sciences Ltd,Nasdaq
1089907,SWKH,SWK Holdings Corp,Nasdaq
41091,GPJA,GEORGIA POWER CO,NYSE
1803914,PLBY,"Playboy, Inc.",Nasdaq
1061353,DHY,CREDIT SUISSE HIGH YIELD CREDIT FUND,NYSE
1824893,SRZN,"Surrozen, Inc./DE",Nasdaq
831655,MPV,BARINGS PARTICIPATION INVESTORS,NYSE
1795251,NNOX,Nano-X Imaging Ltd.,Nasdaq
886206,FC,FRANKLIN COVEY CO,NYSE
2044635,GSHR,Gesher Acquisition Corp. II,Nasdaq
1412095,TROO,"Troops, Inc. /Cayman Islands/",Nasdaq
1438423,MRAM,EVERSPIN TECHNOLOGIES INC.,Nasdaq
1563696,ETX,Eaton Vance Municipal Income 2028 Term Trust,NYSE
746838,UIS,UNISYS CORP,NYSE
1867066,DERM,Journey Medical Corp,Nasdaq
1699906,BKRRF,BLACKROCK SILVER CORP.,OTC
1854368,DGXX,Digi Power X Inc.,Nasdaq
2052547,EGHA,EGH Acquisition Corp.,Nasdaq
1597835,CMCM,Cheetah Mobile Inc.,NYSE
921114,ARMP,"Armata Pharmaceuticals, Inc.",NYSE
1448397,SHIP,Seanergy Maritime Holdings Corp.,Nasdaq
1175596,AXREF,AMARC RESOURCES LTD,OTC
2041047,IPOD,Dune Acquisition Corp II,Nasdaq
897421,NPV,NUVEEN VIRGINIA QUALITY MUNICIPAL INCOME FUND,NYSE
803016,CFNB,CALIFORNIA FIRST LEASING CORP,OTC
2011514,AVR,Anteris Technologies Global Corp.,Nasdaq
2017758,LHAI,Linkhome Holdings Inc.,Nasdaq
1683825,TRVG,trivago N.V.,Nasdaq
1772921,ONEW,OneWater Marine Inc.,Nasdaq
1706946,SPCE,"Virgin Galactic Holdings, Inc",NYSE
1408443,MIST,Milestone Pharmaceuticals Inc.,Nasdaq
1777393,CHPT,"ChargePoint Holdings, Inc.",NYSE
1701758,LOVE,Lovesac Co,Nasdaq
889609,CPSS,"CONSUMER PORTFOLIO SERVICES, INC.",Nasdaq
1999124,HWAIF,Healwell AI Inc.,OTC
1574085,BHR,Braemar Hotels & Resorts Inc.,NYSE
1857190,NYXH,Nyxoah SA,Nasdaq
1126741,GSIT,GSI TECHNOLOGY INC,Nasdaq
1855474,AIRJ,AirJoule Technologies Corp.,Nasdaq
1318885,DSX,DIANA SHIPPING INC.,NYSE
929351,STRZ,STARZ ENTERTAINMENT CORP /CN/,Nasdaq
1818844,DWTX,"Dogwood Therapeutics, Inc.",Nasdaq
1400118,SGMT,Sagimet Biosciences Inc.,Nasdaq
1939801,SMDRF,SIERRA MADRE GOLD & SILVER LTD.,OTC
1641614,PMTS,CPI Card Group Inc.,Nasdaq
728387,CATX,"Perspective Therapeutics, Inc.",NYSE
1839799,GAMB,Gambling.com Group Ltd,Nasdaq
731122,CCFN,MUNCY COLUMBIA FINANCIAL Corp,OTC
2032379,WLAC,Willow Lane Acquisition Corp.,Nasdaq
1996493,SUGRF,Sucro Ltd,OTC
799850,CRMT,AMERICAS CARMART INC,Nasdaq
1098146,PNBK,PATRIOT NATIONAL BANCORP INC,Nasdaq
1806201,LPRO,Open Lending Corp,Nasdaq
1628063,SRG,Seritage Growth Properties,NYSE
1001115,GEOS,GEOSPACE TECHNOLOGIES CORP,Nasdaq
1396536,DUOT,"DUOS TECHNOLOGIES GROUP, INC.",Nasdaq
1979414,NTHI,"NEONC TECHNOLOGIES HOLDINGS, INC.",Nasdaq
1750735,MRBK,Meridian Corp,Nasdaq
1982518,SDHC,Smith Douglas Homes Corp.,NYSE
1678130,OPP,"RiverNorth/DoubleLine Strategic Opportunity Fund, Inc.",NYSE
833040,FT,FRANKLIN UNIVERSAL TRUST,NYSE
836690,ISSC,INNOVATIVE SOLUTIONS & SUPPORT INC,Nasdaq
1803800,TSKFF,Talisker Resources Ltd.,OTC
778164,ALTO,"Alto Ingredients, Inc.",Nasdaq
1533924,AMPY,Amplify Energy Corp.,NYSE
1059213,BXSY,BEXIL INVESTMENT TRUST,OTC
1680367,STTK,"Shattuck Labs, Inc.",Nasdaq
1565381,DMB,"BNY Mellon Municipal Bond Infrastructure Fund, Inc.",NYSE
2059033,FIGX,FIGX Capital Acquisition Corp.,Nasdaq
894671,OVBC,OHIO VALLEY BANC CORP,Nasdaq
1093672,PEBK,PEOPLES BANCORP OF NORTH CAROLINA INC,Nasdaq
894871,AREN,"Arena Group Holdings, Inc.",NYSE
1875558,NVCT,"Nuvectis Pharma, Inc.",Nasdaq
1560672,EARN,Ellington Credit Co,NYSE
1838162,SLAMF,Slam Corp.,
2043508,LKSP,Lake Superior Acquisition Corp,Nasdaq
894242,BKN,"BLACKROCK INVESTMENT QUALITY MUNICIPAL TRUST, INC.",NYSE
827187,SNBR,Sleep Number Corp,Nasdaq
1254370,WIA,WESTERN ASSET INFLATION-LINKED INCOME FUND,NYSE
2000366,SCAG,Scage Future,Nasdaq
1866757,BRLT,"Brilliant Earth Group, Inc.",Nasdaq
1294133,INGN,Inogen Inc,Nasdaq
1852767,MRT,"Marti Technologies, Inc.",NYSE
64472,GENC,GENCOR INDUSTRIES INC,NYSE
2073553,AIIA,AI Infrastructure Acquisition Corp.,NYSE
1544400,NFTN,NFiniTi inc.,OTC
1940674,SMX,SMX (Security Matters) Public Ltd Co,Nasdaq
1690334,SMHI,SEACOR Marine Holdings Inc.,NYSE
1031623,GIFI,GULF ISLAND FABRICATION INC,Nasdaq
1302387,BVFL,"BV Financial, Inc.",Nasdaq
1327318,TRUE,"TrueCar, Inc.",Nasdaq
885508,STRS,STRATUS PROPERTIES INC,Nasdaq
1979005,AFJK,"Aimei Health Technology Co., Ltd.",Nasdaq
1228509,EHI,WESTERN ASSET GLOBAL HIGH INCOME FUND INC.,NYSE
2012219,OMSE,OMS Energy Technologies Inc.,Nasdaq
1936804,SDA,SunCar Technology Group Inc.,Nasdaq
1438231,DMRC,Digimarc CORP,Nasdaq
1337013,INFU,"InfuSystem Holdings, Inc",NYSE
1562463,INBK,First Internet Bancorp,Nasdaq
832480,UTGN,UTG INC,OTC
64463,SLNH,"Soluna Holdings, Inc",Nasdaq
1261166,NRO,NEUBERGER BERMAN REAL ESTATE SECURITIES INCOME FUND INC,NYSE
1013880,TTEC,"TTEC Holdings, Inc.",Nasdaq
1750149,IKT,"Inhibikase Therapeutics, Inc.",Nasdaq
1320854,RAIL,"FreightCar America, Inc.",Nasdaq
2025947,TGMPF,Tantalus Systems Holding Inc.,OTC
1678748,ISTKF,Intellistake Technologies Corp.,OTC
1400897,SRV,NXG Cushing Midstream Energy Fund,NYSE
1779474,MAPS,"WM TECHNOLOGY, INC.",Nasdaq
706698,UTMD,UTAH MEDICAL PRODUCTS INC,Nasdaq
1009829,JAKK,JAKKS PACIFIC INC,Nasdaq
2098712,GIX,GigCapital9 Corp.,
895528,VPV,Invesco Pennsylvania Value Municipal Income Trust,NYSE
1394056,OSS,"ONE STOP SYSTEMS, INC.",Nasdaq
1384831,SNNGF,PPX Mining Corp.,OTC
1397616,SSVFF,SOUTHERN SILVER EXPLORATION CORP,OTC
2082149,DSAC,Daedalus Special Acquisition Corp.,
862861,ALTS,ALT5 Sigma Corp,Nasdaq
1119769,CRNT,CERAGON NETWORKS LTD,Nasdaq
1939965,SLMT,Brera Holdings PLC,Nasdaq
1716410,GLATF,Global Atomic Corp,OTC
66901,EMP,"ENTERGY MISSISSIPPI, LLC",NYSE
1805521,FFAI,FARADAY FUTURE INTELLIGENT ELECTRIC INC.,Nasdaq
1057861,DHF,BNY MELLON HIGH YIELD STRATEGIES FUND,NYSE
71508,ENJ,"ENTERGY NEW ORLEANS, LLC",NYSE
1932737,AIIO,ROBO.AI INC.,Nasdaq
33488,ESCA,ESCALADE INC,Nasdaq
1116463,OSUR,ORASURE TECHNOLOGIES INC,Nasdaq
1417802,IDE,"Voya Infrastructure, Industrials & Materials Fund",NYSE
858706,GF,NEW GERMANY FUND INC,NYSE
1137547,UBFO,UNITED SECURITY BANCSHARES,Nasdaq
1833214,SABS,"SAB Biotherapeutics, Inc.",Nasdaq
1753368,SANG,Sangoma Technologies Corp,Nasdaq
1530185,ATVK,"Ameritek Ventures, Inc.",OTC
924719,SMID,SMITH MIDLAND CORP,Nasdaq
1384195,REI,"RING ENERGY, INC.",NYSE
1245648,FLC,FLAHERTY & CRUMRINE TOTAL RETURN FUND INC,NYSE
1786286,DPRO,Draganfly Inc.,Nasdaq
1979408,STLRF,STLLR Gold Inc.,OTC
1952853,MAMO,Massimo Group,Nasdaq
1605301,CBFV,"CB Financial Services, Inc.",Nasdaq
2028336,NUAI,"New ERA Energy & Digital, Inc.",Nasdaq
1537435,TGEN,TECOGEN INC.,NYSE
1818093,SKIN,Beauty Health Co,Nasdaq
1630627,TMCI,"TREACE MEDICAL CONCEPTS, INC.",Nasdaq
1332551,ACR,ACRES Commercial Realty Corp.,NYSE
1472619,LONCF,Loncor Gold Inc.,OTC
1367859,CZWI,Citizens Community Bancorp Inc.,Nasdaq
1486298,BSL,Blackstone Senior Floating Rate 2027 Term Fund,NYSE
1811931,APGOF,Apollo Silver Corp,OTC
1704711,FNKO,"Funko, Inc.",Nasdaq
1899830,PERF,Perfect Corp.,NYSE
1854139,ZVIA,Zevia PBC,NYSE
1805526,DFDV,DeFi Development Corp.,Nasdaq
5094,VBF,Invesco Bond Fund,NYSE
1792267,BNR,Burning Rock Biotech Ltd,Nasdaq
1552198,WHF,"WhiteHorse Finance, Inc.",Nasdaq
1022652,INSG,INSEEGO CORP.,Nasdaq
1652935,ACTU,"ACTUATE THERAPEUTICS, INC.",Nasdaq
1759824,ALTG,ALTA EQUIPMENT GROUP INC.,NYSE
1026655,CMT,CORE MOLDING TECHNOLOGIES INC,NYSE
1141688,LARK,LANDMARK BANCORP INC,Nasdaq
15847,BUKS,BUTLER NATIONAL CORP,OTC
1423867,WHGOF,White Gold Corp.,OTC
2030617,PMI,"Picard Medical, Inc.",NYSE
1724755,GHG,GreenTree Hospitality Group Ltd.,NYSE
2006468,NUTR,NUSATRIP Inc,Nasdaq
1816172,JZXN,"Jiuzi Holdings, Inc.",Nasdaq
1662684,KULR,"KULR Technology Group, Inc.",NYSE
1828588,HNVR,"Hanover Bancorp, Inc. /MD",Nasdaq
1084765,RGP,"RESOURCES CONNECTION, INC.",Nasdaq
1636422,HCAT,"Health Catalyst, Inc.",Nasdaq
1432364,AZULQ,AZUL SA,OTC
1455632,NXPGY,Mobico Group PLC/ADR,OTC
2007599,LAWR,"Robot Consulting Co., Ltd.",Nasdaq
2047177,CHEC,Chenghe Acquisition III Co.,Nasdaq
96536,TAYD,"TAYLOR DEVICES, INC.",Nasdaq
1690080,ETHZ,ETHZilla Corp,Nasdaq
1595097,CRBP,"Corbus Pharmaceuticals Holdings, Inc.",Nasdaq
1756390,AAWH,"Ascend Wellness Holdings, Inc.",OTC
1374328,FTLF,"FITLIFE BRANDS, INC.",Nasdaq
883265,VTN,Invesco Trust for Investment Grade New York Municipals,NYSE
1619856,CRBU,"Caribou Biosciences, Inc.",Nasdaq
919864,FNWD,Finward Bancorp,Nasdaq
1957538,ESGL,ESGL Holdings Ltd,Nasdaq
1754323,XTKG,"X3 Holdings Co., Ltd.",Nasdaq
1765850,AURE,Aurelion Inc.,Nasdaq
1372807,BCIC,BCP Investment Corp,Nasdaq
1411685,VTGN,"Vistagen Therapeutics, Inc.",Nasdaq
1598599,IPHA,Innate Pharma SA,Nasdaq
1165002,WHG,WESTWOOD HOLDINGS GROUP INC,NYSE
1043337,SRI,STONERIDGE INC,NYSE
1509261,RZLT,"Rezolute, Inc.",Nasdaq
1120970,LODE,Comstock Inc.,NYSE
2035644,RANG,Range Capital Acquisition Corp.,Nasdaq
1041859,PLCE,"Childrens Place, Inc.",Nasdaq
2020385,TAVI,Tavia Acquisition Corp.,Nasdaq
1481028,HYSR,"SUNHYDROGEN, INC.",OTC
1425355,SUIG,SUI Group Holdings Ltd.,Nasdaq
1870940,AIRS,"Airsculpt Technologies, Inc.",Nasdaq
1131903,FCCN,SPECTRAL CAPITAL Corp,OTC
1754068,KLRS,"Kalaris Therapeutics, Inc.",Nasdaq
1723980,SXTC,"China SXT Pharmaceuticals, Inc.",Nasdaq
1998781,IBAC,IB Acquisition Corp.,Nasdaq
1140411,PCQ,PIMCO CALIFORNIA MUNICIPAL INCOME FUND,NYSE
1856725,RANI,"Rani Therapeutics Holdings, Inc.",Nasdaq
1872529,MDXH,MDxHealth SA,Nasdaq
1562823,HHLKF,Hot Chili Ltd,OTC
1231457,GNLX,GENELUX Corp,Nasdaq
1653087,ALEC,"Alector, Inc.",Nasdaq
948320,LFMD,"LifeMD, Inc.",Nasdaq
1512762,CHRS,"Coherus Oncology, Inc.",Nasdaq
2025774,ALPS,Alps Group Inc,Nasdaq
1863006,VLN,Valens Semiconductor Ltd.,NYSE
793040,ECF,ELLSWORTH GROWTH & INCOME FUND LTD,NYSE
897802,SPE,"SPECIAL OPPORTUNITIES FUND, INC.",NYSE
1287098,MXCT,"MAXCYTE, INC.",Nasdaq
1758766,STEM,"STEM, INC.",NYSE
883975,MBOT,Microbot Medical Inc.,Nasdaq
1356115,NXDT,NEXPOINT DIVERSIFIED REAL ESTATE TRUST,NYSE
1745114,MOLN,MOLECULAR PARTNERS AG,Nasdaq
1228627,IRD,"Opus Genetics, Inc.",Nasdaq
1380106,RPID,"RAPID MICRO BIOSYSTEMS, INC.",Nasdaq
1529628,SND,"Smart Sand, Inc.",Nasdaq
1693577,MNSB,"MainStreet Bancshares, Inc.",Nasdaq
1274737,XGN,EXAGEN INC.,Nasdaq
2012807,RFAI,RF Acquisition Corp II,Nasdaq
1213037,CRDF,"Cardiff Oncology, Inc.",Nasdaq
95574,SGC,"SUPERIOR GROUP OF COMPANIES, INC.",Nasdaq
1625414,BZUN,Baozun Inc.,Nasdaq
2054876,NMP,NMP Acquisition Corp.,Nasdaq
1701541,BDTX,"Black Diamond Therapeutics, Inc.",Nasdaq
818850,NNY,NUVEEN NEW YORK MUNICIPAL VALUE FUND,NYSE
1862935,CURR,Currenc Group Inc.,Nasdaq
1566610,TONX,TON Strategy Co,Nasdaq
2000640,DMNIF,Damon Inc.,OTC
355948,RELL,"RICHARDSON ELECTRONICS, LTD.",Nasdaq
1482436,AGXPF,SILVER X MINING CORP.,OTC
1927719,CRGO,Freightos Ltd,Nasdaq
719135,APYX,Apyx Medical Corp,Nasdaq
1303942,BFIN,BankFinancial CORP,Nasdaq
2075816,EMIS,Emmis Acquisition Corp.,Nasdaq
1889112,RENEF,Cartesian Growth Corp II,OTC
1578987,BANX,ArrowMark Financial Corp.,Nasdaq
1902314,MPTI,"M-tron Industries, Inc.",NYSE
1829794,EMPD,Empery Digital Inc.,Nasdaq
1436229,BTCS,BTCS Inc.,Nasdaq
2001699,HPAI,Helport AI Ltd,Nasdaq
1819411,GANX,"Gain Therapeutics, Inc.",Nasdaq
1909747,JUSHF,Jushi Holdings Inc.,OTC
720500,ASYS,AMTECH SYSTEMS INC,Nasdaq
1987363,WTF,Waton Financial Ltd,Nasdaq
830622,PIM,PUTNAM MASTER INTERMEDIATE INCOME TRUST,NYSE
804563,BMBN,BENCHMARK BANKSHARES INC,OTC
1362190,AEYE,AUDIOEYE INC,Nasdaq
1059142,GHI,Greystone Housing Impact Investors LP,NYSE
1832871,BMN,BlackRock 2037 Municipal Target Term Trust,NYSE
2079106,LAFA,LaFayette Acquisition Corp.,Nasdaq
1958389,HYDTF,Hydreight Technologies Inc.,OTC
700841,RCMT,"RCM TECHNOLOGIES, INC.",Nasdaq
2028735,SPEG,Silver Pegasus Acquisition Corp.,Nasdaq
1707303,DOGZ,Dogness (International) Corp,Nasdaq
1857853,COOK,"Traeger, Inc.",NYSE
810766,CIK,"CREDIT SUISSE ASSET MANAGEMENT INCOME FUND, INC.",NYSE
1376227,UNG,"United States Natural Gas Fund, LP",NYSE
2098,ACU,ACME UNITED CORP,NYSE
1838987,SPWR,SunPower Inc.,Nasdaq
1645873,MDV,"MODIV INDUSTRIAL, INC.",NYSE
1070680,CFBK,CF BANKSHARES INC.,Nasdaq
1609809,MCRB,"Seres Therapeutics, Inc.",Nasdaq
1941506,ZJK,"ZJK Industrial Co., Ltd.",Nasdaq
1948455,ISPR,Ispire Technology Inc.,Nasdaq
65596,SIEB,SIEBERT FINANCIAL CORP,Nasdaq
1876581,IMPP,Imperial Petroleum Inc./Marshall Islands,Nasdaq
1742770,VIOT,"Viomi Technology Co., Ltd",Nasdaq
1889123,FLD,"Fold Holdings, Inc.",Nasdaq
1799011,LUCD,Lucid Diagnostics Inc.,Nasdaq
1478454,EBMT,"Eagle Bancorp Montana, Inc.",Nasdaq
1476840,EXFY,"Expensify, Inc.",Nasdaq
1914605,ECBK,"ECB Bancorp, Inc. /MD/",Nasdaq
1001233,SGMO,"SANGAMO THERAPEUTICS, INC",Nasdaq
830487,MHF,WESTERN ASSET MUNICIPAL HIGH INCOME FUND INC.,NYSE
786298,FGFH,FORESIGHT FINANCIAL GROUP INC,OTC
1259429,OXSQ,Oxford Square Capital Corp.,Nasdaq
1991605,YMT,Yimutian Inc.,Nasdaq
921671,GGT,GABELLI MULTIMEDIA TRUST INC.,NYSE
1200375,CDXS,"CODEXIS, INC.",Nasdaq
868578,PFD,FLAHERTY & CRUMRINE PREFERRED & INCOME FUND INC,NYSE
2024306,JFB,JFB Construction Holdings,Nasdaq
1455365,CGTX,COGNITION THERAPEUTICS INC,Nasdaq
1504234,BGX,Blackstone Long-Short Credit Income Fund,NYSE
1873875,IXHL,Incannex Healthcare Inc.,Nasdaq
1332943,IGA,Voya Global Advantage & Premium Opportunity Fund,NYSE
1642380,IMDX,Insight Molecular Diagnostics Inc.,Nasdaq
904112,MSD,MORGAN STANLEY EMERGING MARKETS DEBT FUND INC,NYSE
1337298,FF,FutureFuel Corp.,NYSE
2063816,INAC,Indigo Acquisition Corp.,Nasdaq
709283,QMCO,QUANTUM CORP /DE/,Nasdaq
1965052,MGTE,Marblegate Capital Corp,OTC
10329,BSET,BASSETT FURNITURE INDUSTRIES INC,Nasdaq
1287498,EVG,Eaton Vance Short Duration Diversified Income Fund,NYSE
768899,TBI,"TrueBlue, Inc.",NYSE
1452477,SEVN,Seven Hills Realty Trust,Nasdaq
1501103,EDF,Virtus Stone Harbor Emerging Markets Income Fund,NYSE
1826397,AVX,AVAX ONE TECHNOLOGY LTD.,Nasdaq
1799788,GLSI,"Greenwich LifeSciences, Inc.",Nasdaq
748691,KF,KOREA FUND INC,NYSE
2075336,YCY,AA Mission Acquisition Corp. II,NYSE
1649096,CLPR,Clipper Realty Inc.,NYSE
891038,MPA,BLACKROCK MUNIYIELD PENNSYLVANIA QUALITY FUND,NYSE
892992,NAZ,NUVEEN ARIZONA QUALITY MUNICIPAL INCOME FUND,NYSE
1391437,GRX,Gabelli Healthcare & WellnessRx Trust,NYSE
39092,FRD,FRIEDMAN INDUSTRIES INC,Nasdaq
95953,ACNT,ASCENT INDUSTRIES CO.,Nasdaq
1905956,TGL,TREASURE GLOBAL INC,Nasdaq
1357971,ESOA,Energy Services of America CORP,Nasdaq
883107,SLSN,"SOLESENCE, INC.",Nasdaq
767405,SBFG,"SB FINANCIAL GROUP, INC.",Nasdaq
1515156,ARQ,"Arq, Inc.",Nasdaq
1945240,ROMA,Roma Green Finance Ltd,Nasdaq
1228454,BCBP,BCB BANCORP INC,Nasdaq
1477081,KGEI,Kolibri Global Energy Inc.,Nasdaq
855950,PNPNF,POWER METALLIC MINES INC.,OTC
1512931,MRCC,MONROE CAPITAL Corp,Nasdaq
1006281,PLX,"Protalix BioTherapeutics, Inc.",NYSE
1828161,FTCI,"FTC Solar, Inc.",Nasdaq
1316463,GLQ,Clough Global Equity Fund,NYSE
2005569,EMPG,Empro Group Inc.,Nasdaq
1775194,UPXI,"UPEXI, INC.",Nasdaq
1835268,CNTB,Connect Biopharma Holdings Ltd,Nasdaq
788920,PDEX,PRO DEX INC,Nasdaq
1768446,CLYM,"Climb Bio, Inc.",Nasdaq
1891101,BRCC,BRC Inc.,NYSE
1119774,CGEN,COMPUGEN LTD,Nasdaq
1442836,MRSN,"Mersana Therapeutics, Inc.",Nasdaq
1601485,ELTX,"Elicio Therapeutics, Inc.",Nasdaq
1069530,SAVA,CASSAVA SCIENCES INC,Nasdaq
1858848,TNYA,"Tenaya Therapeutics, Inc.",Nasdaq
1697818,AMBR,Amber International Holding Ltd,Nasdaq
1318596,KRYXF,KORYX COPPER INC.,OTC
1732409,BCHG,Grayscale Bitcoin Cash Trust (BCH),OTC
1006655,EPM,EVOLUTION PETROLEUM CORP,NYSE
1055726,INO,"INOVIO PHARMACEUTICALS, INC.",Nasdaq
356037,CSPI,CSP INC /MA/,Nasdaq
2038439,VWAV,"VisionWave Holdings, Inc.",Nasdaq
1504545,BWG,BrandywineGLOBAL-Global Income Opportunities Fund Inc,NYSE
2028177,YOUL,Youlife Group Inc.,Nasdaq
1610853,HSDT,Solana Co,Nasdaq
2002045,GCL,GCL Global Holdings Ltd,Nasdaq
1582982,CCLD,"CareCloud, Inc.",Nasdaq
1726126,EPSN,Epsilon Energy Ltd.,Nasdaq
1333493,EHTH,"eHealth, Inc.",Nasdaq
1476573,AIRRF,Aurion Resources Ltd.,OTC
1010134,ICTSF,ICTS INTERNATIONAL N V,OTC
2022059,AGMRF,"Silver Mountain Resources, Inc.",OTC
1680873,HFFG,HF Foods Group Inc.,Nasdaq
1273441,GTE,GRAN TIERRA ENERGY INC.,NYSE
2012706,SUNS,"Sunrise Realty Trust, Inc.",Nasdaq
898437,ANIK,"Anika Therapeutics, Inc.",Nasdaq
1578453,DLNG,Dynagas LNG Partners LP,NYSE
1449794,EMYB,"Embassy Bancorp, Inc.",OTC
1320350,LNSR,"LENSAR, Inc.",Nasdaq
1159167,IRBT,IROBOT CORP,Nasdaq
1847874,BEEP,Mobile Infrastructure Corp,Nasdaq
1751783,RBKB,"Rhinebeck Bancorp, Inc.",Nasdaq
1951276,SRBK,"SR Bancorp, Inc.",Nasdaq
34067,BOOM,DMC Global Inc.,Nasdaq
2077709,ROC,Rank One Computing Corp dba ROC,
1160791,GORO,GOLD RESOURCE CORP,NYSE
1641489,VTVT,vTv Therapeutics Inc.,Nasdaq
1616885,RVLGF,Revival Gold Inc.,OTC
1767837,RMBI,"Richmond Mutual Bancorporation, Inc.",Nasdaq
1580864,VRM,"Vroom, Inc.",Nasdaq
910329,MED,MEDIFAST INC,NYSE
1023313,FORR,"FORRESTER RESEARCH, INC.",Nasdaq
718413,CMTV,COMMUNITY BANCORP /VT,OTC
1416090,BSAI,BLUSKY AI INC.,OTC
1534969,SERA,"SERA PROGNOSTICS, INC.",Nasdaq
1868640,RDZN,Roadzen Inc.,Nasdaq
1040896,IDN,"Intellicheck, Inc.",Nasdaq
2017526,PCSC,Perceptive Capital Solutions Corp,Nasdaq
1009759,CGEH,"Capstone Green Energy Holdings, Inc.",OTC
1388891,KOOYF,Kootenay Silver Inc.,OTC
1007587,KVHI,KVH INDUSTRIES INC \DE\,Nasdaq
1861841,ARBE,Arbe Robotics Ltd.,Nasdaq
1943289,SVCO,"Silvaco Group, Inc.",Nasdaq
847538,CPKF,CHESAPEAKE FINANCIAL SHARES INC,OTC
1766140,UNCY,"Unicycive Therapeutics, Inc.",Nasdaq
1434316,FATE,FATE THERAPEUTICS INC,Nasdaq
1883835,ESGH,ESG Inc.,OTC
1787400,NKTX,"Nkarta, Inc.",Nasdaq
1786471,SEV,Aptera Motors Corp,Nasdaq
2047273,BUUU,BUUU Group Ltd,Nasdaq
759866,JHS,JOHN HANCOCK INCOME SECURITIES TRUST,NYSE
1612630,JYNT,JOINT Corp,Nasdaq
1865506,ZEO,Zeo Energy Corp.,Nasdaq
2084563,LFAC,Leapfrog Acquisition Corp,
1936224,SRFM,SURF AIR MOBILITY INC.,NYSE
1473490,GLAI,"Global AI, Inc.",OTC
750558,QNBC,QNB CORP.,OTC
1947244,USGO,U.S. GoldMining Inc.,Nasdaq
9521,BCV,BANCROFT FUND LTD,NYSE
1333274,MERC,MERCER INTERNATIONAL INC.,Nasdaq
1788451,LIFE,Ethos Technologies Inc.,
1809158,KUKE,Kuke Music Holding Ltd,
1836754,LGCY,Legacy Education Inc.,NYSE
798528,OMEX,ODYSSEY MARINE EXPLORATION INC,Nasdaq
880417,CSBB,"CSB Bancorp, Inc.",OTC
1701108,SPRO,"Spero Therapeutics, Inc.",Nasdaq
1734520,ALYAF,Alithya Group inc,OTC
1437479,ENBP,ENB Financial Corp,OTC
1163792,WEA,WESTERN ASSET PREMIER BOND FUND,NYSE
1098972,AGEN,AGENUS INC,Nasdaq
2037400,CAAS,"China Automotive Systems, Inc.",Nasdaq
913277,CLAR,Clarus Corp,Nasdaq
1835022,COYA,"Coya Therapeutics, Inc.",Nasdaq
2010788,EXOZ,EXOZYMES INC.,Nasdaq
1819253,BTMD,biote Corp.,Nasdaq
1299969,CHCI,"Comstock Holding Companies, Inc.",Nasdaq
1480170,BEOB,BEO BANCORP,OTC
1496749,HEQ,John Hancock Diversified Income Fund,NYSE
1702924,WRAP,"WRAP TECHNOLOGIES, INC.",Nasdaq
1576885,ABOS,"Acumen Pharmaceuticals, Inc.",Nasdaq
1818274,ARAI,Arrive AI Inc.,Nasdaq
1549966,SAMG,Silvercrest Asset Management Group Inc.,Nasdaq
1285170,ITMSF,INTERMAP TECHNOLOGIES CORP,OTC
1684505,XTRAF,Xtract One Technologies Inc.,OTC
33533,ESP,ESPEY MFG & ELECTRONICS CORP,NYSE
1604464,ATRA,"Atara Biotherapeutics, Inc.",Nasdaq
1748137,NEOV,NeoVolta Inc.,Nasdaq
1343793,BTA,BlackRock Long-Term Municipal Advantage Trust,NYSE
1716951,OCCI,"OFS Credit Company, Inc.",Nasdaq
1627868,NCAUF,Newcore Gold Ltd.,OTC
1614806,RPT,Rithm Property Trust Inc.,NYSE
795800,NEXM,NexMetals Mining Corp.,Nasdaq
1823406,AFBI,"Affinity Bancshares, Inc.",Nasdaq
1703644,GPMT,Granite Point Mortgage Trust Inc.,NYSE
1478102,DMO,Western Asset Mortgage Opportunity Fund Inc.,NYSE
2014337,NPT,Texxon Holding Ltd,Nasdaq
1966233,NIPG,NIP Group Inc.,Nasdaq
1865107,AKA,A.K.A. BRANDS HOLDING CORP.,NYSE
1870833,RMMZ,"RiverNorth Managed Duration Municipal Income Fund II, Inc.",NYSE
895574,VFL,abrdn National Municipal Income Fund,NYSE
1514597,FURY,FURY GOLD MINES LTD,NYSE
2047148,CTW,CTW Cayman,Nasdaq
1289868,MCN,XAI Madison Equity Premium Income Fund,NYSE
1340476,DRTTF,DIRTT ENVIRONMENTAL SOLUTIONS LTD,OTC
1860514,USCTF,Roth CH Acquisition Co.,OTC
1404281,ELDN,"Eledon Pharmaceuticals, Inc.",Nasdaq
882071,PFO,Flaherty & Crumrine PREFERRED & INCOME OPPORTUNITY FUND INC,NYSE
1305767,PHD,"Pioneer Floating Rate Fund, Inc.",
803742,KISB,KISH BANCORP INC,OTC
2024668,TRBRF,Simply Better Brands Corp.,OTC
31107,EML,EASTERN CO,Nasdaq
1663038,QTZM,Quantumzyme Corp.,OTC
1176309,ORMP,ORAMED PHARMACEUTICALS INC.,Nasdaq
5981,AVD,AMERICAN VANGUARD CORP,NYSE
2028355,IPEX,Inflection Point Acquisition Corp. V,Nasdaq
2037431,PELI,Pelican Acquisition Corp,Nasdaq
1841425,VGAS,"Verde Clean Fuels, Inc.",Nasdaq
1464790,RILY,"B. Riley Financial, Inc.",Nasdaq
1353613,FXY,Invesco CurrencyShares Japanese Yen Trust,NYSE
1532383,VNJA,VANJIA CORP,OTC
1383062,DBE,Invesco DB Energy Fund,NYSE
1138723,ARAY,ACCURAY INC,Nasdaq
1357874,DTIL,PRECISION BIOSCIENCES INC,Nasdaq
1438893,GNT,"GAMCO Natural Resources, Gold & Income Trust",NYSE
1723464,BHST,BIOHARVEST SCIENCES INC.,Nasdaq
1655923,ACOG,Alpha Cognition Inc.,Nasdaq
1437925,GMGI,"Golden Matrix Group, Inc.",Nasdaq
759828,JHI,JOHN HANCOCK INVESTORS TRUST,NYSE
1983736,GOAI,Eva Live Inc,OTC
1750106,AEI,Alset Inc.,Nasdaq
2073548,GRAY,"Grayscale Investments, Inc.",
1503802,KPTI,Karyopharm Therapeutics Inc.,Nasdaq
715446,ANIX,Anixa Biosciences Inc,Nasdaq
1001500,LMRXF,LARAMIDE RESOURCES LTD,OTC
1555980,FPRGF,Falco Resources Ltd.,OTC
779336,IAF,"ABRDN AUSTRALIA EQUITY FUND, INC.",NYSE
75398,PAI,Western Asset Investment Grade Income Fund Inc.,NYSE
1845123,ANNA,"AleAnna, Inc.",Nasdaq
845606,CXE,MFS HIGH INCOME MUNICIPAL TRUST,NYSE
1328409,WRIV,WHITE RIVER BANCSHARES CO,OTC
1843477,SVIIF,Spring Valley Acquisition Corp. II,OTC
1997403,ZENA,"ZenaTech, Inc.",Nasdaq
1636651,OVID,Ovid Therapeutics Inc.,Nasdaq
839470,WWR,"WESTWATER RESOURCES, INC.",NYSE
2047455,QSEA,Quartzsea Acquisition Corp,Nasdaq
2059653,LSBK,"Lake Shore Bancorp, Inc. /MD/",Nasdaq
1604868,GRWG,GrowGeneration Corp.,Nasdaq
1725262,TYFG,"Tri-County Financial Group, Inc.",OTC
2076163,BRR,"ProCap Financial, Inc.",Nasdaq
1496690,BCRD,"BlueOne Card, Inc.",OTC
1873923,ONL,Orion Properties Inc.,NYSE
1077688,HOFT,HOOKER FURNISHINGS Corp,Nasdaq
1482554,HFUS,"Hartford Creative Group, Inc.",OTC
1838163,BNAI,Brand Engagement Network Inc.,Nasdaq
890119,NIM,NUVEEN SELECT MATURITIES MUNICIPAL FUND,NYSE
1994214,NOMA,Nomadar Corp.,Nasdaq
1585855,GGZ,Gabelli Global Small & Mid Cap Value Trust,NYSE
887396,EP,EMPIRE PETROLEUM CORP,NYSE
1769624,ILLR,Triller Group Inc.,Nasdaq
2024459,CHAR,Charlton Aria Acquisition Corp,Nasdaq
1288770,XTGRF,XTRA-GOLD RESOURCES CORP,OTC
810943,PCF,HIGH INCOME SECURITIES FUND,NYSE
2030829,PGAC,PANTAGES CAPITAL ACQUSITION Corp,Nasdaq
1472326,GRO,Brazil Potash Corp.,NYSE
860489,CEE,"CENTRAL & EASTERN EUROPE FUND, INC.",NYSE
1872061,VLTLF,Volt Lithium Corp.,OTC
2070900,QUMS,Quantumsphere Acquisition Corp,Nasdaq
1540013,QIPT,Quipt Home Medical Corp.,Nasdaq
866095,JEQ,"ABRDN JAPAN EQUITY FUND, INC.",
1814423,IH,iHuman Inc.,NYSE
1516899,YTRA,"Yatra Online, Inc.",Nasdaq
1540684,ATLX,Atlas Lithium Corp,Nasdaq
1819574,BARK,"Bark, Inc.",NYSE
55529,KEQU,KEWAUNEE SCIENTIFIC CORP /DE/,Nasdaq
897419,NMT,NUVEEN MASSACHUSETTS QUALITY MUNICIPAL INCOME FUND,NYSE
1703157,SCTH,"Securetech Innovations, Inc.",OTC
1796949,GFLT,"GenFlat Holdings, Inc.",OTC
1140102,HQI,"HireQuest, Inc.",Nasdaq
1591890,FGNX,FG Nexus Inc.,Nasdaq
891482,FLL,FULL HOUSE RESORTS INC,Nasdaq
1075880,KZIA,KAZIA THERAPEUTICS LTD,Nasdaq
2052243,TWLV,Twelve Seas Investment Co III/Cayman,
1337068,MGYR,"Magyar Bancorp, Inc.",Nasdaq
1285650,CGO,CALAMOS GLOBAL TOTAL RETURN FUND,Nasdaq
1855447,TYGO,"TIGO ENERGY, INC.",Nasdaq
6207,AXR,AMREP CORP.,NYSE
1041368,RVSB,RIVERVIEW BANCORP INC,Nasdaq
2073153,HYNE,"Hoyne Bancorp, Inc.",Nasdaq
1477845,ANVS,"Annovis Bio, Inc.",NYSE
1514860,GCUMF,Gunnison Copper Corp.,OTC
1649744,DLTH,DULUTH HOLDINGS INC.,Nasdaq
1282957,GLU,GABELLI GLOBAL UTILITY & INCOME TRUST,NYSE
1463000,GRUSF,Grown Rogue International Inc.,OTC
2047190,TCGL,TechCreate Group Ltd.,NYSE
1342936,RIVF,"Rivulet Entertainment, Inc.",
1422142,WHWK,"Whitehawk Therapeutics, Inc.",Nasdaq
737875,FKYS,FIRST KEYSTONE CORP,OTC
882300,SBI,WESTERN ASSET INTERMEDIATE MUNI FUND INC.,NYSE
1496292,IHD,Voya Emerging Markets High Dividend Equity Fund,NYSE
1941131,TORO,TORO CORP.,Nasdaq
2027265,MB,MASTERBEEF GROUP,Nasdaq
706863,UNB,UNION BANKSHARES INC,Nasdaq
1692427,NCSM,"NCS Multistage Holdings, Inc.",Nasdaq
1488039,ATOS,"ATOSSA THERAPEUTICS, INC.",Nasdaq
1675033,GECC,Great Elm Capital Corp.,Nasdaq
36840,FREVS,"FIRST REAL ESTATE INVESTMENT TRUST OF NEW JERSEY, INC.",OTC
1889983,KVAC,Keen Vision Acquisition Corp.,Nasdaq
1684144,ZOMDF,Zomedica Corp.,OTC
1856031,SEAT,Vivid Seats Inc.,Nasdaq
1678660,PRLD,Prelude Therapeutics Inc,Nasdaq
1562151,CWGL,"Crimson Wine Group, Ltd",OTC
882508,QUIK,QUICKLOGIC Corp,Nasdaq
1860879,RRACF,Rigel Resource Acquisition Corp.,
1702123,CRDL,Cardiol Therapeutics Inc.,Nasdaq
1979484,ABVE,Above Food Ingredients Inc.,Nasdaq
1129928,ONCY,ONCOLYTICS BIOTECH INC,Nasdaq
1732406,LTCN,Grayscale Litecoin Trust (LTC),OTC
1684693,SLGL,Sol-Gel Technologies Ltd.,Nasdaq
1541119,SFBC,"Sound Financial Bancorp, Inc.",Nasdaq
1787414,BSBK,Bogota Financial Corp.,Nasdaq
1818644,LIDR,"AEye, Inc.",Nasdaq
1682241,MATH,Metalpha Technology Holding Ltd,Nasdaq
751365,VIRC,VIRCO MFG CORPORATION,Nasdaq
1762303,RCEL,"AVITA Medical, Inc.",Nasdaq
1397016,OPXS,Optex Systems Holdings Inc,Nasdaq
1747661,ZNB,Zeta Network Group,Nasdaq
1982961,EGG,ENIGMATIG LTD,NYSE
2051820,MLCI,Mount Logan Capital Inc.,Nasdaq
1842566,AISP,"Airship AI Holdings, Inc.",Nasdaq
1364954,CHGG,"CHEGG, INC",NYSE
1279014,ERH,ALLSPRING UTILITIES & HIGH INCOME FUND,NYSE
1877939,CTM,"Castellum, Inc.",NYSE
1127537,LUNG,Pulmonx Corp,Nasdaq
1227636,STIM,"Neuronetics, Inc.",Nasdaq
1448597,AUGG,AUGUSTA GOLD CORP.,
1296774,NCTY,The9 LTD,Nasdaq
1901799,BTM,Bitcoin Depot Inc.,Nasdaq
1998043,PDCC,Pearl Diver Credit Co Inc.,NYSE
1657642,SLBK,"Skyline Bankshares, Inc.",OTC
1906364,FGMC,FG Merger II Corp.,Nasdaq
2051380,PEW,GrabAGun Digital Holdings Inc.,NYSE
830271,NMI,NUVEEN MUNICIPAL INCOME FUND INC,NYSE
1010470,PROV,PROVIDENT FINANCIAL HOLDINGS INC,Nasdaq
1792781,CURV,Torrid Holdings Inc.,NYSE
2030277,LFS,"LEIFRAS Co., Ltd.",Nasdaq
1162896,PROP,Prairie Operating Co.,Nasdaq
1334325,CODA,"Coda Octopus Group, Inc.",Nasdaq
1820190,SCLX,Scilex Holding Co,Nasdaq
72205,NOBH,NOBILITY HOMES INC,OTC
2024460,CHPG,ChampionsGate Acquisition Corp,Nasdaq
1953366,STHO,Star Holdings,Nasdaq
1031316,FSP,FRANKLIN STREET PROPERTIES CORP /MA/,NYSE
2075068,IGAC,Invest Green Acquisition Corp,
1355096,QVCGA,"QVC Group, Inc.",Nasdaq
1176334,MMLP,MARTIN MIDSTREAM PARTNERS L.P.,Nasdaq
1453593,XTNT,"Xtant Medical Holdings, Inc.",NYSE
1318025,PGP,PIMCO Global StocksPLUS & Income Fund,NYSE
1840439,BMEA,"Biomea Fusion, Inc.",Nasdaq
1737319,CUAUF,C3 Metals Inc.,OTC
1089872,GAIA,"GAIA, INC",Nasdaq
1725160,ZNTL,"Zentalis Pharmaceuticals, Inc.",Nasdaq
831378,LVPA,LVPAI GROUP Ltd,OTC
55234,KENS,"Global Asset Management Group, Inc.",OTC
910406,HAIN,HAIN CELESTIAL GROUP INC,Nasdaq
1769484,BIOX,Bioceres Crop Solutions Corp.,Nasdaq
2023016,TTRX,Turn Therapeutics Inc.,Nasdaq
1956648,NOEM,CO2 Energy Transition Corp.,Nasdaq
1472215,JLS,Nuveen Mortgage & Income Fund/MA/,NYSE
1041934,EDAP,EDAP TMS SA,Nasdaq
1517767,CCIF,Carlyle Credit Income Fund,NYSE
811922,MGF,MFS GOVERNMENT MARKETS INCOME TRUST,NYSE
1417892,SOL,Emeren Group Ltd,NYSE
1726445,SEER,"Seer, Inc.",Nasdaq
740806,FMBM,F&M BANK CORP,OTC
1644540,SRGXF,Surge Copper Corp,OTC
1808997,AOUT,"American Outdoor Brands, Inc.",Nasdaq
1266806,VANI,"Vivani Medical, Inc.",Nasdaq
1131554,SNCR,SYNCHRONOSS TECHNOLOGIES INC,Nasdaq
1833769,HYPR,"Hyperfine, Inc.",Nasdaq
1462586,IGI,Western Asset Investment Grade Opportunity Trust Inc.,NYSE
1386301,RSSS,"Research Solutions, Inc.",Nasdaq
2017950,DTSQ,DT Cloud Star Acquisition Corp,Nasdaq
1325702,MX,MAGNACHIP SEMICONDUCTOR Corp,NYSE
1847986,DFLI,Dragonfly Energy Holdings Corp.,Nasdaq
1351636,SSTI,"SOUNDTHINKING, INC.",Nasdaq
1828377,FTCO,Fortitude Gold Corp,OTC
2033515,SORA,AsiaStrategy,Nasdaq
1772720,SPRU,SPRUCE POWER HOLDING CORP,NYSE
2019435,BGL,Blue Gold Ltd,Nasdaq
738214,AMTX,"AEMETIS, INC",Nasdaq
315374,HURC,HURCO COMPANIES INC,Nasdaq
1884046,SPKL,Spark I Acquisition Corp,Nasdaq
1842952,CNTX,Context Therapeutics Inc.,Nasdaq
1091596,AURX,"Nuo Therapeutics, Inc.",OTC
1602409,FNGR,"FingerMotion, Inc.",Nasdaq
1070732,EVF,Eaton Vance Senior Income Trust,NYSE
924383,GNSS,Genasys Inc.,Nasdaq
1851484,CTOR,"CITIUS ONCOLOGY, INC.",Nasdaq
2032950,HSPT,Horizon Space Acquisition II Corp.,Nasdaq
16859,SRL,Scully Royalty Ltd.,NYSE
875657,ULBI,ULTRALIFE CORP,Nasdaq
1337090,SPAUF,SPANISH MOUNTAIN GOLD LTD.,OTC
1123267,HANNF,Hannan Metals Ltd.,OTC
1850059,FSHP,Flag Ship Acquisition Corp,Nasdaq
2049717,JMG,JM Group Ltd,NYSE
1975641,ZYBT,Zhengye Biotechnology Holding Ltd,Nasdaq
1043186,SLNG,"Stabilis Solutions, Inc.",Nasdaq
1571776,CHMI,Cherry Hill Mortgage Investment Corp,NYSE
1141240,LQMT,LIQUIDMETAL TECHNOLOGIES INC,OTC
1855557,HLP,Hongli Group Inc.,Nasdaq
1036262,INTT,INTEST CORP,NYSE
1378701,GDL,GDL FUND,NYSE
2027815,BMHL,Bluemount Holdings Ltd,Nasdaq
1095981,PSTV,"PLUS THERAPEUTICS, INC.",Nasdaq
1887944,SHIM,Shimmick Corp,Nasdaq
770460,PFBX,PEOPLES FINANCIAL CORP /MS/,OTC
1941536,BAER,"Bridger Aerospace Group Holdings, Inc.",Nasdaq
355019,FONR,FONAR CORP,Nasdaq
1746967,RMI,"RiverNorth Opportunistic Municipal Income Fund, Inc.",NYSE
1879103,CFSB,"CFSB Bancorp, Inc. /MA/",
1997711,LPA,Logistic Properties of the Americas,NYSE
1884516,DTI,Drilling Tools International Corp,Nasdaq
1953021,MPU,Mega Matrix Inc,NYSE
23197,CMTL,COMTECH TELECOMMUNICATIONS CORP /DE/,Nasdaq
874396,LCUT,"LIFETIME BRANDS, INC",Nasdaq
1888654,FEAM,"5E Advanced Materials, Inc.",Nasdaq
1383395,SQNS,SEQUANS COMMUNICATIONS,NYSE
1845550,PLMJF,Plum Acquisition Corp. III,OTC
1808158,RPTX,Repare Therapeutics Inc.,Nasdaq
1609065,PBHC,"Pathfinder Bancorp, Inc.",Nasdaq
1413119,KBLB,"Kraig Biocraft Laboratories, Inc.",OTC
2011208,SPAI,Safe Pro Group Inc.,Nasdaq
1677940,BYSI,BeyondSpring Inc.,Nasdaq
896493,GPUS,"Hyperscale Data, Inc.",NYSE
1815974,ANEB,"Anebulo Pharmaceuticals, Inc.",Nasdaq
1892747,VMCAF,Valuence Merger Corp. I,OTC
1103795,QSEP,"QS Energy, Inc.",OTC
1629210,PZG,Paramount Gold Nevada Corp.,NYSE
1429260,FBIO,"Fortress Biotech, Inc.",Nasdaq
1069394,FSI,FLEXIBLE SOLUTIONS INTERNATIONAL INC,NYSE
2049248,LCCC,Lakeshore Acquisition III Corp.,Nasdaq
2085408,GPAC,General Purpose Acquisition Corp.,
1519469,AEC,ANFIELD ENERGY INC.,Nasdaq
1822359,DCGO,DocGo Inc.,Nasdaq
1769731,AMTD,AMTD IDEA GROUP,NYSE
771856,CSBR,"CHAMPIONS ONCOLOGY, INC.",Nasdaq
1834032,CSTAF,Constellation Acquisition Corp I,OTC
1895597,ICG,Intchains Group Ltd,Nasdaq
811211,UNIB,UNIVERSITY BANCORP INC /DE/,OTC
2019793,SAFX,"XCF Global, Inc.",Nasdaq
1499832,TSQ,"Townsquare Media, Inc.",NYSE
1429764,BLNK,Blink Charging Co.,Nasdaq
1814215,BURU,"Nuburu, Inc.",NYSE
1683553,SPRB,"SPRUCE BIOSCIENCES, INC.",Nasdaq
1301236,SOHO,Sotherly Hotels Inc.,Nasdaq
1643953,PRPL,"Purple Innovation, Inc.",Nasdaq
1556727,FNWB,First Northwest Bancorp,Nasdaq
1823878,MYPS,"PLAYSTUDIOS, Inc.",Nasdaq
1421642,MSCLF,Satellos Bioscience Inc.,OTC
1605888,ATLN,ATLANTIC INTERNATIONAL CORP.,Nasdaq
1705843,CBUS,"Cibus, Inc.",Nasdaq
72444,VXRT,"Vaxart, Inc.",OTC
809844,CMU,MFS HIGH YIELD MUNICIPAL TRUST,NYSE
1720250,KNDI,"Kandi Technologies Group, Inc.",Nasdaq
1125345,MGNX,MACROGENICS INC,Nasdaq
2047235,WSBK,"Winchester Bancorp, Inc./MD/",Nasdaq
1893899,WAMFF,Alaska Silver Corp.,OTC
1831096,GEG,"Great Elm Group, Inc.",Nasdaq
1928948,HTCO,High-Trend International Group,Nasdaq
1011060,NORD,Nordicus Partners Corp,OTC
798081,LAKE,LAKELAND INDUSTRIES INC,Nasdaq
1738699,WKEY,Wisekey International Holding S.A.,Nasdaq
1649989,OTLK,"Outlook Therapeutics, Inc.",Nasdaq
1472341,GDO,WESTERN ASSET GLOBAL CORPORATE OPPORTUNITY FUND INC.,NYSE
2044523,ORIQ,Origin Investment Corp I,Nasdaq
1528811,VGI,Virtus Global Multi-Sector Income Fund,NYSE
2081842,TYHT,THAI YEE HONG TECHNOLOGY HOLDINGS PTE LTD,
1490349,PFX,PhenixFIN Corp,Nasdaq
1790177,RFM,"RiverNorth Flexible Municipal Income Fund, Inc.",NYSE
1907184,ELBM,Electra Battery Materials Corp,Nasdaq
1437226,MHH,"Mastech Digital, Inc.",NYSE
1847846,EUDA,EUDA Health Holdings Ltd,Nasdaq
750574,AUBN,"AUBURN NATIONAL BANCORPORATION, INC",Nasdaq
1848437,CRTAF,Cartica Acquisition Corp,OTC
1801661,SKLZ,Skillz Inc.,NYSE
1199004,FMN,Federated Hermes Premier Municipal Income Fund,NYSE
1023109,CVVUF,CANALASKA URANIUM LTD,OTC
1801417,BYNO,byNordic Acquisition Corp,OTC
1930459,PMMCF,Pampa Metals Corp,OTC
728385,BCHT,Birchtech Corp.,OTC
1808220,GOCO,"GoHealth, Inc.",Nasdaq
1619544,JFU,9F Inc.,Nasdaq
1819258,FTZFF,Fitzroy Minerals Inc.,OTC
1679268,TUSK,"MAMMOTH ENERGY SERVICES, INC.",Nasdaq
1514743,IROQ,"IF Bancorp, Inc.",Nasdaq
885732,NXC,NUVEEN CALIFORNIA SELECT TAX FREE INCOME PORTFOLIO,NYSE
1725569,GARLF,Axcap Ventures Inc.,OTC
1826889,BODI,"Beachbody Company, Inc.",Nasdaq
1787518,NUKK,Nukkleus Inc.,Nasdaq
1036044,INVE,"Identiv, Inc.",Nasdaq
1597095,TOUR,Tuniu Corp,Nasdaq
1495231,IZEA,"IZEA Worldwide, Inc.",Nasdaq
1861657,THAR,"Tharimmune, Inc.",Nasdaq
1382101,STRO,"SUTRO BIOPHARMA, INC.",Nasdaq
2007846,JLHL,Julong Holding Ltd,Nasdaq
1576159,BDCTF,BuildDirect.com Technologies Inc.,OTC
2026767,ALIS,Calisa Acquisition Corp,Nasdaq
1799448,ALGS,"Aligos Therapeutics, Inc.",Nasdaq
1514490,RGT,"ROYCE GLOBAL TRUST, INC.",NYSE
1400438,LGO,Largo Inc.,Nasdaq
1275101,BOTJ,BANK OF THE JAMES FINANCIAL GROUP INC,Nasdaq
845611,GCV,GABELLI CONVERTIBLE & INCOME SECURITIES FUND INC,NYSE
1985139,LSE,"Leishen Energy Holding Co., Ltd.",Nasdaq
2024203,CAPN,Cayson Acquisition Corp,Nasdaq
785557,DLHC,DLH Holdings Corp.,Nasdaq
717806,FUSB,"FIRST US BANCSHARES, INC.",Nasdaq
1800392,MLGO,MicroAlgo Inc.,Nasdaq
711034,THMG,THUNDER MOUNTAIN GOLD INC,OTC
1988776,MRNO,Murano Global Investments Plc,Nasdaq
2060083,FOFO,"Hang Feng Technology Innovation Co., Ltd.",Nasdaq
1163389,NWPP,NEW PEOPLES BANKSHARES INC,OTC
916793,SILC,SILICOM LTD.,Nasdaq
1433607,NSPR,"InspireMD, Inc.",Nasdaq
849146,LFVN,Lifevantage Corp,Nasdaq
1134982,AAPI,"Apple iSports Group, Inc.",OTC
2020987,YHNA,YHN Acquisition I Ltd,Nasdaq
1509745,CYPH,CYPHERPUNK TECHNOLOGIES INC.,Nasdaq
2028201,COLA,Columbus Acquisition Corp/Cayman Islands,Nasdaq
1759186,COEP,"Coeptis Therapeutics Holdings, Inc.",Nasdaq
1828748,ASFH,ASIAFIN HOLDINGS CORP.,OTC
1509397,LOMLF,Lion One Metals Ltd.,OTC
1945711,LVRO,Lavoro Ltd,Nasdaq
1715925,HYFT,MindWalk Holdings Corp.,Nasdaq
1813452,PLNH,Planet 13 Holdings Inc.,OTC
1851961,GCTS,"GCT Semiconductor Holding, Inc.",NYSE
1742518,MTC,"MMTec, Inc.",Nasdaq
1523289,DMA,Destra Multi-Alternative Fund,NYSE
1437213,CCNB,"Coastal Carolina Bancshares, Inc.",OTC
1378140,OPTT,"Ocean Power Technologies, Inc.",NYSE
2055116,KG,Kestrel Group Ltd,Nasdaq
1853825,TZUP,THUMZUP MEDIA Corp,Nasdaq
84112,RSKIA,"GEORGE RISK INDUSTRIES, INC.",OTC
1533998,DRIO,DarioHealth Corp.,Nasdaq
1818838,ADAG,Adagene Inc.,Nasdaq
1000230,OCC,OPTICAL CABLE CORP,Nasdaq
1810182,ALXO,ALX ONCOLOGY HOLDINGS INC,Nasdaq
1991413,PSRHF,Pulsar Helium Inc.,OTC
813623,SWZ,Total Return Securities Fund,NYSE
912967,FBSI,FIRST BANCSHARES INC /MO/,OTC
1860871,TVGN,Tevogen Bio Holdings Inc.,Nasdaq
1965473,CCG,Cheche Group Inc.,Nasdaq
1851959,CNDA,Concord Acquisition Corp II,OTC
731653,UBCP,UNITED BANCORP INC /OH/,Nasdaq
1884122,VCUFD,Vizsla Copper Corp.,OTC
1781174,ACRV,"Acrivon Therapeutics, Inc.",Nasdaq
939930,PYYX,"PYXUS INTERNATIONAL, INC.",OTC
1898643,MOB,Mobilicom Ltd,Nasdaq
2027722,GRAN,Grande Group Ltd/HK,Nasdaq
1082324,VHC,VirnetX Holding Corp,Nasdaq
1117171,CBAT,"CBAK Energy Technology, Inc.",Nasdaq
879535,DTF,DTF TAX-FREE INCOME 2028 TERM FUND INC,NYSE
2010653,FVN,Future Vision II Acquisition Corp.,Nasdaq
2043630,APAC,StoneBridge Acquisition II Corp,Nasdaq
1817241,ARTV,"Artiva Biotherapeutics, Inc.",Nasdaq
1822523,AFCG,Advanced Flower Capital Inc.,Nasdaq
1547546,LFT,"Lument Finance Trust, Inc.",NYSE
1723935,STG,Sunlands Technology Group,NYSE
1779372,BEAT,"HeartBeam, Inc.",Nasdaq
1145255,HNNA,HENNESSY ADVISORS INC,Nasdaq
1133311,TZOO,TRAVELZOO,Nasdaq
1385632,IAE,Voya Asia Pacific High Dividend Equity Income Fund,NYSE
2012726,FDSB,"Fifth District Bancorp, Inc.",Nasdaq
2036973,UYSC,UY Scuti Acquisition Corp.,Nasdaq
1925511,NZAUF,Rua Gold Inc.,OTC
1852889,IVCAF,Investcorp AI Acquisition Corp.,OTC
1849380,ONMD,OneMedNet Corp,Nasdaq
1672909,CPHC,Canterbury Park Holding Corp,Nasdaq
1855457,KORE,"KORE Group Holdings, Inc.",NYSE
1506929,VRDR,"VERDE RESOURCES, INC.",OTC
1746466,EQ,"Equillium, Inc.",Nasdaq
1849296,OKYO,OKYO Pharma Ltd,Nasdaq
1703647,KRRO,"Korro Bio, Inc.",Nasdaq
1053691,CRVO,CervoMed Inc.,Nasdaq
54187,MAYS,MAYS J W INC,Nasdaq
1170311,PNI,PIMCO NEW YORK MUNICIPAL INCOME FUND II,NYSE
1891856,GENK,"GEN Restaurant Group, Inc.",Nasdaq
898171,UWHR,UWHARRIE CAPITAL CORP,OTC
1720580,ACET,"Adicet Bio, Inc.",Nasdaq
1830188,UHG,"United Homes Group, Inc.",Nasdaq
2059165,SSEA,STARRY SEA ACQUISITION CORP,Nasdaq
1713863,RFL,"Rafael Holdings, Inc.",NYSE
1804792,ARSMF,ARES STRATEGIC MINING INC.,OTC
1120370,BWEN,"BROADWIND, INC.",Nasdaq
926423,MIND,"MIND TECHNOLOGY, INC",Nasdaq
886136,SGA,SAGA COMMUNICATIONS INC,Nasdaq
1484612,OM,"Outset Medical, Inc.",Nasdaq
1930021,HOVR,New Horizon Aircraft Ltd.,Nasdaq
949961,IOR,INCOME OPPORTUNITY REALTY INVESTORS INC /TX/,NYSE
1684662,VIPRF,SILVER VIPER MINERALS CORP.,OTC
1226616,MNOV,MEDICINOVA INC,Nasdaq
1339970,ATYR,aTYR PHARMA INC,Nasdaq
1737995,STSS,Sharps Technology Inc.,Nasdaq
1393883,DHX,"DHI GROUP, INC.",NYSE
1746473,PLRX,"PLIANT THERAPEUTICS, INC.",Nasdaq
928465,DIT,AMCON DISTRIBUTING CO,NYSE
2026353,ATHR,"Aether Holdings, Inc.",Nasdaq
908187,PCM,"PCM FUND, INC.",NYSE
1785680,STEC,Santech Holdings Ltd,Nasdaq
1852016,AEAE,AltEnergy Acquisition Corp,OTC
1420520,ATOM,Atomera Inc,Nasdaq
1904501,ZTEK,Zentek Ltd.,Nasdaq
1288795,GLV,Clough Global Dividend & Income Fund,NYSE
1660334,VRCA,Verrica Pharmaceuticals Inc.,Nasdaq
6176,AP,AMPCO PITTSBURGH CORP,NYSE
2051587,BSAA,BEST SPAC I Acquisition Corp.,Nasdaq
2027360,RCT,RedCloud Holdings plc,Nasdaq
1280776,IMUX,"IMMUNIC, INC.",Nasdaq
1808665,ASRT,"Assertio Holdings, Inc.",Nasdaq
1393584,AMWL,American Well Corp,NYSE
1993727,SNT,Senstar Technologies Corp,Nasdaq
2053927,WTG,Wintergreen Acquisition Corp.,Nasdaq
1408534,FGBI,"First Guaranty Bancshares, Inc.",Nasdaq
1775898,UCL,uCloudlink Group Inc.,Nasdaq
1856084,RDGT,Ridgetech Inc.,Nasdaq
1992818,ZOOZ,ZOOZ Strategy Ltd.,Nasdaq
1789769,TIL,"Instil Bio, Inc.",Nasdaq
14177,BRID,BRIDGFORD FOODS CORP,Nasdaq
71557,NUVR,"Nuvera Communications, Inc.",OTC
1006830,CBKM,CONSUMERS BANCORP INC /OH/,OTC
1445942,TMRC,Texas Mineral Resources Corp.,OTC
1844505,QTIH,"QT IMAGING HOLDINGS, INC.",OTC
716643,RGS,REGIS CORP,Nasdaq
1626878,XBIT,XBiotech Inc.,Nasdaq
1857030,INCR,Intercure Ltd.,Nasdaq
1835579,IMA,"ImageneBio, Inc.",Nasdaq
1224133,MCHX,MARCHEX INC,Nasdaq
2046656,HCHL,Happy City Holdings Ltd,Nasdaq
1632121,BLNC,"Balance Labs, Inc.",OTC
1462418,ASPS,ALTISOURCE PORTFOLIO SOLUTIONS S.A.,Nasdaq
1607997,NMS,Nuveen Minnesota Quality Municipal Income Fund,NYSE
1171759,RRGB,RED ROBIN GOURMET BURGERS INC,Nasdaq
846671,VLT,Invesco High Income Trust II,NYSE
1074692,CEV,Eaton Vance California Municipal Income Trust,NYSE
1877333,THCH,TH International Ltd,Nasdaq
791718,EEA,"EUROPEAN EQUITY FUND, INC / MD",NYSE
13156,GLXZ,"Galaxy Gaming, Inc.",OTC
12239,DOMH,Dominari Holdings Inc.,Nasdaq
1967631,NAMI,Jinxin Technology Holding Co,Nasdaq
927719,DWNX,DELHI BANK CORP,OTC
1708688,IFRX,InflaRx N.V.,Nasdaq
875582,NTIC,NORTHERN TECHNOLOGIES INTERNATIONAL CORP,Nasdaq
1848861,HAIAF,Healthcare AI Acquisition Corp.,
1919246,PTHS,Pelthos Therapeutics Inc.,NYSE
773717,ACRG,"American Clean Resources Group, Inc.",OTC
1822791,CLNN,Clene Inc.,Nasdaq
1467093,SRCRF,Scorpio Gold Corp,OTC
1758057,LAZR,"Luminar Technologies, Inc./DE",Nasdaq
1874875,HOUR,"Hour Loop, Inc",Nasdaq
1059689,BRGC,North America Lithium & Gold Corp,OTC
714712,JUVF,JUNIATA VALLEY FINANCIAL CORP,OTC
1658678,BSEM,BIOSTEM TECHNOLOGIES,OTC
1775734,BENF,Beneficient,Nasdaq
1872302,NA,Nano Labs Ltd,Nasdaq
1868395,YIBO,Planet Image International Ltd,Nasdaq
1979332,CPBI,"Central Plains Bancshares, Inc.",Nasdaq
1404353,WPGCF,West Point Gold Corp.,OTC
1863218,SFWL,SHENGFENG DEVELOPMENT Ltd,Nasdaq
1339688,LCGMF,LION COPPER & GOLD CORP.,OTC
1487918,OFS,OFS Capital Corp,Nasdaq
1951229,RITR,Reitar Logtech Holdings Ltd,Nasdaq
1879814,TLGYF,TLGY ACQUISITION CORP,OTC
2067767,OTH,OFF THE HOOK YS INC.,NYSE
1844417,ESLA,"Estrella Immunopharma, Inc.",Nasdaq
2018145,RDAC,Rising Dragon Acquisition Corp.,Nasdaq
318833,TISI,TEAM INC,NYSE
1276531,SCGY,"SCIENTIFIC ENERGY, INC",OTC
1839530,XBP,"XBP Global Holdings, Inc.",Nasdaq
18255,CATO,CATO CORP,NYSE
1557523,PGZ,Principal Real Estate Income Fund,NYSE
1460329,FLNT,"Fluent, Inc.",Nasdaq
2035016,RIBB,Ribbon Acquisition Corp.,Nasdaq
1979887,XCH,XCHG Ltd,Nasdaq
1807887,LASE,Laser Photonics Corp,Nasdaq
1846235,IMAQ,International Media Acquisition Corp.,OTC
1696355,BEDU,Bright Scholar Education Holdings Ltd,NYSE
1360565,WFCF,"Where Food Comes From, Inc.",Nasdaq
1836934,ZENV,Zenvia Inc.,Nasdaq
1987189,SLGB,Smart Logistics Global Ltd,Nasdaq
1829280,FORA,Forian Inc.,Nasdaq
1454938,TEAD,Teads Holding Co.,Nasdaq
1859199,AIRE,reAlpha Tech Corp.,Nasdaq
2033377,MGRT,Mega Fortune Co Ltd,Nasdaq
1699382,PMVP,"PMV Pharmaceuticals, Inc.",Nasdaq
100726,UFI,UNIFI INC,NYSE
1611842,PYPD,PolyPid Ltd.,Nasdaq
1442492,LRDC,"Laredo Oil, Inc.",OTC
1825024,OPAD,Offerpad Solutions Inc.,NYSE
1644771,RSF,"RiverNorth Capital & Income Fund, Inc.",NYSE
740664,RFIL,R F INDUSTRIES LTD,Nasdaq
2029471,HMR,Heidmar Maritime Holdings Corp.,Nasdaq
69422,INTG,INTERGROUP CORP,Nasdaq
847411,CXH,MFS INVESTMENT GRADE MUNICIPAL TRUST,NYSE
34956,TENX,"TENAX THERAPEUTICS, INC.",Nasdaq
1945422,OAKU,Oak Woods Acquisition Corp,Nasdaq
1807765,PMVC,PMV Consumer Acquisition Corp.,OTC
1940177,PODC,"PodcastOne, Inc.",Nasdaq
1847064,PSQH,"PSQ Holdings, Inc.",NYSE
868822,CRCUF,Canagold Resources Ltd.,OTC
1518461,AMPG,"AmpliTech Group, Inc.",Nasdaq
1888525,UBXG,U-BX Technology Ltd.,Nasdaq
918541,NNBR,NN INC,Nasdaq
1784254,MDIA,Mediaco Holding Inc.,Nasdaq
1390352,ORRCF,OROCO RESOURCE CORP,OTC
1769697,LITM,Snow Lake Resources Ltd.,Nasdaq
813298,DXLG,"DESTINATION XL GROUP, INC.",Nasdaq
2009312,AGH,Aureus Greenway Holdings Inc,Nasdaq
1439725,BDSX,BIODESIX INC,Nasdaq
1621888,CFSU,Complete Financial Solutions Inc.,OTC
2014254,KBSX,FST Corp.,Nasdaq
2085091,RVI,Robinhood Ventures Fund I,
2026514,NAMM,Namib Minerals,Nasdaq
1795091,OSTX,OS Therapies Inc,NYSE
1024672,ELTK,ELTEK LTD,Nasdaq
1849867,CLST,"Catalyst Bancorp, Inc.",Nasdaq
1534133,CALC,"CalciMedica, Inc.",Nasdaq
1494891,SRTS,"Sensus Healthcare, Inc.",Nasdaq
1262104,LITS,"Lite Strategy, Inc.",Nasdaq
1040130,PETS,PETMED EXPRESS INC,Nasdaq
1034760,WYY,WIDEPOINT CORP,NYSE
814676,CPSH,CPS TECHNOLOGIES CORP/DE/,Nasdaq
1983550,TDTH,Trident Digital Tech Holdings Ltd,Nasdaq
1802457,ORGN,"Origin Materials, Inc.",Nasdaq
1409375,OESX,"ORION ENERGY SYSTEMS, INC.",Nasdaq
1904286,MIRA,"MIRA PHARMACEUTICALS, INC.",Nasdaq
1769768,EJH,E-Home Household Service Holdings Ltd,Nasdaq
1813241,GPGCF,Great Pacific Gold Corp.,OTC
8146,ALOT,"AstroNova, Inc.",Nasdaq
1676047,NTRB,NutriBand Inc.,Nasdaq
1785279,MGX,"Metagenomi, Inc.",Nasdaq
1881592,NSTS,"NSTS Bancorp, Inc.",Nasdaq
2029039,NSRX,Nasus Pharma Ltd,NYSE
1790538,SCTSF,Scottie Resources Corp.,OTC
1937891,AMCI,AlphaVest Acquisition Corp.,Nasdaq
27367,DXR,DAXOR CORP,Nasdaq
1846839,STKE,SOL Strategies Inc.,Nasdaq
1671284,NEUE,"NeueHealth, Inc.",
917225,XPL,SOLITARIO RESOURCES CORP.,NYSE
1156041,AGIG,"ABUNDIA GLOBAL IMPACT GROUP, INC.",NYSE
1006837,VATE,INNOVATE Corp.,NYSE
1849670,PBBK,"PB Bankshares, Inc.",Nasdaq
1847806,GNS,Genius Group Ltd,NYSE
1520048,PVL,Permianville Royalty Trust,NYSE
1796898,MAXN,"Maxeon Solar Technologies, Ltd.",Nasdaq
1869137,MHUBF,MineHub Technologies Inc.,OTC
1491419,LVO,"LiveOne, Inc.",Nasdaq
1131343,ATHE,ALTERITY THERAPEUTICS LTD,Nasdaq
2019505,HIT,"Health In Tech, Inc.",Nasdaq
1851909,CDAQF,Compass Digital Acquisition Corp.,OTC
1836295,RTGN,RetinalGenix Technologies Inc.,OTC
1917599,EDVR,Endeavor Bancorp,OTC
1958713,MI,NFT Ltd,NYSE
828146,LINK,INTERLINK ELECTRONICS INC,Nasdaq
1102993,LPSN,LIVEPERSON INC,Nasdaq
1666071,CDLX,"Cardlytics, Inc.",Nasdaq
1931055,MDNC,Medinotec Inc.,OTC
1132105,SPWH,"SPORTSMAN'S WAREHOUSE HOLDINGS, INC.",Nasdaq
2030763,WGRX,"Wellgistics Health, Inc.",Nasdaq
1788230,IPST,"Heritage Distilling Holding Company, Inc.",Nasdaq
1290900,CVGI,"Commercial Vehicle Group, Inc.",Nasdaq
1459188,CHEV,Charging Robotics Inc.,OTC
1456189,LEAT,Leatt Corp,OTC
1840229,INKT,"MiNK Therapeutics, Inc.",Nasdaq
1719406,NRXP,"NRX Pharmaceuticals, Inc.",Nasdaq
1753373,MTWO,"M2i Global, Inc.",OTC
889353,SNTL,Sentinel Holdings Ltd.,OTC
1868573,APXIF,APx Acquisition Corp. I,OTC
1943802,FSEA,"First Seacoast Bancorp, Inc.",Nasdaq
1865494,IOBT,"IO Biotech, Inc.",Nasdaq
1524025,TLYS,"TILLY'S, INC.",NYSE
1399520,STKS,"ONE Group Hospitality, Inc.",Nasdaq
72633,NRT,NORTH EUROPEAN OIL ROYALTY TRUST,NYSE
1808110,DDC,DDC Enterprise Ltd,NYSE
1498382,HURA,"TuHURA Biosciences, Inc./NV",Nasdaq
806172,SOTK,SONO TEK CORP,Nasdaq
2011053,SUUN,POWERBANK Corp,Nasdaq
1718500,AXIL,"Axil Brands, Inc.",NYSE
838131,JMM,Nuveen Multi-Market Income Fund,NYSE
2069604,PARK,"Park Dental Partners, Inc.",Nasdaq
2011954,TWNP,Twin Hospitality Group Inc.,Nasdaq
1783328,TCRX,"TScan Therapeutics, Inc.",Nasdaq
1001171,BYFC,BROADWAY FINANCIAL CORP DE,Nasdaq
1725332,ALAR,Alarum Technologies Ltd.,Nasdaq
1534708,BLNE,"Beeline Holdings, Inc.",Nasdaq
1031235,SELF,"Global Self Storage, Inc.",Nasdaq
1867834,BRAG,Bragg Gaming Group Inc.,Nasdaq
1866816,OPTX,"SYNTEC OPTICS HOLDINGS, INC.",Nasdaq
1865111,ALSAF,Alpha Star Acquisition Corp,OTC
1783432,TETOF,Tectonic Metals Inc.,OTC
811641,ICCC,IMMUCELL CORP /DE/,Nasdaq
1915380,DMYY,"dMY Squared Technology Group, Inc.",OTC
1106861,CSDX,CS DIAGNOSTICS CORP.,OTC
1080340,LOAN,"MANHATTAN BRIDGE CAPITAL, INC",Nasdaq
12040,BDL,FLANIGANS ENTERPRISES INC,NYSE
880242,BLGO,"BIOLARGO, INC.",OTC
1500375,HFBL,"Home Federal Bancorp, Inc. of Louisiana",Nasdaq
1939479,USPCY,China Strategic Technology Group Limited/ADR,OTC
1886190,GGR,Gogoro Inc.,Nasdaq
1427925,TLPH,"TALPHERA, INC.",Nasdaq
862651,INVU,"Investview, Inc.",OTC
1021917,AWCA,"Awaysis Capital, Inc.",OTC
2033383,FUSE,Fusemachines Inc.,Nasdaq
1778940,NRRSF,Norsemont Mining Inc.,OTC
1840780,LOCL,Local Bounti Corporation/DE,NYSE
1682220,SACH,Sachem Capital Corp.,NYSE
799165,DWSN,DAWSON GEOPHYSICAL CO,Nasdaq
1959726,AZI,Autozi Internet Technology (Global) Ltd.,Nasdaq
1974044,MNY,MoneyHero Ltd,Nasdaq
1600983,KSCP,"Knightscope, Inc.",Nasdaq
2079933,BEBE,TGE Value Creative Solutions Corp,
1495320,VRA,"Vera Bradley, Inc.",Nasdaq
1549145,BIOF,"BLUE BIOFUELS, INC.",OTC
1839154,NKGFF,Nevada King Gold Corp.,OTC
2000530,GMHS,Gamehaus Holdings Inc.,Nasdaq
1783407,SOGP,Sound Group Inc.,Nasdaq
1504379,CSTE,Caesarstone Ltd.,Nasdaq
2000410,EURK,Eureka Acquisition Corp,Nasdaq
1841761,GROV,"Grove Collaborative Holdings, Inc.",NYSE
1113152,BEWFF,BEWHERE HOLDINGS INC,OTC
863900,MXE,MEXICO EQUITY & INCOME FUND INC,NYSE
846913,FTEK,"FUEL TECH, INC.",Nasdaq
1881551,STI,Solidion Technology Inc.,Nasdaq
1041657,UONE,"URBAN ONE, INC.",Nasdaq
1698022,FMFG,"Farmers & Merchants Bancshares, Inc.",OTC
1934945,TBMC,Trailblazer Merger Corp I,Nasdaq
779227,STLE,STEELE BANCORP INC,OTC
1487197,BRFH,BARFRESH FOOD GROUP INC.,Nasdaq
1774675,SKIL,Skillsoft Corp.,NYSE
1196298,NEPH,NEPHROS INC,Nasdaq
1472091,PDSB,PDS Biotechnology Corp,Nasdaq
1711754,INMB,"Inmune Bio, Inc.",Nasdaq
1085243,VTSI,"VirTra, Inc",Nasdaq
943535,WHEN,"WORLD HEALTH ENERGY HOLDINGS, INC.",OTC
1866501,WBX,Wallbox N.V.,NYSE
2038378,ACCL,Acco Group Holdings Ltd,Nasdaq
1785530,HOWL,"Werewolf Therapeutics, Inc.",Nasdaq
1701599,AZASF,Arizona Gold & Silver Inc.,OTC
946936,DSWL,DESWELL INDUSTRIES INC,Nasdaq
353184,AIRT,AIR T INC,Nasdaq
722572,FKWL,FRANKLIN WIRELESS CORP,Nasdaq
1872090,YXT,YXT.COM GROUP HOLDING Ltd,Nasdaq
1230058,KANP,KAANAPALI LAND LLC,OTC
793524,REFR,RESEARCH FRONTIERS INC,Nasdaq
1649009,CHAI,"Core AI Holdings, Inc.",Nasdaq
1828253,EVAX,Evaxion A/S,Nasdaq
1141197,PED,PEDEVCO CORP,NYSE
1889450,FTII,FutureTech II Acquisition Corp.,OTC
1173313,ABVC,"ABVC BIOPHARMA, INC.",Nasdaq
1577783,SIREF,Sirios Resources Inc.,OTC
1725603,AUXXF,ALLEGIANT GOLD LTD,OTC
8177,AAME,ATLANTIC AMERICAN CORP,Nasdaq
1580110,LBCMF,Libero Copper & Gold Corp,OTC
1438461,ELRE,Yinfu Gold Corp.,OTC
1561921,TELA,"TELA Bio, Inc.",Nasdaq
1834105,IBO,IMPACT BIOMEDICAL INC.,NYSE
1933021,PLUT,Plutus Financial Group Ltd,Nasdaq
707605,ASRV,AMERISERV FINANCIAL INC /PA/,Nasdaq
1982444,BDMD,Baird Medical Investment Holdings Ltd,Nasdaq
1714562,GAME,"GameSquare Holdings, Inc.",Nasdaq
1759136,BHAT,Blue Hat Interactive Entertainment Technology,Nasdaq
2049560,TUNGF,American Tungsten Corp.,OTC
1876766,LICN,Lichen International Ltd,Nasdaq
1800315,GLTO,"Galecto, Inc.",Nasdaq
864240,SYPR,SYPRIS SOLUTIONS INC,Nasdaq
1982960,KNRX,KNOREX LTD.,NYSE
1444192,GRCE,"Grace Therapeutics, Inc.",Nasdaq
1878313,MAIA,"MAIA Biotechnology, Inc.",NYSE
2028293,RAIN,"Rain Enhancement Technologies Holdco, Inc.",Nasdaq
1339005,FEMY,FEMASYS INC,Nasdaq
1727370,SAGGF,Sterling Metals Corp.,OTC
1738177,CMBM,Cambium Networks Corp,Nasdaq
1504678,LOOP,"Loop Industries, Inc.",Nasdaq
1944552,ANL,Adlai Nortye Ltd.,Nasdaq
1877971,POM,POMDOCTOR Ltd,Nasdaq
844985,POSC,POSITRON CORP,OTC
2094107,BSPA,"Ballston Spa Bancorp, Inc.",OTC
1319183,FMY,FIRST TRUST MORTGAGE INCOME FUND,NYSE
1474903,BGSF,"BGSF, INC.",NYSE
1971532,TELO,"Telomir Pharmaceuticals, Inc.",Nasdaq
1288855,OPHC,"OptimumBank Holdings, Inc.",NYSE
1505413,VOC,VOC Energy Trust,NYSE
2001794,CIGL,Concorde International Group Ltd.,Nasdaq
1788028,JSPR,"Jasper Therapeutics, Inc.",Nasdaq
2074123,CCHH,CCH Holdings Ltd,Nasdaq
1921582,LGCXF,Lahontan Gold Corp.,OTC
725363,CVM,CEL SCI CORP,NYSE
1877557,WELNF,Integrated Wellness Acquisition Corp,OTC
1577445,ODYS,Odysight.ai Inc.,Nasdaq
881787,CRT,CROSS TIMBERS ROYALTY TRUST,NYSE
2053456,TGE,Generation Essentials Group,NYSE
1901336,ALCY,Alchemy Investments Acquisition Corp 1,Nasdaq
2014955,SDM,Smart Digital Group Ltd,Nasdaq
1833498,MDAI,"Spectral AI, Inc.",Nasdaq
1519472,SMXT,"SolarMax Technology, Inc.",Nasdaq
2095443,BREZ,Breeze Acquisition Corp. II,
2024258,POAS,Phaos Technology (Cayman) Holdings Ltd,NYSE
930245,AASP,Agassi Sports Entertainment Corp.,OTC
788611,NTRP,"NextTrip, Inc.",Nasdaq
8504,UAVS,AgEagle Aerial Systems Inc.,NYSE
1865429,OAKV,"Oak View Bankshares, Inc.",OTC
1826892,BCAB,"BioAtla, Inc.",Nasdaq
1850119,IPSC,"Century Therapeutics, Inc.",Nasdaq
1769256,XHG,XChange TEC.INC,Nasdaq
1849466,TCBS,"Texas Community Bancshares, Inc.",Nasdaq
2033770,DAIC,"CID Holdco, Inc.",Nasdaq
844856,HCMC,Healthier Choices Management Corp.,OTC
1272842,AIRG,AIRGAIN INC,Nasdaq
1668010,DBGI,"Digital Brands Group, Inc.",Nasdaq
1936255,FORL,Four Leaf Acquisition Corp,OTC
1474558,GKOR,Golkor Inc.,OTC
884269,APT,ALPHA PRO TECH LTD,NYSE
1437283,RPMT,"REGO PAYMENT ARCHITECTURES, INC.",OTC
1643154,ITHUF,"iANTHUS CAPITAL HOLDINGS, INC.",OTC
1800637,RYM,"RYTHM, Inc.",Nasdaq
1173204,CNVS,Cineverse Corp.,Nasdaq
81955,RAND,RAND CAPITAL CORP,Nasdaq
1541190,SYHBF,SKYHARBOUR RESOURCES LTD,OTC
1924482,IBG,Innovation Beverage Group Ltd,Nasdaq
933972,SCWO,374Water Inc.,Nasdaq
1388320,ATNM,"Actinium Pharmaceuticals, Inc.",NYSE
1505155,UPLD,"Upland Software, Inc.",Nasdaq
1724009,PRT,PermRock Royalty Trust,NYSE
723603,CULP,CULP INC,NYSE
1740797,AVAI,AVANT TECHNOLOGIES INC.,OTC
1963088,ATCH,"AtlasClear Holdings, Inc.",NYSE
2000775,BKHA,Black Hawk Acquisition Corp,Nasdaq
885731,NXN,NUVEEN NEW YORK SELECT TAX -FREE INCOME PORTFOLIO,NYSE
1997296,MDCX,Medicus Pharma Ltd.,Nasdaq
1579157,VNCE,VINCE HOLDING CORP.,Nasdaq
1657800,ESAUF,ESGold Corp.,OTC
1635729,EQTRF,Altamira Gold Corp.,OTC
1742341,HKIT,HiTek Global Inc.,Nasdaq
1841209,HOLO,MicroCloud Hologram Inc.,Nasdaq
849145,HGBL,Heritage Global Inc.,Nasdaq
831609,CXXIF,C21 Investments Inc.,OTC
1869467,SVRN,OceanPal Inc.,Nasdaq
1449792,PPSI,"PIONEER POWER SOLUTIONS, INC.",Nasdaq
1529113,XTIA,"XTI Aerospace, Inc.",Nasdaq
1083522,JSDA,JONES SODA CO.,OTC
1854183,COSG,Orion Bliss Corp.,
1584371,ICCM,IceCure Medical Ltd.,Nasdaq
1645666,KZR,"Kezar Life Sciences, Inc.",Nasdaq
1015739,AWRE,AWARE INC /MA/,Nasdaq
1958133,DXST,Decent Holding Inc.,Nasdaq
2009233,AGRZ,Agroz Inc.,Nasdaq
1918661,ESHA,ESH Acquisition Corp.,Nasdaq
1962481,BOF,BranchOut Food Inc.,Nasdaq
850027,GRF,"EAGLE CAPITAL GROWTH FUND, INC.",NYSE
1538495,ETST,"Earth Science Tech, Inc.",OTC
1766526,TECTP,"Tectonic Financial, Inc.",Nasdaq
2012600,RYOJ,"rYojbaba Co., Ltd.",Nasdaq
1442236,QRHC,Quest Resource Holding Corp,Nasdaq
1525306,FSTJ,First America Resources Corp,OTC
2004024,LHSW,Lianhe Sowell International Group Ltd,Nasdaq
1752828,CELU,Celularity Inc,Nasdaq
1113313,AVNI,ARVANA INC,OTC
1328792,TPCS,TECHPRECISION CORP,Nasdaq
1805651,MKTW,"MARKETWISE, INC.",Nasdaq
1757840,INDO,Indonesia Energy Corp Ltd,NYSE
1895249,CNTM,"ConnectM Technology Solutions, Inc.",OTC
1720893,BTAI,"BioXcel Therapeutics, Inc.",Nasdaq
2000230,BRIA,BrilliA Inc,NYSE
1706404,AZZTF,Aztec Minerals Corp.,OTC
1420720,IBIO,"iBio, Inc.",Nasdaq
1993431,MCRP,Micropolis Holding Co,NYSE
1784440,BHIC,"BioScience Health Innovations, Inc.",OTC
1291855,SPCB,SuperCom Ltd,Nasdaq
1043961,PRPO,"Precipio, Inc.",Nasdaq
101984,UEIC,UNIVERSAL ELECTRONICS INC,Nasdaq
1935418,FMST,Foremost Clean Energy Ltd.,Nasdaq
1522767,MRMD,MARIMED INC.,OTC
1017303,TACT,TRANSACT TECHNOLOGIES INC,Nasdaq
90168,SIF,SIFCO INDUSTRIES INC,NYSE
56701,KOSS,KOSS CORP,Nasdaq
1134765,CHUC,"Charlie's Holdings, Inc.",OTC
1045742,LIVE,LIVE VENTURES Inc,Nasdaq
1005101,MGLD,"Marygold Companies, Inc.",NYSE
1571934,TAOX,TAO Synergies Inc.,Nasdaq
829323,INUV,"Inuvo, Inc.",NYSE
1848275,TOP,TOP Financial Group Ltd,Nasdaq
1442620,RCON,"Recon Technology, Ltd",Nasdaq
1805833,SST,"System1, Inc.",NYSE
2070542,AIB,"BlockchAIn Digital Infrastructure, Inc.",
1191832,KNGRF,Kingsmen Resources Ltd.,OTC
1891944,PMEC,Primech Holdings Ltd,Nasdaq
1712178,NAAS,NaaS Technology Inc.,Nasdaq
1978528,QETA,Quetta Acquisition Corp,Nasdaq
1413855,AIFU,AIFU Inc.,Nasdaq
1733868,CNF,CNFinance Holdings Ltd.,NYSE
1637715,OKUR,"OnKure Therapeutics, Inc.",Nasdaq
2006413,DRYGF,Dryden Gold Corp.,OTC
732026,TRT,TRIO-TECH INTERNATIONAL,NYSE
1140215,REED,"REED'S, INC.",NYSE
1346830,TVRD,"Tvardi Therapeutics, Inc.",Nasdaq
716634,RDI,READING INTERNATIONAL INC,Nasdaq
1743344,PYRGF,PyroGenesis Canada Inc.,OTC
1900679,TETEF,Technology & Telecommunication Acquisition Corp,OTC
1819438,GWH,"ESS Tech, Inc.",NYSE
911147,CNTY,CENTURY CASINOS INC /CO/,Nasdaq
880406,HERZ,"Herzfeld Credit Income Fund, Inc",Nasdaq
1737339,JG,Aurora Mobile Ltd,Nasdaq
1893657,RLEA,Rubber Leaf Inc,OTC
1584693,SSGC,SafeSpace Global Corp,OTC
1175151,CTSO,Cytosorbents Corp,Nasdaq
1111741,DYNR,"DYNARESOURCE, INC.",OTC
1882781,CBLO,"C2 Blockchain, Inc.",OTC
1367993,HAFG,"Holistic Asset Finance Group Co., Ltd.",OTC
1852973,BRLS,Borealis Foods Inc.,Nasdaq
1753162,FTHM,Fathom Holdings Inc.,Nasdaq
91668,SODI,SOLITRON DEVICES INC,OTC
1665300,PHUN,"Phunware, Inc.",Nasdaq
1355848,TOON,"Kartoon Studios, Inc.",NYSE
1999860,WYHG,Wing Yip Food Holdings Group Ltd,Nasdaq
1420565,RNTX,"Rein Therapeutics, Inc.",Nasdaq
1369290,MYO,"MYOMO, INC.",NYSE
908259,OTLC,"Oncotelic Therapeutics, Inc.",OTC
1538189,SMOFF,Sonoro Gold Corp.,OTC
1698530,XCUR,"EXICURE, INC.",Nasdaq
718332,RAVE,"RAVE RESTAURANT GROUP, INC.",Nasdaq
1133062,JANL,JANEL CORP,OTC
1699709,YJGJ,YIJIA GROUP CORP.,OTC
1763950,LTRN,Lantern Pharma Inc.,Nasdaq
1114936,UMEWF,UMeWorld Inc.,OTC
1088034,USIO,"Usio, Inc.",Nasdaq
1969475,BAYA,Bayview Acquisition Corp,Nasdaq
1578348,ICMB,"Investcorp Credit Management BDC, Inc.",Nasdaq
1828972,BZFD,"BuzzFeed, Inc.",Nasdaq
1957489,ABLV,Able View Global Inc.,Nasdaq
2020228,MSGY,Masonglory Ltd,Nasdaq
2063863,ELWT,"Elauwit Connection, Inc.",Nasdaq
1729637,KARX,Karbon-X Corp.,OTC
889348,CVU,CPI AEROSTRUCTURES INC,NYSE
1087294,CPIX,CUMBERLAND PHARMACEUTICALS INC,Nasdaq
1095146,ABIT,Athena Bitcoin Global,OTC
2000756,KWM,K Wave Media Ltd.,Nasdaq
911216,PTNT,PALATIN TECHNOLOGIES INC,
863894,VERU,VERU INC.,Nasdaq
1696558,JRSH,"Jerash Holdings (US), Inc.",Nasdaq
880984,ACFN,"ACORN ENERGY, INC.",Nasdaq
1270436,COHN,Cohen & Co Inc.,NYSE
1066764,BESS,Bimergen Energy Corp,OTC
1872525,SWAG,"Stran & Company, Inc.",Nasdaq
1882464,MSSAF,Metal Sky Star Acquisition Corp,OTC
1913749,GMM,Global Mofy AI Ltd,Nasdaq
1968617,CPPMF,Coppernico Metals Inc.,OTC
1992500,LRRIF,Lion Rock Resources Inc.,OTC
1846084,JETMF,Global Crossing Airlines Group Inc.,OTC
876717,FCO,"ABRDN GLOBAL INCOME FUND, INC.",NYSE
1560258,ECOR,"electroCore, Inc.",Nasdaq
1679628,JUNS,"JUPITER NEUROSCIENCES, INC.",Nasdaq
1040161,PXLW,"PIXELWORKS, INC",Nasdaq
1837493,IINN,Inspira Technologies OXY B.H.N. Ltd,Nasdaq
1889106,ATMC,ALPHATIME ACQUISITION CORP,Nasdaq
1846715,WAVE,Eco Wave Power Global AB (publ),Nasdaq
1081745,INLX,"INTELLINETICS, INC.",NYSE
1026980,APWC,ASIA PACIFIC WIRE & CABLE CORP LTD,Nasdaq
1661059,NXTC,"NextCure, Inc.",Nasdaq
1567900,BLBX,BLACKBOXSTOCKS INC.,Nasdaq
1419951,DTST,Data Storage Corp,Nasdaq
2031009,SKBL,Skyline Builders Group Holding Ltd,Nasdaq
1509302,VTYB,Victory Bancorp Inc,OTC
1512922,PETV,"PetVivo Holdings, Inc.",OTC
1645460,CUE,"Cue Biopharma, Inc.",Nasdaq
1807389,CPOP,"Pop Culture Group Co., Ltd",Nasdaq
1838716,GNTA,Genenta Science S.p.A.,Nasdaq
1982448,BLIV,BeLive Holdings,Nasdaq
1997201,PSIG,PS International Group Ltd.,Nasdaq
1770088,WIMI,WiMi Hologram Cloud Inc.,Nasdaq
1731388,EDRY,EuroDry Ltd.,Nasdaq
1653909,BIRD,"Allbirds, Inc.",Nasdaq
1912966,RGNT,REGENTIS BIOMATERIALS LTD.,NYSE
1873454,RYET,Ruanyun Edai Technology Inc.,Nasdaq
1817161,HWAUF,Headwater Gold Inc.,OTC
1210708,STRR,"Star Equity Holdings, Inc.",Nasdaq
1657214,ILAL,International Land Alliance Inc.,OTC
912061,NHTC,NATURAL HEALTH TRENDS CORP,Nasdaq
1096296,RITE,MINERALRITE Corp,OTC
1733294,GBIO,Generation Bio Co.,Nasdaq
2037786,USREF,Tactical Resources Corp.,OTC
1831979,SDST,Stardust Power Inc.,Nasdaq
1667313,ZDGE,"Zedge, Inc.",NYSE
87050,NEON,Neonode Inc.,Nasdaq
1993400,FATN,Fatpipe Inc/UT,Nasdaq
1729653,STLNF,Stallion Uranium Corp.,OTC
1041024,RMTI,"ROCKWELL MEDICAL, INC.",Nasdaq
1953984,BCG,"Binah Capital Group, Inc.",Nasdaq
1661998,QTTB,Q32 Bio Inc.,Nasdaq
1318482,KDOZF,KIDOZ INC.,OTC
1843656,RMCO,Royalty Management Holding Corp,Nasdaq
1971115,RYDE,Ryde Group Ltd,NYSE
1786318,IBATF,INTERNATIONAL BATTERY METALS LTD.,OTC
1507957,IPWR,Ideal Power Inc.,Nasdaq
1778982,HUIZ,Huize Holding Ltd,Nasdaq
1899005,BMR,Beamr Imaging Ltd.,Nasdaq
1681348,VVPR,VivoPower International PLC,Nasdaq
1771885,QNTM,Quantum Biopharma Ltd.,Nasdaq
1883437,EPSM,Epsium Enterprise Ltd,Nasdaq
1966750,ZBAO,Zhibao Technology Inc.,Nasdaq
1840233,XLO,"Xilio Therapeutics, Inc.",Nasdaq
1780731,EPOW,"Sunrise New Energy Co., Ltd.",Nasdaq
1519457,NMREF,Namibia Critical Metals Inc.,OTC
1879726,SIDU,Sidus Space Inc.,Nasdaq
1820566,ISPO,Inspirato Inc,Nasdaq
1859035,MCAG,Mountain Crest Acquisition Corp. V,OTC
1903382,BHM,"Bluerock Homes Trust, Inc.",NYSE
1751707,UNXP,OZ VISION INC.,
1574094,RNXT,"RenovoRx, Inc.",Nasdaq
843006,ACCS,ACCESS Newswire Inc.,NYSE
1711141,LEEEF,Leef Brands Inc.,OTC
1785494,WBQNL,Woodbridge Liquidation Trust,OTC
101594,USEG,US ENERGY CORP,Nasdaq
1738827,KLXE,"KLX Energy Services Holdings, Inc.",Nasdaq
1516551,SKYE,"Skye Bioscience, Inc.",Nasdaq
1993463,YSXT,"YSX Tech Co., Ltd",Nasdaq
1434524,CLIR,ClearSign Technologies Corp,Nasdaq
1843724,LNZA,"LanzaTech Global, Inc.",Nasdaq
1297341,KFFB,Kentucky First Federal Bancorp,Nasdaq
1398805,BEEM,Beam Global,Nasdaq
1563665,HRGN,"Harvard Apparatus Regenerative Technology, Inc.",OTC
1837821,ZJYL,Jin Medical International Ltd.,Nasdaq
1039280,NTWK,NETSOL TECHNOLOGIES INC,Nasdaq
811522,QZMRF,QUARTZ MOUNTAIN RESOURCES LTD,OTC
1854270,SNTI,"Senti Biosciences, Inc.",Nasdaq
861972,SRLZF,Salazar Resources Ltd,OTC
1944885,APLM,Apollomics Inc.,Nasdaq
1275158,NDLS,NOODLES & Co,Nasdaq
811222,CDIX,Cardiff Lexington Corp,OTC
1835385,MBBC,"Marathon Bancorp, Inc. /MD/",Nasdaq
2013807,FOXX,Foxx Development Holdings Inc.,Nasdaq
1934642,MDBH,"MDB Capital Holdings, LLC",Nasdaq
1643715,LISMF,LITHIUM SOUTH DEVELOPMENT Corp,OTC
1886894,SNAL,"Snail, Inc.",Nasdaq
921299,FGEN,FIBROGEN INC,Nasdaq
2044327,CFND,C1 Fund Inc.,NYSE
1946399,LSBCF,"LakeShore Biopharma Co., Ltd.",OTC
1123494,HBIO,HARVARD BIOSCIENCE INC,Nasdaq
1708599,SER,"Serina Therapeutics, Inc.",NYSE
1422532,RKHNF,ROCKHAVEN RESOURCES LTD,OTC
2041829,CHOW,ChowChow Cloud International Holdings Ltd,NYSE
1949257,RADX,Radiopharm Theranostics Ltd,Nasdaq
1630176,HYEX,HEALTHY EXTRACTS INC.,OTC
1649739,BAFN,BayFirst Financial Corp.,Nasdaq
1792941,GNVR,Genvor Inc,OTC
1401914,DARE,"Dare Bioscience, Inc.",Nasdaq
1523836,LITB,"LightInTheBox Holding Co., Ltd.",NYSE
1855467,MOBX,"MOBIX LABS, INC",Nasdaq
1785424,KPLT,"Katapult Holdings, Inc.",Nasdaq
93314,VNRX,VOLITIONRX LTD,NYSE
1491434,SEOVF,SERNOVA CORP.,OTC
1965143,NVNI,Nvni Group Ltd,Nasdaq
1158172,SCOR,"COMSCORE, INC.",Nasdaq
1500198,NMTC,NEUROONE MEDICAL TECHNOLOGIES Corp,Nasdaq
1213809,DYAI,DYADIC INTERNATIONAL INC,Nasdaq
1038277,INIS,INTERNATIONAL ISOTOPES INC,OTC
61004,LGL,LGL GROUP INC,NYSE
1449349,RDGL,VIVOS INC,OTC
1083743,FLUX,"Flux Power Holdings, Inc.",Nasdaq
1880438,ANTX,"AN2 Therapeutics, Inc.",Nasdaq
1840317,VEEA,VEEA INC.,Nasdaq
1009922,NSFDF,NXT Energy Solutions Inc.,OTC
862692,CCEL,CRYO CELL INTERNATIONAL INC,NYSE
1758124,CNTMF,Fluent Corp.,OTC
34563,FARM,FARMER BROTHERS CO,Nasdaq
1000045,OMCC,OLD MARKET CAPITAL Corp,Nasdaq
1831523,SFCO,Southern Financial Corp,OTC
1821468,YQ,17 Education & Technology Group Inc.,Nasdaq
1999297,DSY,Big Tree Cloud Holdings Ltd,Nasdaq
1995075,MGN,Megan Holdings Ltd.,Nasdaq
1110607,KLNG,"Koil Energy Solutions, Inc.",OTC
1326205,IGC,"IGC Pharma, Inc.",NYSE
867840,POCI,"PRECISION OPTICS CORPORATION, INC.",Nasdaq
1342916,HNOI,"HNO International, Inc.",OTC
1990251,WCT,Wellchange Holdings Co Ltd,Nasdaq
754811,GROW,U S GLOBAL INVESTORS INC,Nasdaq
1879001,VRSSF,Verses AI Inc.,OTC
1972529,BTOC,Armlogi Holding Corp.,Nasdaq
1839140,RVRC,Revium Rx.,OTC
1432588,BHSIF,BAYHORSE SILVER INC.,OTC
1954269,GSIW,Garden Stage Ltd,Nasdaq
914139,PRKR,PARKERVISION INC,OTC
1687451,ZKIN,"ZK International Group Co., Ltd.",Nasdaq
1566073,PGZFF,Pan Global Resources Inc.,OTC
1738906,YI,"111, Inc.",Nasdaq
833021,CIF,MFS INTERMEDIATE HIGH INCOME FUND,NYSE
1392694,SURG,"SurgePays, Inc.",Nasdaq
1787297,PASG,"Passage BIO, Inc.",Nasdaq
1065078,NTIP,"NETWORK-1 TECHNOLOGIES, INC.",NYSE
1419336,APAAF,Appia Rare Earths & Uranium Corp.,OTC
1739410,RLYB,Rallybio Corp,Nasdaq
1760233,GIFT,"GIFTIFY, INC.",Nasdaq
1640043,PXS,Pyxis Tankers Inc.,Nasdaq
774415,KRFG,"King Resources, Inc.",OTC
1861063,AQUC,Aquaron Acquisition Corp.,
1903392,CLRCF,ClimateRock,OTC
1726159,USGDF,AMERICAN PACIFIC MINING CORP,OTC
1562530,WTHVF,Westhaven Gold Corp.,OTC
1499780,GLBS,GLOBUS MARITIME LTD,Nasdaq
1998056,PC,Premium Catering (Holdings) Ltd,Nasdaq
1709819,FEDU,Four Seasons Education (Cayman) Inc.,NYSE
1356093,CREX,"CREATIVE REALITIES, INC.",Nasdaq
855683,MLSS,MILESTONE SCIENTIFIC INC.,NYSE
839087,VASO,VASO Corp,OTC
1877778,TTIPF,"Thiogenesis Therapeutics, Corp.",OTC
1866226,WTMA,Welsbach Technology Metals Acquisition Corp.,OTC
1567663,ATCMF,ATICO MINING Corp,OTC
1937441,AMBI,Ambipar Emergency Response,
1297937,PRKA,"PARKS AMERICA, INC",OTC
2011458,ZGM,Zenta Group Co Ltd,Nasdaq
1918151,RGCCF,Relevant Gold Corp.,OTC
1348362,LEXX,Lexaria Bioscience Corp.,Nasdaq
1708527,ELUT,ELUTIA INC.,Nasdaq
351998,DAIO,DATA I/O CORP,Nasdaq
1862150,CING,Cingulate Inc.,Nasdaq
1784970,NXTT,Next Technology Holding Inc.,Nasdaq
1410738,VPLM,Voip-pal.com Inc,OTC
1991332,MKDW,MKDWELL Tech Inc.,Nasdaq
1489300,ZLME,Zhanling International Ltd,OTC
1420529,AACG,ATA Creativity Global,Nasdaq
1967822,CGTL,Creative Global Technology Holdings Ltd,Nasdaq
1874097,CYN,Cyngn Inc.,Nasdaq
1370416,WPRT,WESTPORT FUEL SYSTEMS INC.,Nasdaq
736012,INTZ,INTRUSION INC,Nasdaq
1907223,KLTO,"Klotho Neurosciences, Inc.",Nasdaq
2021688,UFG,Uni-Fuels Holdings Ltd,Nasdaq
1232582,AHT,ASHFORD HOSPITALITY TRUST INC,NYSE
1621906,WSTRF,Western Uranium & Vanadium Corp.,OTC
1368845,TKRFD,TINKA RESOURCES Ltd,OTC
1071840,WNDW,"SolarWindow Technologies, Inc.",OTC
1462223,NIXX,"Nixxy, Inc.",Nasdaq
1933567,NRXS,"Neuraxis, INC",NYSE
1158780,PLUR,Pluri Inc.,Nasdaq
1481241,PSHG,Performance Shipping Inc.,Nasdaq
1844971,GREE,Greenidge Generation Holdings Inc.,Nasdaq
2027160,VNTG,Vantage Corp (Singapore),NYSE
1828185,BRNS,Barinthus Biotherapeutics plc.,Nasdaq
1853044,AERT,"Aeries Technology, Inc.",Nasdaq
1682639,HYPD,"HYPERION DEFI, INC.",Nasdaq
1820025,RDGMF,Ridgeline Minerals Corp,OTC
25895,CRWS,CROWN CRAFTS INC,Nasdaq
1590418,FCUV,FOCUS UNIVERSAL INC.,Nasdaq
1567264,INTS,"INTENSITY THERAPEUTICS, INC.",Nasdaq
83350,RSRV,RESERVE PETROLEUM CO,OTC
1602842,MOGO,Mogo Inc.,Nasdaq
1686000,JGLDF,Japan Gold Corp.,OTC
101295,UG,UNITED GUARDIAN INC,Nasdaq
1017655,PAYD,PAID INC,OTC
1823466,NOTE,"FiscalNote Holdings, Inc.",NYSE
1415397,RAPH,Raphael Pharmaceutical Inc.,OTC
719733,KTCC,KEY TRONIC CORP,Nasdaq
1530746,KAYS,"Kaya Holdings, Inc.",OTC
1869601,EMCGF,Embrace Change Acquisition Corp.,OTC
1391933,QNTO,"QUAINT OAK BANCORP, INC.",OTC
1089815,EHSI,Elite Health Systems Inc.,OTC
1295514,MDWK,"MDWerks, Inc.",OTC
1378950,PRTS,"CarParts.com, Inc.",Nasdaq
1056285,TBHC,"BRAND HOUSE COLLECTIVE, INC.",Nasdaq
1598646,NERV,"Minerva Neurosciences, Inc.",Nasdaq
1178253,SCYX,SCYNEXIS INC,Nasdaq
1724542,CLPS,CLPS Inc,Nasdaq
1548958,BBBXF,Brixton Metals Corp,OTC
2049187,KMRK,K-TECH SOLUTIONS CO LTD,Nasdaq
1544770,BONXF,BONTERRA RESOURCES INC.,OTC
2032755,PFAI,Pinnacle Food Group Ltd,Nasdaq
315545,PVCT,"PROVECTUS BIOPHARMACEUTICALS, INC.",OTC
1995116,RECT,Rectitude Holdings Ltd.,Nasdaq
1722731,FDCT,"FDCTECH, INC.",OTC
1776738,CBSTF,Cannabist Co Holdings Inc.,OTC
1817740,AUST,Austin Gold Corp.,NYSE
315958,CRMZ,CREDITRISKMONITOR COM INC,OTC
899782,NOM,NUVEEN MISSOURI QUALITY MUNICIPAL INCOME FUND,NYSE
1106213,SFRX,SEAFARER EXPLORATION CORP,OTC
1084267,MOBQ,"Mobiquity Technologies, Inc.",OTC
1005516,BOSC,BOS BETTER ONLINE SOLUTIONS LTD,Nasdaq
1875091,NRSN,NeuroSense Therapeutics Ltd.,Nasdaq
1894525,APUS,"Apimeds Pharmaceuticals US, Inc.",NYSE
1819493,XOS,"Xos, Inc.",Nasdaq
1296484,TOPS,TOP SHIPS INC.,NYSE
720154,NOTV,"Inotiv, Inc.",Nasdaq
1074871,MODD,"Modular Medical, Inc.",Nasdaq
1427570,HIND,"Vyome Holdings, Inc",Nasdaq
797465,STLY,"HG Holdings, Inc.",OTC
1782303,BOLD,"Boundless Bio, Inc.",Nasdaq
1832487,GUER,"Guerrilla RF, Inc.",OTC
1437517,CLOQ,"CYBERLOQ TECHNOLOGIES, INC.",OTC
1863990,MSAI,"MultiSensor AI Holdings, Inc.",Nasdaq
900391,NTZ,NATUZZI S P A,NYSE
1381074,RTCJF,Baijiayun Group Ltd,OTC
1948697,SPPL,SIMPPLE LTD.,Nasdaq
1890361,ASPC,ASPAC III Acquisition Corp.,Nasdaq
1944902,OMH,Ohmyhome Ltd,Nasdaq
1990950,SELX,Semilux International Ltd.,Nasdaq
2029138,SAGT,SAGTEC GLOBAL Ltd,Nasdaq
925779,HIRU,HIRU Corp,OTC
1387473,TIGCF,Triumph Gold Corp.,OTC
1683408,CNOBF,Rocky Shore Gold Ltd.,OTC
1708441,MYND,"Mynd.ai, Inc.",NYSE
58361,LEE,"LEE ENTERPRISES, Inc",Nasdaq
1335105,LIXT,"LIXTE BIOTECHNOLOGY HOLDINGS, INC.",Nasdaq
1841330,KTTA,Pasithea Therapeutics Corp.,Nasdaq
1858007,GDST,Goldenstone Acquisition Ltd.,OTC
1862463,AMOD,"ALPHA MODUS HOLDINGS, INC.",Nasdaq
1527728,LNAI,Lunai Bioworks Inc.,Nasdaq
1842138,WRPT,ULIXE CORP.,
1743340,TC,Token Cat Ltd,Nasdaq
1742195,ROMJF,Rubicon Organics Inc.,OTC
1787803,WNW,Meiwu Technology Co Ltd,Nasdaq
946563,RVP,RETRACTABLE TECHNOLOGIES INC,NYSE
1807689,FCCI,"FAST CASUAL CONCEPTS, INC.",OTC
1527613,IMG,CIMG Inc.,Nasdaq
1119083,MNDO,MIND CTI LTD,Nasdaq
1382574,SCNX,"Scienture Holdings, Inc.",Nasdaq
2040290,LGPS,LOGPROSTYLE INC.,NYSE
1753673,SJ,Scienjoy Holding Corp,Nasdaq
1517496,SLAI,SOLAI Ltd,NYSE
779544,ARKR,ARK RESTAURANTS CORP,Nasdaq
1509646,FENG,Phoenix New Media Ltd,NYSE
50292,IEHC,IEH Corp,OTC
721693,CREG,Smart Powerr Corp.,Nasdaq
1967656,PFSB,"PFS Bancorp, Inc.",OTC
878932,EQS,"EQUUS TOTAL RETURN, INC.",NYSE
793306,BDCO,BLUE DOLPHIN ENERGY CO,OTC
1385818,AYTU,"AYTU BIOPHARMA, INC",Nasdaq
1355839,IPM,INTELLIGENT PROTECTION MANAGEMENT CORP.,Nasdaq
1803977,LIMX,Limitless X Holdings Inc.,OTC
45919,HHS,HARTE HANKS INC,Nasdaq
1916241,PRZO,ParaZero Technologies Ltd.,Nasdaq
1958777,FBLG,"FibroBiologics, Inc.",Nasdaq
1288268,IMTCF,Intrepid Metals Corp.,OTC
1807616,HIGR,Hi-Great Group Holding Co,OTC
1539850,STCB,"Starco Brands, Inc.",OTC
1580490,IONI,I-ON Digital Corp.,OTC
1425061,ZCRMF,ZINCORE METALS INC,OTC
1677897,UPYY,UPAY,OTC
1085921,MMTIF,MICROMEM TECHNOLOGIES INC,OTC
1866838,IGTA,Inception Growth Acquisition Ltd,OTC
1631487,CLGN,CollPlant Biotechnologies Ltd,Nasdaq
1352952,CNFN,CFN Enterprises Inc.,OTC
1971387,LIMN,"Liminatus Pharma, Inc.",Nasdaq
766792,CVV,CVD EQUIPMENT CORP,Nasdaq
1840877,COCH,"Envoy Medical, Inc.",Nasdaq
830616,SCIA,"SCI Engineered Materials, Inc.",OTC
1937993,CVKD,"Cadrenal Therapeutics, Inc.",Nasdaq
1519061,TSE,Trinseo PLC,NYSE
1875609,SWVL,Swvl Holdings Corp,Nasdaq
1894693,SVRE,SaverOne 2014 Ltd.,Nasdaq
1379006,NNVC,"NANOVIRICIDES, INC.",NYSE
1415744,NMEX,NORTHERN MINERALS & EXPLORATION LTD.,OTC
846475,ZYXI,ZYNEX INC,Nasdaq
1969401,LGCB,Linkage Global Inc,Nasdaq
1799290,EBON,Ebang International Holdings Inc.,Nasdaq
1650696,LSF,"Laird Superfood, Inc.",NYSE
1781446,GAUZ,Gauzy Ltd.,Nasdaq
1759546,NRDE,NU RIDE INC.,OTC
1821806,LESL,"Leslie's, Inc.",Nasdaq
1843588,REE,REE Automotive Ltd.,Nasdaq
1743971,MOGU,MOGU Inc.,NYSE
1191070,NEUP,Neuphoria Therapeutics Inc.,Nasdaq
1570843,GEBRF,Greenbriar Sustainable Living Inc.,OTC
1937453,NIOMF,First American Uranium Inc.,OTC
1948436,JL,J-Long Group Ltd,Nasdaq
2001288,PN,Skycorp Solar Group Ltd,Nasdaq
1959994,COOT,Australian Oilseeds Holdings Ltd,Nasdaq
1066923,FTFT,Future FinTech Group Inc.,Nasdaq
1735556,BTOG,BIT ORIGIN Ltd,Nasdaq
1720161,CTRM,Castor Maritime Inc.,Nasdaq
924515,GTHP,GUIDED THERAPEUTICS INC,OTC
803578,AIFF,"FIREFLY NEUROSCIENCE, INC.",Nasdaq
1275477,BMNM,"BIMINI CAPITAL MANAGEMENT, INC.",OTC
1659323,ITRM,Iterum Therapeutics plc,Nasdaq
1709628,CSAI,"CLOUDASTRUCTURE, INC.",Nasdaq
1854445,VRAR,"Glimpse Group, Inc.",Nasdaq
1638287,MTVA,MetaVia Inc.,Nasdaq
909724,TLF,TANDY LEATHER FACTORY INC,Nasdaq
1424864,RYES,Rise Gold Corp.,OTC
1133116,ACPS,"AC Partners, Inc.",OTC
1595527,NYC,American Strategic Investment Co.,NYSE
2034400,BTTC,Black Titan Corp,Nasdaq
1777319,CISO,"CISO Global, Inc.",Nasdaq
1117057,PLAG,Planet Green Holdings Corp.,NYSE
66418,MXC,MEXCO ENERGY CORP,NYSE
1096275,WKSP,Worksport Ltd,Nasdaq
1743905,RVSN,Rail Vision Ltd.,Nasdaq
1760903,BNKK,"BONK, INC.",Nasdaq
1826660,WETH,Wetouch Technology Inc.,Nasdaq
1300317,ECRO,ECC Capital CORP,OTC
2013320,ELOG,Eastern International Ltd.,Nasdaq
1674440,YYAI,AIRWA INC.,Nasdaq
2030522,MWYN,"Marwynn Holdings, Inc.",Nasdaq
1506251,CTXR,"Citius Pharmaceuticals, Inc.",Nasdaq
2006986,ADGM,"Adagio Medical Holdings, Inc.",Nasdaq
1311673,YTFD,"Yale Transaction Finders, Inc.",OTC
867038,SPND,SPINDLETOP OIL & GAS CO,OTC
1718939,IDAI,T Stamp Inc,Nasdaq
1750155,CWBHF,"Charlotte's Web Holdings, Inc.",OTC
1417926,IVF,"INVO Fertility, Inc.",Nasdaq
1179821,BGI,BIRKS GROUP INC.,NYSE
888721,TRIB,TRINITY BIOTECH PLC,Nasdaq
1678105,CAHO,Caro Holdings Inc.,OTC
722313,NSYS,NORTECH SYSTEMS INC,Nasdaq
1004989,SGRP,"SPAR Group, Inc.",Nasdaq
1964979,ALUR,"ALLURION TECHNOLOGIES, INC.",NYSE
1061612,JPOTF,Jackpot Digital Inc.,OTC
1692415,CODX,"Co-Diagnostics, Inc.",Nasdaq
1589061,GYRO,"Gyrodyne, LLC",Nasdaq
1562733,SNYR,Synergy CHC Corp.,Nasdaq
1970743,RMXI,"RMX INDUSTRIES, INC.",OTC
2032779,EHLD,Euroholdings Ltd.,Nasdaq
40570,JOB,GEE Group Inc.,NYSE
1781162,MNTS,Momentus Inc.,Nasdaq
872699,KDKGF,KLONDIKE GOLD CORP /FI,OTC
1672571,AAQL,Antiaging Quantum Living Inc.,OTC
25743,TXMD,"TherapeuticsMD, Inc.",Nasdaq
1007019,JVA,COFFEE HOLDING CO INC,Nasdaq
1909770,KHOB,KHEOBA CORP.,OTC
1376793,CVAT,"Cavitation Technologies, Inc.",OTC
1546853,SKKY,"Skkynet Cloud Systems, Inc.",OTC
1568183,AUIAF,AURANIA RESOURCES LTD.,OTC
1941158,WETO,Webus International Ltd.,Nasdaq
1502557,KPEA,Kun Peng International Ltd.,OTC
1943444,TRSG,Tungray Technologies Inc,Nasdaq
1723047,VAUCF,Viva Gold Corp.,OTC
1321834,QCLS,"Q/C TECHNOLOGIES, INC.",Nasdaq
1261002,GNOLF,GENOIL INC,OTC
1948099,MTEN,Mingteng International Corp Inc.,Nasdaq
1956166,MSW,Ming Shing Group Holdings Ltd,Nasdaq
1524769,CHKR,CHESAPEAKE GRANITE WASH TRUST,OTC
1282224,DLPN,"Dolphin Entertainment, Inc.",Nasdaq
1994624,STAI,ScanTech AI Systems Inc.,Nasdaq
1090396,TBTC,TABLE TRAC INC,OTC
787253,NAII,NATURAL ALTERNATIVES INTERNATIONAL INC,Nasdaq
1919191,ITHR,"Intelithrive, Inc.",OTC
352955,CKX,"CKX LANDS, INC.",NYSE
1472072,CCM,Concord Medical Services Holdings Ltd,NYSE
2030834,ONEG,OneConstruction Group Ltd,Nasdaq
1621832,AQMS,"Aqua Metals, Inc.",Nasdaq
1374339,PMN,ProMIS Neurosciences Inc.,Nasdaq
2027262,FTRK,Fast Track Group,Nasdaq
1873093,GDTC,CytoMed Therapeutics Ltd,Nasdaq
1948294,NWGL,Nature Wood Group Ltd,Nasdaq
2004489,BMGL,Basel Medical Group Ltd,Nasdaq
1015647,AAUAF,ALMADEN MINERALS LTD,OTC
1477960,CCTC,Catalyst Crew Technologies Corp.,OTC
1094038,MRKR,"Marker Therapeutics, Inc.",Nasdaq
1645155,WBSR,Webstar Technology Group Inc.,OTC
1983324,RMSG,Real Messenger Corp,Nasdaq
1030471,UTSI,UTSTARCOM HOLDINGS CORP.,Nasdaq
1403708,EVOK,Evoke Pharma Inc,Nasdaq
1847075,SAIH,SAIHEAT Ltd,Nasdaq
1790607,EMGDF,Eminent Gold Corp.,OTC
1671584,APVO,Aptevo Therapeutics Inc.,Nasdaq
1844392,MRAI,"Marpai, Inc.",OTC
1967478,CAPT,Captivision Inc.,Nasdaq
1508786,SLTN,"SILVERTON ENERGY, INC.",OTC
1282648,BATL,BATTALION OIL CORP,NYSE
1419793,OCLN,"ORIGINCLEAR, INC.",OTC
1130598,TRAW,"Traws Pharma, Inc.",Nasdaq
1866460,MILIF,Military Metals Corp.,OTC
1716166,VVOS,"Vivos Therapeutics, Inc.",Nasdaq
1960847,TOPP,Toppoint Holdings Inc.,NYSE
919567,RCG,"RENN Fund, Inc.",NYSE
20639,ABCP,AmBase Corp,OTC
1916416,INTJ,Intelligent Group Ltd,Nasdaq
1785566,ZCMD,Zhongchao Inc.,Nasdaq
1735041,GTEC,Greenland Technologies Holding Corp.,Nasdaq
1310488,BFNH,"BIOFORCE NANOSCIENCES HOLDINGS, INC.",OTC
1713923,AIJTY,Jianpu Technology Inc.,OTC
1816815,BON,Bon Natural Life Ltd,Nasdaq
1070789,HYOR,HyOrc Corp,OTC
1888980,LRE,"LEAD REAL ESTATE CO., LTD",Nasdaq
2072421,SNNF,"Seneca Bancorp, Inc.",OTC
1605481,NGLD,Nevada Canyon Gold Corp.,OTC
1552670,TAOP,Taoping Inc.,Nasdaq
1804469,GFAI,"Guardforce AI Co., Ltd.",Nasdaq
1610820,BCTX,BriaCell Therapeutics Corp.,Nasdaq
1192323,SPST,Superstar Platforms Inc.,OTC
1711786,HOTH,"Hoth Therapeutics, Inc.",Nasdaq
1420924,ADTI,"Adapti, Inc.",OTC
1487718,BLTH,"AMERICAN BATTERY MATERIALS, INC.",OTC
312257,IVFH,INNOVATIVE FOOD HOLDINGS INC,OTC
747540,SPRS,SURGE COMPONENTS INC,OTC
1860657,ALLR,"Allarity Therapeutics, Inc.",Nasdaq
1726906,KCCFF,Kutcho Copper Corp.,OTC
1791725,HUDI,"Huadi International Group Co., Ltd.",Nasdaq
1978811,GOVB,"Gouverneur Bancorp, Inc./MD/",OTC
1958399,HCAI,"Huachen AI Parking Management Technology Holding Co., Ltd",Nasdaq
1746119,VGES,Vanguard Green Investment Ltd,OTC
1892316,LDDD,Longduoduo Co Ltd,OTC
1875493,CSLMF,CSLM ACQUISITION CORP.,
1771995,APHP,American Picture House Corp,OTC
1756180,NCRA,"NOCERA, INC.",Nasdaq
1996210,BLMH,"BLUM HOLDINGS, INC.",OTC
1849221,PMNT,Perfect Moment Ltd.,NYSE
320017,LSTA,"LISATA THERAPEUTICS, INC.",Nasdaq
1720553,PHNMF,Phenom Resources Corp.,OTC
1467761,FIEE,"FiEE, Inc.",Nasdaq
1782941,TIRX,TIAN RUIXIANG HOLDINGS LTD,Nasdaq
1812173,RBOT,Vicarious Surgical Inc.,NYSE
1868419,CYCU,"Cycurion, Inc.",Nasdaq
1307579,LIQT,LIQTECH INTERNATIONAL INC,Nasdaq
1377149,CRVW,CareView Communications Inc,OTC
1535955,LPCN,Lipocine Inc.,Nasdaq
1169034,BHV,BLACKROCK VIRGINIA MUNICIPAL BOND TRUST,NYSE
1105101,GIGM,GIGAMEDIA Ltd,Nasdaq
1498148,AITX,Artificial Intelligence Technology Solutions Inc.,OTC
1842556,EONR,EON Resources Inc.,NYSE
1944399,ELWS,"Earlyworks Co., Ltd.",Nasdaq
2024876,EDHL,Everbright Digital Holding Ltd.,Nasdaq
1964314,JBDI,JBDI Holdings Ltd,Nasdaq
1912847,USEA,United Maritime Corp,Nasdaq
1058307,NXPL,NextPlat Corp,Nasdaq
1819704,MRM,Medirom Healthcare Technologies Inc.,Nasdaq
1527352,NXL,"Nexalin Technology, Inc.",Nasdaq
1871983,ANGH,Anghami Inc,Nasdaq
2020737,CABR,"Caring Brands, Inc.",Nasdaq
1638911,DUKR,DUKE Robotics Corp.,OTC
1527702,IQST,iQSTEL Inc,Nasdaq
1697532,APLT,"Applied Therapeutics, Inc.",Nasdaq
1839285,HCTI,"Healthcare Triangle, Inc.",Nasdaq
797542,VBIX,Viewbix Inc.,Nasdaq
1534154,AUID,authID Inc.,Nasdaq
1409036,TARSF,Silver North Resources Ltd.,OTC
1597846,GRNQ,Greenpro Capital Corp.,Nasdaq
1574235,PULM,"Pulmatrix, Inc.",Nasdaq
1864531,VSEE,"VSEE HEALTH, INC.",Nasdaq
1903995,MGIH,Millennium Group International Holdings Ltd,Nasdaq
1928345,CSRIF,LEVEL 14 VENTURES LTD.,OTC
812796,SNGX,"SOLIGENIX, INC.",Nasdaq
1716338,PT,Pintec Technology Holdings Ltd,Nasdaq
1796514,BTCT,BTC Digital Ltd.,Nasdaq
888981,NNUP,NOCOPI TECHNOLOGIES INC/MD/,OTC
1103833,CRWE,"Crown Equity Holdings, Inc.",OTC
1056358,MTEX,MANNATECH INC,Nasdaq
1945138,ZEFIF,Zefiro Methane Corp.,OTC
1840425,OSRH,"OSR Holdings, Inc.",Nasdaq
1558924,PKKFF,Tenet Fintech Group Inc.,OTC
1650287,QYOUF,QYOU Media Inc.,OTC
1893219,ABP,"Abpro Holdings, Inc.",Nasdaq
1572386,GWTI,"GREENWAY TECHNOLOGIES, INC. & SUBSIDIARIES",OTC
1006045,IRIX,IRIDEX CORP,Nasdaq
1603993,NISN,"Nisun International Enterprise Development Group Co., Ltd",Nasdaq
1981519,MMA,MIXED MARTIAL ARTS GROUP LTD,NYSE
1967306,MSBB,"Mercer Bancorp, Inc.",OTC
314227,TOMZ,"TOMI Environmental Solutions, Inc.",Nasdaq
1879293,MMCP,"Mag Mile Capital, Inc.",OTC
1437750,TRXA,T-REX Acquisition Corp.,OTC
948708,SMSI,"SMITH MICRO SOFTWARE, INC.",Nasdaq
1755101,ALDS,APPlife Digital Solutions Inc,OTC
2009714,TMDE,TMD Energy Ltd,NYSE
1879848,PEVM,PHOENIX MOTOR INC.,OTC
1411690,BNGO,"Bionano Genomics, Inc.",Nasdaq
1438943,RNGE,"RANGE IMPACT, INC.",OTC
1304409,AHNRF,ATHENA GOLD CORP,OTC
351789,ELSE,ELECTRO SENSORS INC,Nasdaq
1962011,KAPA,"Kairos Pharma, LTD.",NYSE
744452,BNBX,BNB PLUS CORP.,Nasdaq
1447380,MFON,MOBIVITY HOLDINGS CORP.,OTC
1470683,AEHL,Antelope Enterprise Holdings Ltd,Nasdaq
925741,BCDA,"BioCardia, Inc.",Nasdaq
1279704,CLRB,"Cellectar Biosciences, Inc.",Nasdaq
1070050,APCX,AppTech Payments Corp.,OTC
1493130,MAPPF,PROSTAR HOLDINGS INC. /BC,OTC
1947210,ROLR,"High Roller Technologies, Inc.",NYSE
1544227,TPST,"Tempest Therapeutics, Inc.",Nasdaq
1122020,PCSV,"PCS Edventures!, Inc.",OTC
1954594,HAO,Haoxi Health Technology Ltd,Nasdaq
1533743,PCSA,"Processa Pharmaceuticals, Inc.",Nasdaq
1474167,COSM,Cosmos Health Inc.,Nasdaq
1620463,ATHA,"Athira Pharma, Inc.",Nasdaq
1108205,CRIS,CURIS INC,Nasdaq
1544883,WLFFF,Wolfden Resources Corp,OTC
1371782,MVO,MV Oil Trust,NYSE
1532286,NINE,"Nine Energy Service, Inc.",NYSE
1603793,NRIS,"Norris Industries, Inc.",OTC
1654595,MDRR,"Medalist Diversified REIT, Inc.",Nasdaq
1415332,LTUM,Lithium Corp,OTC
1927578,NTCL,NetClass Technology Inc,Nasdaq
1836503,BFGFF,GIANT MINING CORP.,OTC
1333822,LEDS,SemiLEDs Corp,Nasdaq
1498403,BLRX,BioLineRx Ltd.,Nasdaq
1591956,ANY,Sphere 3D Corp.,Nasdaq
1688126,CRCW,Crypto Co,OTC
1088413,GLGI,"GREYSTONE LOGISTICS, INC.",OTC
1448705,BASA,"BASANITE, INC.",OTC
1743745,GNLN,"Greenlane Holdings, Inc.",Nasdaq
1637147,ZSPC,"zSpace, Inc.",Nasdaq
838875,WVVI,WILLAMETTE VALLEY VINEYARDS INC,Nasdaq
1985337,YYGH,YY Group Holding Ltd.,Nasdaq
1666782,IRVRF,Irving Resources Inc.,OTC
1988634,POWMF,Power Metal Resources PLC,OTC
2025218,DLXY,Delixy Holdings Ltd,Nasdaq
1412486,COCP,"Cocrystal Pharma, Inc.",Nasdaq
1903595,TBH,"Brag House Holdings, Inc.",Nasdaq
926617,AWHL,Aspira Women's Health Inc.,OTC
1780201,LVLU,"Lulu's Fashion Lounge Holdings, Inc.",Nasdaq
1096938,UEEC,"United Health Products, Inc.",OTC
862022,HGTXU,HUGOTON ROYALTY TRUST,OTC
1875016,YMAT,"J-Star Holding Co., Ltd.",Nasdaq
1735514,OHCFF,Light AI Inc.,OTC
1782309,EDTK,Skillful Craftsman Education Technology Ltd,Nasdaq
1870600,SBDS,"Solo Brands, Inc.",NYSE
1708341,AGAE,Allied Gaming & Entertainment Inc.,Nasdaq
1425287,WKHS,Workhorse Group Inc.,Nasdaq
1009891,AIRI,AIR INDUSTRIES GROUP,NYSE
1897245,HWH,HWH International Inc.,Nasdaq
1828098,STKH,Steakholder Foods Ltd.,Nasdaq
825324,GTIM,Good Times Restaurants Inc.,Nasdaq
1406944,TRBMF,TORQ RESOURCES INC.,OTC
1541157,AKTX,Akari Therapeutics Plc,Nasdaq
1269026,SINT,"Sintx Technologies, Inc.",Nasdaq
1593184,BRGX,"BIOREGENX, INC.",OTC
1677084,GPMTF,GPM Metals Inc.,OTC
1534248,CMMB,Chemomab Therapeutics Ltd.,Nasdaq
19871,CVR,CHICAGO RIVET & MACHINE CO,NYSE
1537317,IEGCF,Independence Gold Corp.,OTC
1178526,VERTF,Vertiqal Studios Corp.,OTC
1926792,SFHG,SAMFINE CREATION HOLDINGS GROUP Ltd,Nasdaq
924168,EFOI,"ENERGY FOCUS, INC/DE",Nasdaq
1042187,YHGJ,YUNHONG GREEN CTI LTD.,Nasdaq
1707919,CENN,Cenntro Inc.,Nasdaq
1750593,DUO,Fangdd Network Group Ltd.,Nasdaq
744825,AMS,AMERICAN SHARED HOSPITAL SERVICES,NYSE
1847345,ASBP,"Aspire Biopharma Holdings, Inc.",Nasdaq
1864055,ABTS,Abits Group Inc,Nasdaq
1850269,ULTHF,United Lithium Corp.,OTC
1468929,NXGL,"NEXGEL, INC.",Nasdaq
1854526,BRQL,BrooQLy Inc.,OTC
1310630,CFOO,China Foods Holdings Ltd.,OTC
1138476,PFHO,PACIFIC HEALTH CARE ORGANIZATION INC,OTC
1398453,XIN,"Xinyuan Real Estate Co., Ltd.",
1680378,SNES,"SenesTech, Inc.",Nasdaq
1099160,BBGI,BEASLEY BROADCAST GROUP INC,Nasdaq
1953988,HLEO,Helio Corp /FL/,OTC
1970544,PTHL,Pheton Holdings Ltd,Nasdaq
1783036,NCEL,NewcelX Ltd.,Nasdaq
1502292,PRHI,"Presurance Holdings, Inc.",Nasdaq
1463978,BKUCF,BLUE SKY URANIUM CORP.,OTC
1962738,CASI,"CASI Pharmaceuticals, Inc.",Nasdaq
1919776,LDDFF,"LIBERTY DEFENSE HOLDINGS, LTD.",OTC
1471727,SRXH,"SRx Health Solutions, Inc.",NYSE
1893645,PLRZ,Polyrizon Ltd.,Nasdaq
1905660,HUBC,Hub Cyber Security Ltd.,Nasdaq
1995704,CUPR,Cuprina Holdings (Cayman) LTD,Nasdaq
1968043,NCEW,New Century Logistics (BVI) Ltd,Nasdaq
1068897,FXBY,FOXBY CORP.,OTC
2025942,CURX,Curanex Pharmaceuticals Inc,Nasdaq
1557376,ZEOX,"Zeo ScientifiX, Inc.",OTC
1817083,ELECF,Electric Royalties Ltd.,OTC
1721484,LGVN,Longeveron Inc.,Nasdaq
1527599,SYBX,"SYNLOGIC, INC.",Nasdaq
1821175,MSGM,Motorsport Games Inc.,Nasdaq
1938046,MGRX,"MANGOCEUTICALS, INC.",Nasdaq
1371128,NEWH,"NewHydrogen, Inc.",OTC
1941500,MWG,Multi Ways Holdings Ltd,NYSE
826253,AUSI,AURA SYSTEMS INC,OTC
1560293,TNON,"Tenon Medical, Inc.",Nasdaq
749647,IMNN,"Imunon, Inc.",Nasdaq
1101433,QMCI,QUOTEMEDIA INC,OTC
1304161,PBSV,"Pharma-Bio Serv, Inc.",OTC
1540159,EDSA,"Edesa Biotech, Inc.",Nasdaq
1549084,EKSO,"EKSO BIONICS HOLDINGS, INC.",Nasdaq
1031093,SVBL,"SILVER BULL RESOURCES, INC.",OTC
1969928,TJGC,TJGC GROUP Ltd,Nasdaq
1829247,BFRG,"BullFrog AI Holdings, Inc.",Nasdaq
1566044,VYNE,VYNE Therapeutics Inc.,Nasdaq
1378590,BLIN,"Bridgeline Digital, Inc.",Nasdaq
1980210,WFF,WF Holding Ltd,Nasdaq
1616262,RMCF,"Rocky Mountain Chocolate Factory, Inc.",Nasdaq
1607962,LFWD,Lifeward Ltd.,Nasdaq
1533040,PHIO,Phio Pharmaceuticals Corp.,Nasdaq
1816133,FRECF,Frequency Exchange Corp.,OTC
1933951,INEO,INNEOVA Holdings Ltd,Nasdaq
7623,ARTW,ARTS WAY MANUFACTURING CO INC,Nasdaq
1897532,PASW,"Ping An Biomedical Co., Ltd.",Nasdaq
1914805,BANL,CBL International Ltd,Nasdaq
1982012,TLIH,Ten-League International Holdings Ltd,Nasdaq
1896425,LBGJ,Li Bang International Corp Inc.,Nasdaq
1022505,SDCH,"SideChannel, Inc.",OTC
82473,IHT,INNSUITES HOSPITALITY TRUST,NYSE
1002366,REVFF,Gitennes Exploration Inc.,OTC
1852440,JZ,Jianzhi Education Technology Group Co Ltd,Nasdaq
1850767,ACUT,Accustem Sciences Inc.,OTC
1346610,SOS,SOS Ltd,NYSE
1826376,GSUN,Golden Sun Technology Group Ltd.,Nasdaq
890066,GLBZ,GLEN BURNIE BANCORP,Nasdaq
1930179,ARBB,ARB IOT Group Ltd,Nasdaq
1450704,VIVK,"Vivakor, Inc.",Nasdaq
1858400,GIDMF,Golden Independence Mining Corp.,OTC
2015691,ELPW,Elong Power Holding Ltd.,Nasdaq
1350102,ASTI,"Ascent Solar Technologies, Inc.",Nasdaq
1996192,LSH,Lakeside Holding Ltd,Nasdaq
1864943,FGI,FGI Industries Ltd.,Nasdaq
1848782,PLCKF,Plurilock Security Inc.,OTC
845819,KTEL,"KonaTel, Inc.",OTC
1854572,IZM,ICZOOM Group Inc.,Nasdaq
1575793,WATT,Energous Corp,Nasdaq
2039060,RBNE,Robin Energy Ltd.,Nasdaq
1837607,AEON,"AEON Biopharma, Inc.",NYSE
1975940,FLYE,"Fly-E Group, Inc.",Nasdaq
1853599,CCOOF,CORE SILVER CORP.,OTC
1892292,MSS,Maison Solutions Inc.,Nasdaq
1820875,CXAI,CXApp Inc.,Nasdaq
1940366,USIC,Uncle's Ice Cream,OTC
1627282,CWD,CaliberCos Inc.,Nasdaq
1472466,LPSIF,LEGEND POWER SYSTEMS INC.,OTC
31667,EDUC,EDUCATIONAL DEVELOPMENT CORP,Nasdaq
1095435,ATON,AlphaTON Capital Corp,Nasdaq
1321851,SEED,Origin Agritech LTD,Nasdaq
1349706,TOGI,"TurnOnGreen, Inc.",OTC
2036307,OFAL,OFA Group,Nasdaq
1807166,AMST,Amesite Inc.,Nasdaq
1309082,CEIN,"CAMBER ENERGY, INC.",OTC
1575858,PUBC,Purebase Corp,OTC
832489,GOVX,"GeoVax Labs, Inc.",Nasdaq
1631282,DTSS,DATASEA INC.,Nasdaq
1619096,SNTW,Summit Networks Inc.,OTC
1963439,TURB,"Turbo Energy, S.A.",Nasdaq
1928722,INIKF,PopReach Corp,OTC
1648960,MYSE,"Myseum, Inc.",Nasdaq
1178660,TUTH,Standard Dental Labs Inc.,OTC
102109,UUU,"UNIVERSAL SAFETY PRODUCTS, INC.",NYSE
1014763,AIMD,"Ainos, Inc.",Nasdaq
1831868,ICU,SeaStar Medical Holding Corp,Nasdaq
1872964,MTEK,Maris Tech Ltd.,Nasdaq
1859022,NPRFF,Nepra Foods Inc.,OTC
1887673,WLDS,Wearable Devices Ltd.,Nasdaq
1584831,OXBR,OXBRIDGE RE HOLDINGS Ltd,Nasdaq
1644903,YCBD,"cbdMD, Inc.",NYSE
10048,BRN,BARNWELL INDUSTRIES INC,NYSE
2024114,TGHL,GrowHub Ltd,Nasdaq
1998560,MIMI,Mint Inc Ltd,Nasdaq
1920092,GELS,Gelteq Ltd,Nasdaq
875729,BNET,BION ENVIRONMENTAL TECHNOLOGIES INC,OTC
1930419,ALRTF,ALR Technologies SG Ltd.,OTC
1829802,SNSE,"Sensei Biotherapeutics, Inc.",Nasdaq
1826011,BNZI,"Banzai International, Inc.",Nasdaq
1684425,PETZ,"TDH Holdings, Inc.",Nasdaq
1689448,LILIF,Argentina Lithium & Energy Corp.,OTC
1494558,AMBO,Ambow Education Holding Ltd.,NYSE
1391426,CLNV,Clean Vision Corp,OTC
1830072,IPW,iPower Inc.,Nasdaq
1580149,BIVI,BIOVIE INC.,Nasdaq
748592,ERNA,Ernexa Therapeutics Inc.,Nasdaq
1814963,ILAG,Intelligent Living Application Group Inc.,Nasdaq
1938534,FBGL,FBS Global Ltd,Nasdaq
1420049,COPAF,COPAUR MINERALS INC.,OTC
1834607,UECXF,Urano Energy Corp.,OTC
1836242,TKLF,"Tokyo Lifestyle Co., Ltd.",Nasdaq
2018529,NCT,Intercont (Cayman) Ltd,Nasdaq
1888734,GLLI,GLOBALINK INVESTMENT INC.,
1307926,STSBF,South Star Battery Metals Corp.,OTC
1288614,KRTL,KRTL Holding Group Inc,OTC
1734005,APM,Aptorum Group Ltd,Nasdaq
1855485,CLDI,"Calidi Biotherapeutics, Inc.",NYSE
1971828,ENGS,Energys Group Ltd,Nasdaq
1641281,BOLT,"Bolt Biotherapeutics, Inc.",Nasdaq
1817760,SMTK,"SmartKem, Inc.",Nasdaq
2034520,GIBO,GIBO HOLDINGS Ltd,Nasdaq
1549631,QURT,"Quarta-Rad, Inc.",OTC
1938186,JYD,Jayud Global Logistics Ltd,Nasdaq
1061069,AWX,AVALON HOLDINGS CORP,NYSE
1659617,MBRX,"Moleculin Biotech, Inc.",Nasdaq
2013186,TNMG,TNL Mediagene,Nasdaq
1894954,XPON,Expion360 Inc.,Nasdaq
1254435,PEXZF,PACIFIC RIDGE EXPLORATION LTD,OTC
1969863,SUGP,SU Group Holdings Ltd,Nasdaq
1319150,PBMLF,Pacific Booker Minerals Inc.,OTC
1517681,PPCB,"Propanc Biopharma, Inc.",Nasdaq
1419275,RVYL,RYVYL Inc.,Nasdaq
1610590,MBAI,Check-Cap Ltd,Nasdaq
1630113,BTCY,BIOTRICITY INC.,OTC
1593001,NGTF,"NightFood Holdings, Inc.",OTC
1487798,ECTM,ECA Marcellus Trust I,OTC
1859807,PFSA,"Profusa, Inc.",Nasdaq
1398713,URZEF,URZ3 ENERGY CORP.,OTC
1574565,EVGN,Evogene Ltd.,Nasdaq
1604191,GRDX,GridAI Technologies Corp.,Nasdaq
1908705,GLE,Global Engine Group Holding Ltd,Nasdaq
1505497,BRTX,"BioRestorative Therapies, Inc.",Nasdaq
1792030,IMCC,IM Cannabis Corp.,Nasdaq
1174891,GEDC,"CalEthos, Inc.",OTC
1707910,REBN,"Reborn Coffee, Inc.",Nasdaq
1282980,DROR,"Dror Ortho-Design, Inc.",OTC
1695295,HYFM,"HYDROFARM HOLDINGS GROUP, INC.",Nasdaq
890394,PRSO,Peraso Inc.,Nasdaq
1737523,BGLC,BioNexus Gene Lab Corp,Nasdaq
1755058,ZBAI,ATIF Holdings Ltd,Nasdaq
1840416,SSM,Sono Group N.V.,Nasdaq
1016504,INBP,INTEGRATED BIOPHARMA INC,OTC
1574232,ADXN,Addex Therapeutics Ltd.,Nasdaq
2022308,KIDZ,"Classover Holdings, Inc.",Nasdaq
1350156,PAXH,PREAXIA HEALTH CARE PAYMENT SYSTEMS INC.,OTC
1935092,CETI,"Cyber Enviro-Tech, Inc.",OTC
1864597,TINFF,Tincorp Metals Inc.,OTC
1858994,RSMXF,Regency Silver Corp.,
1640384,LMFA,"LM FUNDING AMERICA, INC.",Nasdaq
1621672,SLE,"Super League Enterprise, Inc.",Nasdaq
1107421,TCRT,"Alaunos Therapeutics, Inc.",Nasdaq
1546383,JXG,JX Luxventure Group Inc.,Nasdaq
1957001,FEBO,Fenbo Holdings Ltd,Nasdaq
1026662,CLWT,EURO TECH HOLDINGS CO LTD,Nasdaq
1858685,BFRI,Biofrontera Inc.,Nasdaq
1718224,BTBD,"BT Brands, Inc.",Nasdaq
944075,SCKT,"SOCKET MOBILE, INC.",Nasdaq
1741489,ELVG,"Elvictor Group, Inc.",OTC
1841125,BSLK,"Bolt Projects Holdings, Inc.",Nasdaq
1892322,HTCR,"HeartCore Enterprises, Inc.",Nasdaq
1991592,INLF,INLIF Ltd,Nasdaq
1713979,TRRFF,TRIFECTA GOLD LTD,OTC
1815021,BQ,Boqii Holding Ltd,NYSE
1960262,LUDG,"LUDWIG ENTERPRISES, INC.",OTC
1546296,IPDN,"Professional Diversity Network, Inc.",Nasdaq
840715,CLRO,CLEARONE INC,Nasdaq
1624326,PAVM,PAVmed Inc.,Nasdaq
1884164,KWIK,"KwikClick, Inc.",OTC
2041338,TDIC,Dreamland Ltd,Nasdaq
771999,DSS,"DSS, INC.",NYSE
1133519,MCUJF,MEDICURE INC,OTC
1803407,OST,"Ostin Technology Group Co., Ltd.",Nasdaq
2053641,ETS,Elite Express Holding Inc.,Nasdaq
1912884,RPGL,Republic Power Group Ltd,Nasdaq
1939780,UCAR,U Power Ltd,Nasdaq
2018462,PCLA,PicoCELA Inc.,Nasdaq
1660046,IMRN,Immuron Ltd,Nasdaq
2003977,CRE,Cre8 Enterprise Ltd,Nasdaq
1874252,MYNZ,MAINZ BIOMED N.V.,Nasdaq
1932072,LOBO,LOBO TECHNOLOGIES LTD.,Nasdaq
313364,MTR,MESA ROYALTY TRUST/TX,NYSE
1314196,OLB,"OLB GROUP, INC.",Nasdaq
1853070,SOAR,"Volato Group, Inc.",NYSE
1829635,RNAZ,"Transcode Therapeutics, Inc.",Nasdaq
1680048,MBIO,"MUSTANG BIO, INC.",Nasdaq
1557798,CIIT,"Tianci International, Inc.",Nasdaq
29332,DXYN,DIXIE GROUP INC,OTC
1104038,VRME,"VerifyMe, Inc.",Nasdaq
1671502,QNRX,"Quoin Pharmaceuticals, Ltd.",Nasdaq
1843165,YHC,LQR House Inc.,Nasdaq
2022416,SLXN,Silexion Therapeutics Corp,Nasdaq
1065823,FNFI,FIRST NILES FINANCIAL INC,OTC
1736243,ACXP,"Acurx Pharmaceuticals, Inc.",Nasdaq
1019742,BRKCF,BARKSDALE RESOURCES CORP.,OTC
1941029,ADVB,Advanced Biomed Inc.,Nasdaq
1641631,XAIR,"Beyond Air, Inc.",Nasdaq
1812447,SKYQ,Sky Quarry Inc.,Nasdaq
1832161,VIPZ,"VIP Play, Inc.",OTC
1879754,EHGO,EShallGo Inc.,Nasdaq
34285,RLBY,RELIABILITY INC,OTC
62362,MARPS,MARINE PETROLEUM TRUST,Nasdaq
1779476,KRKR,36Kr Holdings Inc.,Nasdaq
1705012,FAT,"Fat Brands, Inc",Nasdaq
2007702,HKPD,Hong Kong Pharma Digital Technology Holdings Ltd,Nasdaq
32621,MSN,EMERSON RADIO CORP,NYSE
1677077,ALZN,"Alzamend Neuro, Inc.",Nasdaq
1712294,CPIVF,CAPTIVA VERDE WELLNESS CORP.,OTC
1754180,FGHFF,FORTE GROUP HOLDINGS INC.,OTC
885307,JCTC,JEWETT CAMERON TRADING CO LTD,Nasdaq
1083490,SRRE,SUNRISE REAL ESTATE GROUP INC,OTC
1681682,NDRA,ENDRA Life Sciences Inc.,Nasdaq
1817511,SOPA,SOCIETY PASS INCORPORATED.,Nasdaq
1701261,FAMI,"Farmmi, Inc.",Nasdaq
1789192,NITO,"N2OFF, Inc.",Nasdaq
1106644,CPHI,"CHINA PHARMA HOLDINGS, INC.",NYSE
2032545,CJMB,CALLAN JMB INC.,Nasdaq
1949478,DTCK,DAVIS COMMODITIES Ltd,Nasdaq
1912582,AIEV,"Thunder Power Holdings, Inc.",OTC
1468492,HSCS,HeartSciences Inc.,Nasdaq
1895618,GXAI,GAXOS.AI INC.,Nasdaq
1051514,SSKN,"STRATA Skin Sciences, Inc.",Nasdaq
1652561,DQWS,DSwiss Inc,OTC
1443863,BICX,BioCorRx Inc.,OTC
1403870,GARWF,Golden Arrow Resources Corp,OTC
1620678,ANPCY,ANGLE plc,OTC
1871181,FOFA,"FAMILY OFFICE OF AMERICA, INC.",OTC
1815566,IFBD,"Infobird Co., Ltd",Nasdaq
1896752,SABOF,Sabio Holdings Inc.,OTC
1819794,HTOO,Fusion Fuel Green PLC,Nasdaq
1708160,GPUSF,Alset Capital Inc.,OTC
1759614,YJ,Yunji Inc.,Nasdaq
1966678,ZDAI,"DirectBooking Technology Co., Ltd.",Nasdaq
1524326,ENDMF,Enduro Metals Corp.,OTC
2075349,SERPY,Top End Energy Ltd/ADR,OTC
1465311,ZICX,Zicix Corp,OTC
1372514,KPRX,KIORA PHARMACEUTICALS INC,Nasdaq
1734750,MOVE,Movano Inc.,Nasdaq
1375348,GLNS,Golden Star Resource Corp.,OTC
1614744,PPBT,PURPLE BIOTECH LTD.,Nasdaq
845385,PIAC,PRINCETON CAPITAL CORP,OTC
1916331,NCI,Neo-Concept International Group Holdings Ltd,Nasdaq
1829809,BBBMF,Huntsman Exploration Inc.,OTC
1740279,INAB,"IN8BIO, INC.",Nasdaq
1757715,ATER,"Aterian, Inc.",Nasdaq
1687277,RETO,"ReTo Eco-Solutions, Inc.",Nasdaq
1161814,KIQSF,KELSO TECHNOLOGIES INC,OTC
1550913,MKZR,"MacKenzie Realty Capital, Inc.",Nasdaq
1171838,SUND,"Sundance Strategies, Inc.",OTC
1418149,HLRTF,Hillcrest Energy Technologies Ltd.,OTC
1935172,AIXI,Xiao-I Corp,Nasdaq
1923780,NCL,Northann Corp.,NYSE
1808377,LUCY,Innovative Eyewear Inc,Nasdaq
1934245,NWTG,"Newton Golf Company, Inc.",Nasdaq
1880343,AMZE,"AMAZE HOLDINGS, INC.",NYSE
1023549,XTLB,XTL BIOPHARMACEUTICALS LTD,Nasdaq
1898404,REDRF,RED CANYON RESOURCES LTD.,OTC
1414953,MOJO,EQUATOR Beverage Co,OTC
1393772,BUDZ,"WEED, INC.",OTC
73290,BMRA,BIOMERICA INC,Nasdaq
1439264,MVNC,Marvion Inc.,OTC
1704476,VIZNF,VISIONARY METALS CORP.,OTC
1001907,ASTC,ASTROTECH Corp,Nasdaq
2058584,DKI,DarkIris Inc.,Nasdaq
1520556,AITTF,TRENCHANT TECHNOLOGIES CAPITAL CORP.,OTC
1190370,IVDN,INNOVATIVE DESIGNS INC,OTC
1815128,STTDF,Standard Uranium Ltd.,OTC
1493712,STME,Stimcell Energetics Inc.,OTC
1141964,PCMC,PUBLIC CO MANAGEMENT CORP,OTC
1388295,ONEI,OneMeta Inc.,OTC
1940016,GLABF,Gemina Laboratories Ltd.,OTC
1907730,YOTA,Yotta Acquisition Corp,
1347858,XXII,"22nd Century Group, Inc.",Nasdaq
1673475,GPOX,"GPO Plus, Inc.",OTC
894158,TOVX,"Theriva Biologics, Inc.",NYSE
1572236,ELDCF,Electrum Discovery Corp.,OTC
1790169,FLGC,Flora Growth Corp.,Nasdaq
1479419,KALA,"KALA BIO, Inc.",Nasdaq
887151,CAPS,Capstone Holding Corp.,Nasdaq
1568969,APYP,"APPYEA, INC",OTC
1882559,BVAXF,BioVaxys Technology Corp.,OTC
2056751,UUUFF,Recharge Resources Ltd.,OTC
1160420,ADIA,"Adia Nutrition, Inc.",OTC
1898766,TPET,Trio Petroleum Corp,NYSE
2030954,XHLD,"TEN Holdings, Inc.",Nasdaq
1781397,EEIQ,EpicQuest Education Group International Ltd,Nasdaq
1493137,LCTC,"Lifeloc Technologies, Inc",OTC
1716770,WAFU,Wah Fu Education Group Ltd,Nasdaq
1709626,NCNA,NuCana plc,Nasdaq
2013792,EWSB,"EWSB Bancorp, Inc. /MD/",OTC
1875547,LCFY,Locafy Ltd,Nasdaq
1372114,KLYG,"Kelyniam Global, Inc.",OTC
746210,TWAV,"TaoWeave, Inc.",Nasdaq
1513525,ADIL,"ADIAL PHARMACEUTICALS, INC.",Nasdaq
1494413,TWOH,Two Hands Corp,OTC
1986247,BYAH,"Park Ha Biological Technology Co., Ltd.",Nasdaq
1329606,CETY,"Clean Energy Technologies, Inc.",Nasdaq
1954694,LGCL,Lucas GC Ltd,Nasdaq
1770236,MITQ,MOVING iMAGE TECHNOLOGIES INC.,NYSE
1928340,GDHG,GOLDEN HEAVEN GROUP HOLDINGS LTD.,Nasdaq
109657,GTBP,"GT Biopharma, Inc.",Nasdaq
1157075,PMCB,"PharmaCyte Biotech, Inc.",Nasdaq
1042418,INTI,"Inhibitor Therapeutics, Inc.",OTC
1019034,BKYI,BIO KEY INTERNATIONAL INC,Nasdaq
1481504,XERI,"XERIANT, INC.",OTC
2040753,XONI,"Xtreme One Entertainment, Inc.",OTC
1866146,IMIMF,Interra Copper Corp.,OTC
1712762,BIAF,"bioAffinity Technologies, Inc.",Nasdaq
1868050,CPCPF,CopperCorp Resources Inc.,OTC
1810467,SNTG,Sentage Holdings Inc.,Nasdaq
2024656,FMFC,Kandal M Venture Ltd,Nasdaq
1997637,IOTR,iOThree Ltd,Nasdaq
1509705,NZERF,New Zealand Energy Corp.,OTC
87802,SCND,SCIENTIFIC INDUSTRIES INC,OTC
1128281,SKAS,"Saker Aviation Services, Inc.",OTC
849401,ADMT,"ADM TRONICS UNLIMITED, INC.",OTC
1713210,ATPC,Agape ATP Corp,Nasdaq
1490161,SOWG,Sow Good Inc.,Nasdaq
1122993,BMXI,BROOKMOUNT EXPLORATIONS INC,OTC
1661053,NVNO,enVVeno Medical Corp,Nasdaq
1593549,NUGN,"Livento Group, Inc.",OTC
1829538,RLYGF,Riley Gold Corp.,OTC
66496,MMTRS,MILLS MUSIC TRUST,OTC
1979407,ORKT,ORANGEKLOUD TECHNOLOGY INC.,Nasdaq
1435617,PWDY,"POWERDYNE INTERNATIONAL, INC.",OTC
1402328,SBFM,Sunshine Biopharma Inc.,Nasdaq
1854480,DEVS,DevvStream Corp.,Nasdaq
1964946,YAAS,Youxin Technology Ltd,Nasdaq
1481443,TCRI,"TechCom, Inc.",OTC
1812727,RELI,"Reliance Global Group, Inc.",Nasdaq
2020027,CLIK,Click Holdings Ltd.,Nasdaq
1536196,CANF,Can-Fite BioPharma Ltd.,NYSE
1047227,ZTSTF,ZTEST ELECTRONICS INC /FI,OTC
1648087,AREB,AMERICAN REBEL HOLDINGS INC,Nasdaq
1565146,GULTU,Gulf Coast Ultra Deep Royalty Trust,OTC
1123596,BABB,"BAB, INC.",OTC
1989930,FGL,Founder Group Ltd,Nasdaq
1327273,LYRA,"Lyra Therapeutics, Inc.",Nasdaq
2012096,PMAX,Powell Max Ltd,Nasdaq
1881472,MEGL,Magic Empire Global Ltd,Nasdaq
1889352,CMHSF,COMPREHENSIVE HEALTHCARE SYSTEMS INC. (CANADA),OTC
1691221,FRSX,Foresight Autonomous Holdings Ltd.,Nasdaq
1757143,PAIYY,Aesthetic Medical International Holdings Group Ltd,OTC
885462,GURE,"GULF RESOURCES, INC.",Nasdaq
2002453,STAK,STAK Inc.,Nasdaq
1178697,SONM,SONIM TECHNOLOGIES INC,Nasdaq
1701963,VS,Versus Systems Inc.,Nasdaq
1810560,REVB,"REVELATION BIOSCIENCES, INC.",Nasdaq
1054102,IDXG,"INTERPACE BIOSCIENCES, INC.",OTC
1137883,BCLI,BRAINSTORM CELL THERAPEUTICS INC.,OTC
2018222,JEM,707 Cayman Holdings Ltd.,Nasdaq
1711012,AIHS,Senmiao Technology Ltd,Nasdaq
1693687,GLVT,GREENLIT VENTURES INC.,OTC
1870144,CDIO,"Cardio Diagnostics Holdings, Inc.",Nasdaq
875355,LDWY,"LENDWAY, INC.",Nasdaq
1907622,ESHSF,Eddy Smart Home Solutions Ltd.,OTC
1936817,HXHX,Haoxin Holdings Ltd,Nasdaq
1861622,JTAI,Jet.AI Inc.,Nasdaq
1367083,SNOA,"Sonoma Pharmaceuticals, Inc.",Nasdaq
1397183,IVDA,"Iveda Solutions, Inc.",Nasdaq
1650101,ATXG,ADDENTAX GROUP CORP.,Nasdaq
1611746,SPRC,SciSparc Ltd.,Nasdaq
1976443,SYNX,Silynxcom Ltd.,NYSE
1028357,BITTF,BITTERROOT RESOURCES LTD,OTC
1636051,FUST,FUSE GROUP HOLDING INC.,OTC
1500620,BGAVF,Bravada Gold Corp,OTC
1781983,APRE,"Aprea Therapeutics, Inc.",Nasdaq
1892274,GV,Visionary Holdings Inc.,Nasdaq
1445815,BIXT,"BIOXYTRAN, INC",OTC
1905511,JCSE,JE Cleantech Holdings Ltd,Nasdaq
1622345,POLA,"Polar Power, Inc.",Nasdaq
1218683,MIGI,Mawson Infrastructure Group Inc.,Nasdaq
1279620,ZDPY,"Zoned Properties, Inc.",OTC
1807893,SPFX,"STANDARD PREMIUM FINANCE HOLDINGS, INC.",OTC
1411057,CBIH,"Cannabis Bioscience International Holdings, Inc.",OTC
1991261,SKK,SKK Holdings Ltd,Nasdaq
800523,GGLXF,GGL RESOURCES CORP.,OTC
1898604,VSTD,Vestand Inc.,Nasdaq
1745078,VYND,"Vynleads, Inc.",OTC
1497253,VIVS,"VivoSim Labs, INC.",Nasdaq
1514183,SILO,"Silo Pharma, Inc.",Nasdaq
1755237,CYCN,"Cyclerion Therapeutics, Inc.",Nasdaq
1673481,SEGG,Lottery.com Inc.,Nasdaq
2024899,MFBI,"Monroe Federal Bancorp, Inc.",OTC
1868866,HAMRF,SILVER HAMMER MINING CORP,OTC
1886362,MGAM,"Mobile Global Esports, Inc.",OTC
1592560,VSA,VisionSys AI Inc,Nasdaq
1169138,GBUX,"GIVBUX, INC.",OTC
1498710,FLYYQ,"Spirit Aviation Holdings, Inc.",OTC
1018735,NYMXF,NYMOX PHARMACEUTICAL CORP,OTC
1930510,VCIG,VCI Global Ltd,Nasdaq
1595353,GLMD,Galmed Pharmaceuticals Ltd.,Nasdaq
2023796,FCHL,Fitness Champs Holdings Ltd,Nasdaq
1481857,ORESF,Orestone Mining Corp.,OTC
1187953,CELZ,"CREATIVE MEDICAL TECHNOLOGY HOLDINGS, INC.",Nasdaq
1006028,PURE,"PURE BIOSCIENCE, INC.",OTC
1534525,XBIO,"Xenetic Biosciences, Inc.",Nasdaq
1319643,FTSP,"FinTrade Sherpa, Inc.",OTC
1083220,XELB,"XCel Brands, Inc.",Nasdaq
2002236,SPHL,SPRINGVIEW HOLDINGS LTD,Nasdaq
1510964,CVSI,"CV Sciences, Inc.",OTC
1705402,AGMH,"AGM GROUP HOLDINGS, INC.",Nasdaq
1527541,WHLR,"Wheeler Real Estate Investment Trust, Inc.",Nasdaq
1025771,WHLT,CHASE PACKAGING CORP,OTC
1563568,EVTV,"Envirotech Vehicles, Inc.",Nasdaq
1589149,GWAV,"Greenwave Technology Solutions, Inc.",Nasdaq
1814067,LXEH,Lixiang Education Holding Co. Ltd.,Nasdaq
1515317,MAGE,MAGELLAN COPPER & GOLD Corp,OTC
1634293,EXDW,"Exceed World, Inc.",OTC
1680139,HLYK,HealthLynked Corp,OTC
1452936,PCOK,"Pacific Oak Strategic Opportunity REIT, Inc.",OTC
1414382,CLEV,Concrete Leveling Systems Inc,OTC
921968,HVGDF,HARVEST GOLD CORP,OTC
318299,SRCO,"SPARTA COMMERCIAL SERVICES, INC.",OTC
1026785,HIHO,HIGHWAY HOLDINGS LTD,Nasdaq
1004724,RHEP,"REGIONAL HEALTH PROPERTIES, INC",OTC
1414767,NCPL,Netcapital Inc.,Nasdaq
1424768,VYCO,VYCOR MEDICAL INC,OTC
1464165,BETRF,BetterLife Pharma Inc.,OTC
1603652,ULY,Urgent.ly Inc.,Nasdaq
868278,PRPH,"ProPhase Labs, Inc.",Nasdaq
1099369,DSNY,DESTINY MEDIA TECHNOLOGIES INC,OTC
1793895,CDTG,CDT Environmental Technology Investment Holdings Ltd,Nasdaq
1805594,JWEL,Jowell Global Ltd.,Nasdaq
1725430,INBS,INTELLIGENT BIO SOLUTIONS INC.,Nasdaq
1413745,YDKG,Yueda Digital Holding,Nasdaq
1630212,ALBT,Avalon GloboCare Corp.,Nasdaq
1401835,SRGZ,Star Gold Corp.,OTC
1905920,GLXG,Galaxy Payroll Group Ltd,Nasdaq
894501,GRHI,"GOLD ROCK HOLDINGS, INC.",OTC
1080657,SQFT,"Presidio Property Trust, Inc.",Nasdaq
1948864,HCWC,HEALTHY CHOICE WELLNESS CORP.,NYSE
1979610,WXM,WF International Ltd.,Nasdaq
1849820,KITT,"Nauticus Robotics, Inc.",Nasdaq
1651721,GIPR,"GENERATION INCOME PROPERTIES, INC.",Nasdaq
1716947,ENSC,"Ensysce Biosciences, Inc.",Nasdaq
1582554,MTNB,"Matinas BioPharma Holdings, Inc.",NYSE
1588837,LMRMF,Lomiko Metals Inc.,OTC
1011509,AUMN,Golden Minerals Co,OTC
709005,NROM,NOBLE ROMANS INC,OTC
1617867,AMIX,"Autonomix Medical, Inc.",Nasdaq
1978527,GVH,Globavend Holdings Ltd,Nasdaq
1727428,PUCCF,Carolina Rush Corp,OTC
1506983,GCTK,"Glucotrack, Inc.",Nasdaq
1585608,JAGX,"Jaguar Health, Inc.",Nasdaq
1993097,MASK,3 E Network Technology Group Ltd,Nasdaq
793628,CHNR,CHINA NATURAL RESOURCES INC,Nasdaq
1854963,SHFS,"SHF Holdings, Inc.",Nasdaq
1594968,VEST,Loan Artificial Intelligence Corp.,
1458057,ORMNF,OREX MINERALS INC,OTC
923601,RIME,"Algorhythm Holdings, Inc.",Nasdaq
1469443,RKDA,"Arcadia Biosciences, Inc.",Nasdaq
1948443,RAY,Raytech Holding Ltd,Nasdaq
1121795,GHST,GHST World Inc.,OTC
2016337,PTLE,PTL Ltd,Nasdaq
1836875,NVVE,Nuvve Holding Corp.,Nasdaq
1624512,BOXL,Boxlight Corp,Nasdaq
723533,WYGC,Wenyuan Group Corp.,OTC
1138586,XCRT,"Xcelerate, Inc.",OTC
1811216,BAOS,Baosheng Media Group Holdings Ltd,Nasdaq
1731712,CHKKF,Chakana Copper Corp.,OTC
1363598,NTRX,"Entrex Carbon Market, Inc.",OTC
846377,TGNT,"Totaligent, Inc.",OTC
1415758,NVSGF,Nevada Sunrise Metals Corp.,OTC
850033,BPPTU,BP PRUDHOE BAY ROYALTY TRUST,
1086745,SBLX,"StableX Technologies, Inc.",Nasdaq
1331612,IMTH,"AnTix Holdings, Inc.",OTC
1879373,GTIJF,GRAPHJET TECHNOLOGY,OTC
1898474,SGN,"Signing Day Sports, Inc.",NYSE
1477201,BCUFF,Bell Copper Corp,OTC
1937737,MLEC,Moolec Science SA,Nasdaq
1825452,ONFO,"Onfolio Holdings, Inc",Nasdaq
1938865,WAI,Top KingWin Ltd,Nasdaq
704172,PHIL,PHI GROUP INC,
1776067,OCG,Oriental Culture Holding LTD,Nasdaq
1119190,HMBL,"HUMBL, INC.",OTC
1595248,GNPX,"Genprex, Inc.",Nasdaq
1376321,CNET,ZW Data Action Technologies Inc.,Nasdaq
1515139,WAST,WASTE ENERGY CORP.,OTC
1944712,BIYA,Baiya International Group Inc.,Nasdaq
1784058,PNYG,Pony Group Inc.,OTC
1951667,CTNT,CHEETAH NET SUPPLY CHAIN SERVICE INC.,Nasdaq
1889823,DFSC,DEFSEC Technologies Inc.,Nasdaq
1615219,SLRX,"Salarius Pharmaceuticals, Inc.",Nasdaq
1327899,AAMTF,Armada Mercantile Ltd,OTC
1729427,CNSP,"CNS Pharmaceuticals, Inc.",Nasdaq
1976908,JDZG,JIADE Ltd,Nasdaq
1502966,FUNI,"Hypha Labs, Inc.",OTC
1892500,CMND,Clearmind Medicine Inc.,Nasdaq
1410428,XWEL,"XWELL, Inc.",Nasdaq
1946703,WBUY,WEBUY GLOBAL LTD,Nasdaq
1422892,SGLY,Singularity Future Technology Ltd.,Nasdaq
1828673,HCWB,HCW Biologics Inc.,Nasdaq
1972074,LNKS,Linkers Industries Ltd,Nasdaq
1703292,KNDYF,KENADYR METALS CORP,OTC
1911545,GITS,"Global Interactive Technologies, Inc.",Nasdaq
1651932,XITO,"Xenous Holdings, Inc.",OTC
1445467,AVPMF,AVRUPA MINERALS LTD.,OTC
1558569,ISPC,iSpecimen Inc.,Nasdaq
22701,SUNE,"SUNation Energy, Inc.",Nasdaq
1539029,CLSDQ,"Clearside Biomedical, Inc.",OTC
1635077,ACON,"Aclarion, Inc.",Nasdaq
1141284,ASNS,ACTELIS NETWORKS INC,Nasdaq
1964664,ORIS,ORIENTAL RISE HOLDINGS Ltd,Nasdaq
1130166,BGMS,"Bio Green Med Solution, Inc.",Nasdaq
1729214,XRTX,XORTX Therapeutics Inc.,Nasdaq
1706524,UGRO,"urban-gro, Inc.",Nasdaq
1857044,INDP,"Indaptus Therapeutics, Inc.",Nasdaq
724445,BZYR,BURZYNSKI RESEARCH INSTITUTE INC,OTC
1716621,VTAK,"Catheter Precision, Inc.",NYSE
882361,APTOF,Aptose Biosciences Inc.,OTC
105744,GBR,"New Concept Energy, Inc.",NYSE
1701756,SDOT,Sadot Group Inc.,Nasdaq
1993599,EUEMF,European Energy Metals Corp.,OTC
1391135,LIFD,LFTD PARTNERS INC.,OTC
1825875,RAYA,Erayak Power Solution Group Inc.,Nasdaq
1703625,BLIS,"NAPC Defense, Inc.",OTC
835662,AIXN,"AiXin Life International, Inc.",OTC
727510,ENZN,"ENZON PHARMACEUTICALS, INC.",OTC
1855509,VEEE,"Twin Vee PowerCats, Co.",Nasdaq
930775,ECIA,ENCISION INC,OTC
1802450,MSPR,"MSP Recovery, Inc.",Nasdaq
1847706,PSYCF,Psyched Wellness Ltd.,OTC
1728328,INM,InMed Pharmaceuticals Inc.,Nasdaq
1978057,TWG,Top Wealth Group Holding Ltd,Nasdaq
1553846,RDHL,RedHill Biopharma Ltd.,Nasdaq
1289047,AIPG,AI Technology Group Inc.,OTC
1780785,CNEY,CN ENERGY GROUP. INC.,Nasdaq
1358190,ITP,"IT TECH PACKAGING, INC.",NYSE
1613979,ZPHYF,ZEPHYR MINERALS LTD.,OTC
1626644,ODYY,"Odyssey Health, Inc.",OTC
1757207,VSBGF,VSBLTY GROUPE TECHNOLOGIES CORP.,OTC
2003061,STFS,Star Fashion Culture Holdings Ltd,Nasdaq
946644,AIM,AIM ImmunoTech Inc.,NYSE
1945619,KSEZ,Kinetic Seas Inc.,OTC
356590,GTII,"GLOBAL TECH INDUSTRIES GROUP, INC.",OTC
1951294,VSME,VS MEDIA Holdings Ltd,Nasdaq
1621221,ARTL,"ARTELO BIOSCIENCES, INC.",Nasdaq
1931717,CCTG,CCSC Technology International Holdings Ltd,Nasdaq
1809750,EDBL,Edible Garden AG Inc,Nasdaq
1652539,SNRG,SusGlobal Energy Corp.,OTC
1611747,SCNI,Scinai Immunotherapeutics Ltd.,Nasdaq
1174940,OGEN,ORAGENICS INC,NYSE
1801834,PRFX,PAINREFORM LTD.,Nasdaq
1938109,PAPL,Pineapple Financial Inc.,NYSE
1172178,LBSR,LIBERTY STAR URANIUM & METALS CORP.,OTC
1905688,AAUGF,AERO ENERGY Ltd,OTC
1421981,PTOP,Peer To Peer Network,OTC
1279715,IWSH,"Wright Investors Service Holdings, Inc.",OTC
730349,TOFB,TOFUTTI BRANDS INC,OTC
1701478,AZTR,"Azitra, Inc.",NYSE
1603978,AQB,AQUABOUNTY TECHNOLOGIES INC,Nasdaq
1960208,CREV,Carbon Revolution Public Ltd Co,Nasdaq
1785056,TRNR,"Interactive Strength, Inc.",Nasdaq
1738758,CHR,"Cheer Holding, Inc.",Nasdaq
836564,CPMV,Mosaic ImmunoEngineering Inc.,OTC
1419554,BBLG,Bone Biologics Corp,Nasdaq
1946563,SXTP,"60 DEGREES PHARMACEUTICALS, INC.",Nasdaq
1782107,ONCO,"Onconetix, Inc.",Nasdaq
1045942,TRCK,"Track Group, Inc.",OTC
1694617,ROYL,"Royale Energy, Inc.",OTC
1687542,FRGT,"Freight Technologies, Inc.",Nasdaq
1284237,ABCFF,ABACUS MINING & EXPLORATION CORP,OTC
1648636,TRLEF,Trillion Energy International Inc.,OTC
1787740,TIVC,"Tivic Health Systems, Inc.",Nasdaq
1976695,MNDR,Mobile-health Network Solutions,Nasdaq
1532619,PW,Power REIT,NYSE
1409269,VERO,Venus Concept Inc.,Nasdaq
1607807,NVGLF,NV Gold Corp,OTC
1499494,DXF,Eason Technology Ltd,NYSE
1362516,CLRI,"Cleartronic, Inc.",OTC
79661,PRSI,PORTSMOUTH SQUARE INC,OTC
1554818,AUUD,AUDDIA INC.,Nasdaq
1553788,SBEV,"SPLASH BEVERAGE GROUP, INC.",NYSE
1996586,CNRCF,Canter Resources Corp.,OTC
1739174,PHGE,BiomX Inc.,NYSE
856984,USAQ,"QHSLab, Inc.",OTC
1374567,LUVU,"Luvu Brands, Inc.",OTC
1943421,RUBI,Rubico Inc.,Nasdaq
1081188,GEGP,GOLD ENTERPRISE GROUP INC,OTC
1970125,FDXTF,FENDX TECHNOLOGIES INC.,OTC
768408,CYAN,CYANOTECH CORP,OTC
1874907,DEFG,Grayscale Decentralized Finance (DeFi) Fund LLC,OTC
1360442,DOGP,"Dogecoin Cash, Inc.",OTC
908311,CMCT,Creative Media & Community Trust Corp,Nasdaq
775057,ALTX,ALTEX INDUSTRIES INC,OTC
890821,ENVB,"Enveric Biosciences, Inc.",Nasdaq
1682265,ONAR,Onar Holding Corp,OTC
1713539,KXIN,Kaixin Holdings,Nasdaq
1211805,MYSZ,"My Size, Inc.",Nasdaq
1703073,VIVC,VIVIC CORP.,OTC
1854257,TBLLF,Tombill Mines Ltd,OTC
1444839,BRVO,Bravo Multinational Inc.,OTC
1650575,BRQSF,"Borqs Technologies, Inc.",OTC
1591913,IPSI,"Innovative Payment Solutions, Inc.",OTC
1674227,WORX,SCWorx Corp.,Nasdaq
1168981,LVRLF,CordovaCann Corp.,OTC
1022899,PTIX,"Protagenic Therapeutics, Inc.\new",Nasdaq
1643918,BDRX,Biodexa Pharmaceuticals Plc,Nasdaq
1901215,BNRG,Brenmiller Energy Ltd.,Nasdaq
1355736,AVCRF,Avricore Health Inc.,OTC
1324759,HGYN,HONG YUAN HOLDING GROUP,OTC
1957413,DCX,"Chijet Motor Company, Inc.",Nasdaq
1412126,RMSL,RemSleep Holdings Inc.,OTC
1642159,SIGY,"Sigyn Therapeutics, Inc.",OTC
1744494,ADN,"ADVENT TECHNOLOGIES HOLDINGS, INC.",
1741534,UOKA,MDJM LTD,Nasdaq
1584547,GP,GREENPOWER MOTOR Co INC.,Nasdaq
1885827,VRAX,Virax Biolabs Group Ltd,Nasdaq
1985062,PBM,PSYENCE BIOMEDICAL LTD.,Nasdaq
932021,GTLL,GLOBAL TECHNOLOGIES LTD,OTC
1723455,SRKZF,SKY GOLD CORP.,OTC
1696025,KCRD,"Kindcard, Inc.",OTC
1840563,ELAB,PMGC Holdings Inc.,Nasdaq
1082733,VISM,"VISIUM TECHNOLOGIES, INC.",OTC
1734427,CRUCF,Colibri Resource Corp,OTC
1839133,IRME,"IR-Med, Inc.",OTC
1757499,SHPH,"Shuttle Pharmaceuticals Holdings, Inc.",Nasdaq
1708176,HOFV,Hall of Fame Resort & Entertainment Co,OTC
1282571,GRNL,GREENLITE VENTURES INC,OTC
1487091,QWTR,"Quest Water Global, Inc.",OTC
1751876,PAVS,Paranovus Entertainment Technology Ltd.,Nasdaq
1880613,DRCT,"Direct Digital Holdings, Inc.",Nasdaq
1857086,TRUG,"TruGolf Holdings, Inc.",Nasdaq
1837254,MEHA,Functional Brands Inc.,Nasdaq
1668438,IMTE,Integrated Media Technology Ltd,Nasdaq
1484674,ATMH,"ALL THINGS MOBILE ANALYTIC, INC.",OTC
1873213,BRWC,Birdie Win Corp,OTC
1853816,DRMA,"Dermata Therapeutics, Inc.",Nasdaq
1752372,EZOO,Ezagoo Ltd,OTC
1133192,VPER,VIPER NETWORKS INC,OTC
882291,AEMD,AETHLON MEDICAL INC,Nasdaq
1107280,OVTZ,OCULUS INC.,OTC
866439,DPLS,"DarkPulse, Inc.",OTC
1425627,SOBR,"SOBR Safe, Inc.",Nasdaq
1825349,CHSN,Chanson International Holding,Nasdaq
1393781,QIND,Quality Industrial Corp.,OTC
1956741,ZONE,"CleanCore Solutions, Inc.",NYSE
1108248,KNOS,KRONOS ADVANCED TECHNOLOGIES INC,OTC
1358633,SNBH,SENTIENT BRANDS HOLDINGS INC.,OTC
1995574,ICON,Icon Energy Corp,Nasdaq
1588084,TANH,TANTECH HOLDINGS LTD,Nasdaq
1731289,NKLAQ,Nikola Corp,OTC
1896212,CDT,CDT Equity Inc.,Nasdaq
1847462,AYRWF,Ayr Wellness Inc.,OTC
1085277,SKVI,"SKINVISIBLE, INC.",OTC
895464,YBGJ,Yubo International Biotech Ltd,OTC
849997,FECOF,FEC Resources Inc.,OTC
1609258,PTCO,PetroGas Co,OTC
1870404,CERO,"CERO THERAPEUTICS HOLDINGS, INC.",OTC
1813783,VMAR,Vision Marine Technologies Inc.,Nasdaq
1409197,BSPK,"Bespoke Extracts, Inc.",OTC
1435064,CETX,CEMTREX INC,Nasdaq
1265521,PMHS,"Polomar Health Services, Inc.",OTC
1809616,UPC,Universe Pharmaceuticals INC,Nasdaq
1520118,MWAI,"MedWellAI, Inc.",OTC
1622244,OWPC,"One World Products, Inc.",OTC
1440799,MMEX,MMEX Resources Corp,OTC
1342958,DGLY,"DIGITAL ALLY, INC.",Nasdaq
1806524,LGHL,Lion Group Holding Ltd,Nasdaq
1338929,AHRO,"Authentic Holdings, Inc.",OTC
1485003,CARM,Carisma Therapeutics Inc.,OTC
1644963,ATXI,"AVENUE THERAPEUTICS, INC.",OTC
1576197,SENR,"Strategic Environmental & Energy Resources, Inc.",OTC
1169760,CMGHF,CHAODA MODERN AGRICULTURE HOLDINGS LTD /FI,OTC
1506492,NUWE,"Nuwellis, Inc.",Nasdaq
1543637,NUMD,"Nu-Med Plus, Inc.",OTC
1872292,RAKR,Rainmaker Worldwide Inc.,OTC
1978165,LITSF,LITHOS GROUP LTD.,OTC
1084937,GREH,Green Rain Energy Holdings Inc.,OTC
1959023,SGD,Safe & Green Development Corp,Nasdaq
1081938,CPMD,"CANNAPHARMARX, INC.",OTC
1821424,UK,Ucommune International Ltd,Nasdaq
814926,CAPC,"CAPSTONE COMPANIES, INC.",OTC
1599117,MNTR,"Mentor Capital, Inc.",OTC
1806904,EZGO,EZGO Technologies Ltd.,Nasdaq
1376231,VPRB,"VPR Brands, LP.",OTC
1492617,FWFW,"FLYWHEEL ADVANCED TECHNOLOGY, INC.",OTC
1577351,XYLB,"XY Labs, Inc.",OTC
1704287,BJDX,"Bluejay Diagnostics, Inc.",Nasdaq
1536811,THURF,Thunderstruck Resources Ltd.,OTC
1879403,LRHC,La Rosa Holdings Corp.,Nasdaq
1080448,PGOL,PATRIOT GOLD CORP,OTC
946486,WINT,WINDTREE THERAPEUTICS INC /DE/,OTC
1471781,GTCH,GBT Technologies Inc.,OTC
1066130,LINMF,Linear Minerals Corp,OTC
1911467,CRCE,"Circle Energy, Inc./NV",OTC
1452583,CBMJ,"CONSERVATIVE BROADCAST MEDIA & PUBLISHING, INC.",OTC
1961847,INHD,INNO HOLDINGS INC.,Nasdaq
802257,MITI,"Mitesco, Inc.",OTC
1563577,GRTX,"Galera Therapeutics, Inc.",OTC
1789299,WTO,UTime Ltd,Nasdaq
1514443,AGSS,"AMERIGUARD SECURITY SERVICES, INC.",OTC
1495648,BDCC,Blackwell 3D Construction Corp.,OTC
1939365,IVP,"INSPIRE VETERINARY PARTNERS, INC.",Nasdaq
1023994,SGBX,SAFE & GREEN HOLDINGS CORP.,Nasdaq
1680637,NRRWF,Nuran Wireless Inc.,OTC
1058623,CMLS,CUMULUS MEDIA INC,OTC
278165,OMQS,OMNIQ Corp.,OTC
1130781,NBBI,"BMP AI Technologies, Inc.",
824416,QPRC,QUEST PATENT RESEARCH CORP,OTC
1603345,AGTX,Agentix Corp.,OTC
1043150,EEGI,"Eline Entertainment Group, Inc.",OTC
1928581,FTEL,Fitell Corp,Nasdaq
1824293,GRI,"GRI Bio, Inc.",Nasdaq
1643721,LBUY,"LEAFBUYER TECHNOLOGIES, INC.",OTC
1762239,KAVL,"Kaival Brands Innovations Group, Inc.",Nasdaq
764630,SPEV,SHOREPOWER TECHNOLOGIES INC.,OTC
1060888,LQWC,LIFEQUEST WORLD CORP.,OTC
1128189,PKTX,"ProtoKinetix, Inc.",OTC
915661,GRLF,GREEN LEAF INNOVATIONS INC,OTC
1781193,QH,QUHUO Ltd,Nasdaq
1788841,MCOM,micromobility.com Inc.,OTC
1618835,EVFM,"Evofem Biosciences, Inc.",OTC
1717695,VRRCF,VR Resources Ltd.,OTC
1570937,PREM,Premier Air Charter Holdings Inc.,OTC
1404593,MDCE,Medical Care Technologies Inc.,OTC
1199392,EGMCF,EMERGENT METALS CORP.,OTC
1347242,LIPO,LIPELLA PHARMACEUTICALS INC.,OTC
857949,ENFY,Enlightify Inc.,OTC
1172069,PTOS,"P2 Solar, Inc.",OTC
1763660,SEAV,SEATech Ventures Corp.,OTC
1981662,NIVF,NewGenIvf Group Ltd,Nasdaq
1813603,HSTA,Hestia Insight Inc.,OTC
1585380,INKW,"Greene Concepts, Inc",OTC
1355790,ISCO,International Stem Cell CORP,OTC
1485074,FRZT,"Freeze Tag, Inc.",OTC
1543652,FFLO,"Free Flow USA, Inc.",OTC
1605331,ABQQ,AB INTERNATIONAL GROUP CORP.,OTC
1346022,ENRT,Enertopia Corp.,OTC
1995194,PITEF,Heramba Electric plc,OTC
1586554,CBDY,Target Group Inc.,OTC
1726711,ADTX,"Aditxt, Inc.",Nasdaq
1790320,MSTH,Mystic Holdings Inc./NV,
1679817,OZSC,"OZOP ENERGY SOLUTIONS, INC.",OTC
1061040,NGCG,"New Generation Consumer Group, Inc.",OTC
1455684,TPICQ,"TPI COMPOSITES, INC",OTC
1308027,VYST,Vystar Corp,OTC
1651992,ASFT,"Appsoft Technologies, Inc.",OTC
1518336,DREM,Dream Homes & Development Corp.,OTC
1763329,AIBT,"AIBOTICS, INC.",OTC
862668,ESMC,ESCALON MEDICAL CORP,OTC
1859007,ZVSA,"ZyVersa Therapeutics, Inc.",OTC
1460602,ORGS,Orgenesis Inc.,OTC
1751058,OVATF,OVATION SCIENCE INC.,OTC
1947861,NMHI,Nature's Miracle Holding Inc.,OTC
1873722,BBLR,Bubblr Inc.,OTC
1854275,ZCAR,"Zoomcar Holdings, Inc.",OTC
1680132,CSUI,CANNABIS SUISSE CORP.,OTC
1568385,BMTM,"Bright Mountain Media, Inc.",OTC
1955104,ZAPPF,Zapp Electric Vehicles Group Ltd,OTC
1127475,DBMM,"Digital Brand Media & Marketing Group, Inc.",OTC
1855756,LILMF,Lilium N.V.,OTC
912544,NSTM,NovelStem International Corp.,OTC
1922639,OILCF,Permex Petroleum Corp,OTC
1978151,DGTEF,Eat & Beyond Global Holdings Inc.,OTC
1454742,GMER,"GOOD GAMING, INC.",OTC
1530425,ARRT,"Artisan Consumer Goods, Inc.",OTC
1753391,QSJC,"TANCHENG GROUP CO., LTD.",OTC
1900720,EPWK,EPWK Holdings Ltd.,Nasdaq
1386044,FHLD,"Awareness Group, Inc.",
790273,CONC,CONECTISYS CORP,OTC
1794942,SKFG,"Stark Focus Group, Inc.",OTC
1231339,ASRE,"Astra Energy, Inc.",OTC
1842939,XAGE,"Longevity Health Holdings, Inc.",OTC
1100788,ILST,INTERNATIONAL STAR INC,OTC
1973368,SVUHF,SRIVARU Holding Ltd,OTC
794998,SETO,SETO HOLDINGS INC,OTC
1143994,MRPT,MACREPORT NET INC,OTC
1583771,HEPA,"Hepion Pharmaceuticals, Inc.",OTC
1885408,JFBR,Jeffs' Brands Ltd,Nasdaq
1346917,GNTOF,GENTOR RESOURCES INC.,OTC
1502758,NULGF,NuLegacy Gold Corp,OTC
1370816,FBCD,"FBC Holding, Inc.",OTC
1496383,ILUS,Ilustrato Pictures International Inc.,OTC
1566826,LGMK,"LogicMark, Inc.",OTC
720875,DYNT,DYNATRONICS CORP,OTC
2006925,LNTO,LELANTOS HOLDINGS INC.,OTC
1801602,SBIG,"SpringBig Holdings, Inc.",OTC
1619227,CLOW,"Cloudweb, Inc.",OTC
1990446,GRPS,"Trans American Aquaculture, Inc",OTC
1922335,SYRA,Syra Health Corp,OTC
1922858,ECDA,"ECD Automotive Design, Inc.",Nasdaq
1696411,CCCP,Crona Corp.,OTC
822370,EMMA,"Emmaus Life Sciences, Inc.",OTC
1284454,NFSN,"Nongfu Shop Digital New Retail Co., Ltd",OTC
1951067,CISS,C3is Inc.,Nasdaq
1823375,TOBAF,TAAT Global Alternatives Inc.,OTC
1888014,AKAN,AKANDA CORP.,Nasdaq
1109486,EDXC,Endexx Corp,OTC
1427644,SLDC,"Solidus Communications, Inc.",OTC
1133818,BPTH,"BIO-PATH HOLDINGS, INC.",OTC
2079180,PRTX,Parataxis Holdings Inc.,
1680513,IPTNF,IMPACT ANALYTICS INC.,OTC
820771,GFMH,Goliath Film & Media Holdings,OTC
2024283,PAPA,Papa Medical Inc.,
1661600,SATT,SATIVUS TECH CORP.,OTC
1971260,CLDVF,Cloud3 Ventures Inc.,OTC
1729944,BACK,"IMAC Holdings, Inc.",OTC
1687919,FGNV,FORGE INNOVATION DEVELOPMENT CORP.,OTC
1517389,JFIL,"Jubilant Flame International, Ltd",OTC
1750777,HWKE,"Hawkeye Systems, Inc.",OTC
1815903,PTPI,"Petros Pharmaceuticals, Inc.",OTC
1407704,BOTY,"LINGERIE FIGHTING CHAMPIONSHIPS, INC.",OTC
1760026,RMTG,Regenerative Medical Technology Group Inc.,OTC
918573,GRVE,GROOVE BOTANICALS INC.,OTC
1888151,FMTOF,Femto Technologies Inc.,OTC
1877430,ETUGF,E2Gold Inc.,OTC
1084475,NIHK,"Video River Networks, Inc.",OTC
1776073,CBDL,CBD Life Sciences Inc.,OTC
1733950,EVLLF,EnviroMetal Technologies Inc.,OTC
1514056,TESI,Titan Environmental Solutions Inc.,OTC
1817232,HGAS,Global Gas Corp,OTC
1098462,MTLK,METALINK LTD,OTC
1558740,WNLV,Winvest Group Ltd,OTC
1064722,GMPW,GIVEMEPOWER CORP,OTC
1761510,TLLTF,TILT Holdings Inc.,OTC
1601936,CYTOF,Altamira Therapeutics Ltd.,OTC
1487615,EMBYF,Nexera Energy Inc.,OTC
812152,RDGA,RIDGEFIELD ACQUISITION CORP,OTC
1533357,DTII,DEFENSE TECHNOLOGIES INTERNATIONAL CORP.,OTC
1061027,VIRX,"Viracta Therapeutics, Inc.",
764897,BRST,"Broad Street Realty, Inc.",OTC
890725,GSAC,GELSTAT CORP,OTC
1880431,VHAI,Vocodia Holdings Corp,OTC
1555017,SKYI,"Sky Century Investment, Inc.",OTC
1424404,WOLV,Wolverine Resources Corp.,OTC
1132509,NNAX,New Momentum Corp.,OTC
720762,NIMU,NON INVASIVE MONITORING SYSTEMS INC /FL/,
1495584,SVVC,"Firsthand Technology Value Fund, Inc.",OTC
1290658,ITOX,"IIOT-OXYS, Inc.",OTC
1672572,LNBY,Landbay Inc,
1575142,BDPT,"BIOADAPTIVES, INC.",OTC
1497130,VNTH,"Nano Mobile Healthcare, Inc.",OTC
1877461,CBDW,1606 CORP.,OTC
1657045,CHMX,NEXT-ChemX Corporation.,
1741220,CWPE,CW Petroleum Corp,OTC
1981462,LDTCF,LeddarTech Holdings Inc.,OTC
847942,STQN,STRATEGIC ACQUISITIONS INC /NV/,OTC
1220754,MODVQ,ModivCare Inc,OTC
1335288,REOS,ReoStar Energy CORP,OTC
1624517,FRQN,"Frequency Holdings, Inc",OTC
1964021,NCNCF,noco-noco Inc.,
1434601,TMGI,"Marquie Group, Inc.",OTC
352991,AOXY,ADVANCED OXYGEN TECHNOLOGIES INC,OTC
1433309,PLTYF,"Plastec Technologies, Ltd.",OTC
1392449,GPLB,Green Planet Bio Engineering Co. Ltd.,OTC
1356914,ECPL,ECOPLUS INC,OTC
1227282,SPOWF,Strata Power Corp,OTC
1413891,HWNI,"HIGH WIRE NETWORKS, INC.",OTC
1869974,OCEA,"Ocean Biomedical, Inc.",OTC
1680689,NRHI,"Natural Resource Holdings, Inc.",OTC
1819395,SONDQ,Sonder Holdings Inc.,OTC
1343009,CNBX,CNBX Pharmaceuticals Inc.,OTC
1404804,OMTK,Omnitek Engineering Corp,OTC
1511820,STEK,Stemtech Corp,OTC
1589150,RGBP,Regen BioPharma Inc,OTC
1710495,PNXP,PINEAPPLE EXPRESS CANNABIS Co,OTC
1358654,RMESF,"RED METAL RESOURCES, LTD.",OTC
1984014,BLMZ,Harrison Global Holdings Inc.,Nasdaq
1416876,FCHS,"First Choice Healthcare Solutions, Inc.",OTC
1230524,LEEN,"Leopard Energy, Inc.",OTC
1730773,BSFC,Blue Star Foods Corp.,OTC
1300734,SISI,"SHINECO, INC.",OTC
1497230,FYNN,Fyntechnical Innovations Inc,OTC
1761696,CRKN,Crown Electrokinetics Corp.,OTC
813716,CIRX,CIRTRAN CORP,OTC
1725911,NBND,NetBrands Corp.,OTC
1935688,LEBGF,Legible Inc.,
1145898,CWNOF,CHINESEWORLDNET COM INC,OTC
1062506,ALDA,ATLANTICA INC,OTC
1609139,INND,"INNERSCOPE HEARING TECHNOLOGIES, INC.",OTC
1929783,WOK,WORK Medical Technology Group LTD,Nasdaq
1812360,FOXO,FOXO TECHNOLOGIES INC.,OTC
1068689,ATDS,"Data443 Risk Mitigation, Inc.",OTC
1734262,CTKYY,CooTek(Cayman)Inc.,OTC
1584480,GTIC,"Greentech Innovations, Inc.",OTC
1796129,VINC,"Vincerx Pharma, Inc.",
799698,LADX,LadRx Corp,OTC
1733298,QTTOY,Qutoutiao Inc.,OTC
1695473,GCAN,"Greater Cannabis Company, Inc.",OTC
1914818,STBXF,Starbox Group Holdings Ltd.,OTC
1991946,CGBSF,Crown LNG Holdings Ltd,OTC
1499961,BINI,"BOLLINGER INNOVATIONS, INC.",OTC
1300306,EMRH,EMERGING HOLDINGS INC,OTC
1722969,NXUR,"Nxu, Inc.",
1279740,ONSS,ONASSIS HOLDINGS CORP.,
1419559,CAMG,"CAM GROUP, INC.",
1883984,ALCE,"Alternus Clean Energy, Inc.",
1772695,NOVAQ,Sunnova Energy International Inc.,
1375793,MLRT,"Metalert, Inc.",
1899658,WLGSF,"WANG & LEE GROUP, Inc.",OTC
1532390,WTER,ALKALINE WATER Co INC,OTC
1803096,STRG,"STARGUIDE GROUP, INC.",OTC
1136174,OTRKQ,"Ontrak, Inc.",
68622,CTBB,QWEST CORP,NYSE
70502,NRUC,NATIONAL RURAL UTILITIES COOPERATIVE FINANCE CORP /DC/,NYSE
823277,CHSCP,CHS INC,Nasdaq
874501,OSG,OCTAVE SPECIALTY GROUP INC,NYSE
894556,CITR,"General Enterprise Ventures, Inc.",NYSE
1000377,VBREY,Vibra Energia S.A./ADR,OTC
1009919,IVHI,"Invech Holdings, Inc.",OTC
1046179,TSM,TAIWAN SEMICONDUCTOR MANUFACTURING CO LTD,NYSE
1052354,MADL,MAN AHL DIVERSIFIED I LP,
1075822,NHFLF,NORTHFIELD CAPITAL CORP,OTC
1124959,XSIAX,VOYA CREDIT INCOME FUND,
1254699,QVCD,QVC INC,NYSE
1267332,IPB,MERRILL LYNCH DEPOSITOR INC INDEXPLUS TRUST SERIES 2003-1,NYSE
1283337,KTN,STRUCTURED PRODUCTS CORP CRED ENHANCE CORTS TR FOR AON CAP A,NYSE
1283464,KTH,STRUCTURED PRODUCTS CORP CORTS TR FOR PECO ENERGY CAP TR III,NYSE
1284143,JBK,LEHMAN ABS CORP GOLDMAN SACHS CAP 1 SEC BACKED SER 2004-6,NYSE
1286405,GJH,STRATS SM TRUST FOR U S CELL CORP SEC SERIES 2004 6,NYSE
1291313,GEHDF,Great Eastern Holdings Ltd,OTC
1294808,PYT,PPLUS Trust Series GSC-2,NYSE
1326706,FEED,"NanoVibronix, Inc.",Nasdaq
1340909,GJO,"STRATS SM TRUST FOR WAL-MART STORES, INC. SECURITIES, SERIES 2005-4",NYSE
1343491,GJP,"STRATS(SM) TRUST FOR DOMINION RESOURCES, INC. SECURITIES, SERIES 2005-6",NYSE
1348952,ELC,"ENTERGY LOUISIANA, LLC",NYSE
1353226,GJR,"STRATS(SM) Trust for Procter & Gamble Securities, Series 2006-1",NYSE
1353611,FXB,Invesco CurrencyShares British Pound Sterling Trust,NYSE
1353612,FXC,Invesco CurrencyShares Canadian Dollar Trust,NYSE
1353614,FXA,Invesco CurrencyShares Australian Dollar Trust,NYSE
1353615,FXF,Invesco CurrencyShares Swiss Franc Trust,NYSE
1356284,GJS,"STRATS(SM) Trust for Goldman Sachs Group Securities, Series 2006-2",NYSE
1357660,GJT,"STRATS(SM) Trust for Allstate Corp Securities, Series 2006-3",NYSE
1383149,UDN,INVESCO DB US DOLLAR INDEX BEARISH FUND,NYSE
1383151,UUP,Invesco DB US Dollar Index Bullish Fund,NYSE
1396878,UGA,"United States Gasoline Fund, LP",NYSE
1403528,OAK-PA,"Brookfield Oaktree Holdings, LLC",NYSE
1405513,UNL,"United States 12 Month Natural Gas Fund, LP",NYSE
1405528,USL,"United States 12 Month Oil Fund, LP",NYSE
1427437,ETI-P,"ENTERGY TEXAS, INC.",NYSE
1427901,GDSRF,Gold Strike Resources Corp.,OTC
1446159,AGPU,Axe Compute Inc.,Nasdaq
1450922,SIVR,abrdn Silver ETF Trust,NYSE
1450923,SGOL,abrdn Gold ETF Trust,NYSE
1456772,OPITQ,OFFICE PROPERTIES INCOME TRUST,OTC
1459862,PALL,abrdn Palladium ETF Trust,NYSE
1460235,PPLT,abrdn Platinum ETF Trust,NYSE
1460702,AIXC,"AIxCrypto Holdings, Inc.",Nasdaq
1470129,VIIQ,VisitIQ Corp.,OTC
1472033,JTGEY,"Citibank,N.A./ADR",OTC
1472494,BNO,"United States Brent Oil Fund, LP",NYSE
1479247,USCI,United States Commodity Index Funds Trust,NYSE
1483386,GLTR,abrdn Precious Metals Basket ETF Trust,NYSE
1503658,WNHK,"Winning Catering Group, Inc.",OTC
1516535,MROSY,Melrose Industries Plc/ADR,OTC
1518258,ASHGY,Ashtead Group plc/ADR,OTC
1544088,DSRNY,DiaSorin SpA/ADR,OTC
1544379,SCRNY,"SCREEN Holdings Co., Ltd./ADR",OTC
1546652,OUNZ,VanEck Merk Gold ETF,NYSE
1547870,BUHPY,Bumrungrad Hospital Public Co Limited/ADR,OTC
1551468,CPPBY,Central Pattana Public Co Limited/ADR,OTC
1561032,NHPAP,"National Healthcare Properties, Inc.",Nasdaq
1577134,TFSA,"Terra Income Fund 6, LLC",NYSE
1582820,IPSAY,IPSOS/ADR,OTC
1610718,ODRS,"Outdoor Specialty Products, Inc.",OTC
1611046,MDLK,ModuLink Inc.,OTC
1618181,GLDM,World Gold Trust,NYSE
1630745,DCFBS,"DCFC Holdings, LLC",OTC
1633369,CAST,"FreeCast, Inc.",OTC
1638097,ENTXW,Entera Bio Ltd.,
1674356,TPTA,"Terra Property Trust, Inc.",NYSE
1690012,ICR-PA,"InPoint Commercial Real Estate Income, Inc.",NYSE
1690437,BAR,GraniteShares Gold Trust,NYSE
1690842,PLTM,GraniteShares Platinum Trust,NYSE
1693736,EQPT,EquipmentShare.com Inc,
1696556,OFRM,"Once Upon a Farm, PBC",
1702015,AIDG,"AIS Holdings Group, Inc.",OTC
1702780,OPTU,"Optimum Communications, Inc.",NYSE
1703118,FUUFF,F3 Uranium Corp.,OTC
1705181,ETCG,Grayscale Ethereum Classic Trust (ETC),OTC
1708646,AAAU,Goldman Sachs Physical Gold ETF,CBOE
1720265,ZCSH,Grayscale Zcash Trust (ZEC),OTC
1723788,BITW,Bitwise 10 Crypto Index ETF,NYSE
1725210,ETHE,Grayscale Ethereum Trust ETF,NYSE
1736734,LBZZ,Lendbuzz Inc.,
1740604,BTGO,"BITGO HOLDINGS, INC.",
1742927,RVPHW,"REVIVA PHARMACEUTICALS HOLDINGS, INC.",Nasdaq
1748945,HZEN,Grayscale Horizen Trust (ZEN),OTC
1750153,GOEVQ,Canoo Inc.,OTC
1753347,EOHC,Edison Oncology Holding Corp,
1756404,PDSRX,Principal Real Asset Fund,
1759124,IAUM,iShares Gold Trust Micro,NYSE
1761325,GXLM,Grayscale Stellar Lumens Trust (XLM),OTC
1763415,BITB,Bitwise Bitcoin ETF,NYSE
1767057,OBTC,Osprey Bitcoin Trust,OTC
1782037,YGMZF,MingZhu Logistics Holdings Ltd,OTC
1789135,PASTY,Plastic Omnium/ADR,OTC
1793497,SVIX,VS Trust,CBOE
1806905,ALEH,ALE Group Holding Ltd,
1807936,BABYF,Else Nutrition Holdings Inc.,OTC
1812286,VCRDX,Harrison Street Infrastructure Income Fund,
1813744,WDSP,"World Scan Project, Inc.",OTC
1838003,EMI,"Encore Medical, Inc.",
1838028,HODL,VanEck Bitcoin ETF,CBOE
1841175,BRRR,CoinShares Bitcoin ETF,Nasdaq
1850391,BTCW,WisdomTree Bitcoin Fund,CBOE
1852023,MANA,Grayscale Decentraland Trust (MANA),OTC
1852024,GLIV,Grayscale Livepeer Trust (LPT),OTC
1852025,GLNK,Grayscale Chainlink Trust ETF,NYSE
1852040,GBAT,Grayscale Basic Attention Token Trust (BAT),OTC
1852317,FBTC,Fidelity Wise Origin Bitcoin Fund,CBOE
1852753,TSLVF,TIER ONE SILVER INC.,OTC
1855781,BTCO,Invesco Galaxy Bitcoin ETF,CBOE
1856491,CBPHF,"Clover Biopharmaceuticals, Ltd.",OTC
1857629,ODOT,Osprey Polkadot Trust,OTC
1858258,FGDL,Franklin Templeton Holdings Trust,NYSE
1860788,ETHV,VanEck Ethereum ETF,CBOE
1868282,OSOL,Osprey Solana Trust,OTC
1869699,ARKB,Ark 21Shares Bitcoin ETF,CBOE
1872066,MIBE,MIAMI BREEZE CAR CARE INC,OTC
1872421,GACW,GACW Inc,OTC
1875994,XXC,XINXU COPPER INDUSTRY TECHNOLOGY Ltd,
1879270,TCRG,Cannaisseur Group Inc.,OTC
1889791,INNP,INNOCAN PHARMA Corp,
1894942,FRFAF,Fresh Factory B.C. Ltd.,OTC
1896036,EIIA,Eagle Point Institutional Income Fund,NYSE
1896677,GSOL,Grayscale Solana Trust ETF,NYSE
1898443,FNXMF,FINEX METALS LTD.,OTC
1901297,ZRCN,ZRCN Inc.,
1915328,ISRLF,Israel Acquisitions Corp,OTC
1916101,OBNB,Osprey BNB Chain Trust,OTC
1918414,NBRG,Newbridge Acquisition Ltd,
1920576,MIMDF,MiMedia Holdings Inc.,OTC
1923622,PGIM,PGIM Private Credit Fund,
1934387,CGL,CGL Logistics Holdings Ltd,
1934807,NXFTY,Next Fifteen Communications Group plc/ADR,OTC
1944955,FNMCD,FIRST NORDIC METALS CORP.,OTC
1945166,MECPF,MUSTANG ENERGY CORP.,OTC
1946021,HSPOF,Horizon Space Acquisition I Corp.,OTC
1947016,FJET,"Starfighters Space, Inc.",
1952670,TVCN,TV Channels Network Inc.,
1958489,CRGT,"Cortigent, Inc.",
1958928,CTWO,COTWO ADVISORS PHYSICAL EUROPEAN CARBON ALLOWANCE TRUST,NYSE
1972589,TDGGF,TDG Gold Corp.,OTC
1976663,NXNT,"Nexscient, Inc.",OTC
1976870,BRBF,BRB Foods Inc.,
1977837,USDW,MADE IN USA INC.,OTC
1980262,HWEP,"HW Electro Co., Ltd.",
1980994,IBIT,iShares Bitcoin Trust ETF,Nasdaq
1984192,RSHL,Rise Smart Group Holdings Ltd,
1985840,DEFI,Tidal Commodities Trust I,NYSE
1991879,TMGX,Thoughtful Media Group Inc.,
1992092,ZDAN,Zerolimit Technology Holding Co. Ltd.,
1992508,TETH,21Shares Ethereum ETF,CBOE
1992870,EZBC,Franklin Templeton Digital Holdings Trust,CBOE
1994238,BORMF,Borealis Mining Co Ltd,OTC
1995569,QETH,Invesco Galaxy Ethereum ETF,CBOE
1997389,FGXC,FG Merger III Corp.,
1997698,PRGY,IGTA Merger Sub Ltd,
1997799,INKS,Aimfinity Investment Merger Sub I,
1997950,INHI,Unitrend Entertainment Group Ltd,
1999119,LBRJ,"Libera Gaming Operations, Inc",
1999474,DTZNY,Dotz Nano Limited/ADR,OTC
2000046,FETH,Fidelity Ethereum Fund,CBOE
2000208,KPL,Kepler Group Ltd,
2000638,ETHA,iShares Ethereum Trust ETF,Nasdaq
2003770,KMYGY,"Kumyang Co., Ltd./ADR",OTC
2004340,SYNSY,Syensqo SA/ADR,OTC
2004385,FGO,FG Holdings Ltd,
2006779,HCYC,HCYC Holding Co,
2007358,SKNGY,SKAN Group AG/ADR,OTC
2007360,PRDIY,Paradox Interactive AB/ADR,OTC
2010218,AAS,Antharas Inc,
2011535,EZET,Franklin Ethereum Trust,CBOE
2011589,MOGMF,Mogotes Metals Inc.,OTC
2013100,VTEK,VISTEK LTD,
2013744,ETHW,Bitwise Ethereum ETF,NYSE
2013873,OMNI,OmnigenicsAI Corp,
2015034,BTC,Grayscale Bitcoin Mini Trust ETF,NYSE
2016864,MPJS,MPJS Group Ltd,
2017541,GVSE,Gameverse Interactive Corp,
2019042,AVG,ANEW HEALTH Ltd,
2019367,ATHNY,Athens International Airport SA/ADR,OTC
2020089,GDEL,Global Development Engineering Co Ltd,
2020414,EDVLY,Endeavour Group Limited/ADR,OTC
2020455,ETH,Grayscale Ethereum Mini Trust ETF,NYSE
2021880,HMH,HMH Holding Inc,
2021989,CUPPF,Super Copper Corp.,OTC
2022097,MEDG,MEDI Group Ltd,
2022469,NRYCF,Nations Royalty Corp.,OTC
2023275,GYGLF,Guzman y Gomez Ltd,OTC
2023719,GFTTY,GFT Technologies SE/ADR,OTC
2023870,LPCHY,Lapco Holdings Limited/ADR,OTC
2024996,STCK,Grayscale Stacks Trust (STX),OTC
2025000,GSNR,Grayscale Near Trust (NEAR),OTC
2025217,MSTKY,MatsukiyoCocokara & Co./ADR,OTC
2025255,AIGO,AIGO HOLDING Ltd,
2027166,NSNFY,"Nissin Foods Holdings Co., Ltd./ADR",OTC
2027329,OPTH,Optimi Health Corp.,
2027330,SGIHY,"Sugi Holdings Co., Ltd./ADR",OTC
2028834,TSOL,21Shares Solana ETF,CBOE
2028835,TOXR,21Shares XRP ETF,CBOE
2029297,GTAO,Grayscale Bittensor Trust (TAO),OTC
2029970,LRVIY,"Laboratorios Farmaceuticos Rovi, S.A./ADR",OTC
2030632,PMHMY,Perfect Medical Health Management Ltd./ADR,OTC
2031069,NCIQ,Hashdex Nasdaq Crypto Index US ETF,Nasdaq
2031760,VROYF,Vizsla Royalties Corp.,OTC
2032241,UHL,UNITED HYDROGEN GLOBAL INC.,
2032274,GINT,Gifts International Holdings Ltd,
2032399,MYCRY,Mycronic AB/ADR,OTC
2032517,SCTAY,Sectra AB/ADR,OTC
2032887,PDYTY,PT Dayamitra Telekomunikasi Tbk/ADR,OTC
2033019,KKSIY,Kokusai Electric Corporation/ADR,OTC
2033315,KBAT,KBAT Group Inc.,
2033522,BTAB,IWAC Holding Co Inc.,
2033615,MGNO,"Magnolia Bancorp, Inc.",OTC
2033684,SQEI,"Squirrel Enlivened International Co., Ltd",
2033738,GTSG,GATES GROUP Inc.,
2033807,EZPZ,Franklin Crypto Trust,CBOE
2034012,GSUI,Grayscale Sui Trust (SUI),OTC
2034300,DDHLY,Digital Domain Holdings Limited/ADR,OTC
2034467,PBRRY,PT Barito Renewables Energy Tbk/ADR,OTC
2034767,UHP,Ultra High Point Holdings Ltd,
2035053,AVAX,Grayscale Avalanche Trust (AVAX),
2035313,LHI,Living Homeopathy International Ltd.,
2036060,SBMW,"Security Midwest Bancorp, Inc.",OTC
2037427,GXRP,Grayscale XRP Trust ETF,NYSE
2038958,MDDTY,Mandatum Oyj/ADR,OTC
2039072,DAVI,DAVION HEALTHCARE PLC,
2039096,ELCG,ELC Group Holdings Ltd.,
2039273,JAGU,Jaguar Uranium Corp.,
2039525,XRP,Bitwise XRP ETF,NYSE
2040733,GLSA,Green Solar Energy Ltd,
2041208,TREO,Plum III Merger Corp.,
2041493,ALUB,Alussa Energy Acquisition Corp. II,
2041869,SOLC,Canary Marinade Solana ETF,Nasdaq
2042176,SMIP,"SPECTRAL IP, INC.",
2042187,KYTFY,Kyoto Financial Group Inc/ADR,OTC
2042444,OBNK,Osprey BONK Trust,OTC
2042460,HAVA,Harvard Ave Acquisition Corp,Nasdaq
2042556,SPGNY,Springer Nature AG & Co. KGaA/ADR,OTC
2043392,SIBO,SIBO HOLDING Ltd,
2044863,TKMTY,"Tokyo Metro Co., Ltd./ADR",OTC
2044984,ARSTY,Ariston Holding N.V./ADR,OTC
2045300,PRNCF,Prince Silver Corp.,OTC
2045434,GHRTF,Greenheart Gold Inc.,OTC
2045440,IDTL,Idea Tech Holding Ltd,
2045872,BSOL,Bitwise Solana Staking ETF,NYSE
2045907,KOKO,KOKOBOTS GROUP,
2046098,ALEUY,ALLEGRO.EU SA/ADR,OTC
2046216,BTFT,Beta FinTech Holdings Ltd,
2046370,UPX,Uptrend Holdings Ltd,
2046386,MDLN,Medline Inc.,
2046462,OTSA,OTSAW Ltd,
2046889,DXG,DeepGreenX Group Inc.,
2046919,RNBW,Rainbow Capital Holdings Ltd,
2047713,DTDT,DT House Ltd,
2047859,SPED,Speed Group Holdings Ltd,
2048270,SMFSY,"Sumitomo Forestry Co., Ltd./ADR",OTC
2048847,FCHDF,Fairchild Gold Corp.,OTC
2049184,BAO,BAO Holding Ltd.,
2049323,AMPM,AM PM Group Ltd,
2049977,STA,"Starton Holdings, Inc.",
2050338,CLBZ,Collab Z Inc.,
2051146,SUWA,Sharewow Ltd,
2051985,IRHO,Iron Horse Acquisition II Corp.,
2052053,PWRL,Powerlaw Corp.,
2053115,YLY,Zi Yun Dong Fang Ltd,
2053383,KXIAY,Kioxia Holdings Corporation/ADR,OTC
2053411,PCPGY,PC Partner Group Ltd/ADR,OTC
2053475,TTEI,TDE GROUP Ltd,
2053791,BWOW,Bitwise Dogecoin ETF,NYSE
2053843,YGSHY,Yangzijiang Shipbuilding Holdings Ltd/ADR,OTC
2054964,AFA,FARLONG HOLDING Corp,
2055337,ASBHY,"Asahi Group Holdings, Ltd./ADR",OTC
2055510,GDOG,Grayscale Dogecoin Trust ETF,NYSE
2055896,GFCHY,Georg Fischer AG/ADR,OTC
2055938,GRLMF,GreenLight Metals Inc.,OTC
2056450,BXRLY,Boxer Retail Limited/ADR,OTC
2057388,SOEZ,Franklin Solana Trust,NYSE
2057757,DBIM,Dbim Holdings Ltd,
2058007,ECST,ECST Holdings Ltd,
2058867,PLAI,PressLogic Inc.,
2058976,RIKU,RIKU DINING GROUP Ltd,
2059438,XRPZ,Franklin XRP Trust,NYSE
2059582,QF,Quad Global Inc.,
2059690,GGTKY,PT GoTo Gojek Tokopedia Tbk/ADR,OTC
2059702,MEON,MEDIAON GROUP INC.,
2059729,TMRD,Timber Road Acquisition Corp,
2059986,ONWRY,Onward Medical N.V./ADR,OTC
2060217,HZRBY,"Horizon Robotics, Inc./ADR",OTC
2060614,XPD,Xpand Boom Technology Inc.,
2060863,NHLTY,Nightingale Health Plc,OTC
2061911,MXUBY,Mixue Bingcheng Co Ltd/ADR,OTC
2061918,MSMU,MSM FRONTIER CAPITAL ACQUISITION CORP.,
2062803,IDPEY,IDP Education Ltd./ADR,OTC
2062807,MNZLY,Mercury NZ Ltd./ADR,OTC
2063022,RGGG,Regenique Group Ltd,
2063116,SCSXY,SCSK Corporation/ADR,OTC
2063231,CLRLY,Central Retail Corp Public Co Limited/ADR,OTC
2063380,FSOL,Fidelity Solana Fund,NYSE
2063413,SMPHY,SM Prime Holdings Inc./ADR,OTC
2063417,MREGY,Meridian Energy Ltd/ADR,OTC
2063671,GRCPY,Canal Plus SA/ADR,OTC
2063675,LSHGY,Louis Hachette Group/ADR,OTC
2063685,PSBTY,PT Sumber Alfaria Trijaya Tbk/ADR,OTC
2064381,THCLY,"Toho Co., Ltd./ADR",OTC
2064551,GST,Ga Sai Tong Enterprise Ltd,
2065232,FIT,Fitness Fanatics Ltd,
2065282,ACMIF,Allied Critical Metals Corp.,OTC
2065485,JXAMY,JX Advanced Metals Corporation/ADR,OTC
2065660,DNCLY,"DeNA Co., Ltd./ADR",OTC
2065707,HIFI,Hillhouse Frontier Holdings Inc.,
2065708,ANDG,Andersen Group Inc.,
2065812,FSSL,FS Specialty Lending Fund,NYSE
2065932,FRLCY,Freelancer Ltd,OTC
2066522,GBH,Gigabit Inc.,
2066600,SCBXY,SCB X Public Co Ltd,OTC
2066601,TKCYY,"Tokyo Ohka Kogyo Co., Ltd./ADR",OTC
2066899,CADV,Club Versante Group Ltd,
2066926,GDNT,Guident Corp.,
2067016,HAMA,HAMA Intelligence Ltd,
2067171,IDXMF,IDEX METALS CORP.,OTC
2067602,SSTR,Solar Strategy Holdings Ltd,
2067715,ALD,"Altech Digital Co., Ltd.",
2067746,JOSS,"JOSS Realty REIT, Inc.",
2067876,VSNT,"Versant Media Group, Inc.",
2068711,CSC,CSC Collective Holdings Ltd,
2069821,BGHL,BILLION GROUP HOLDINGS Ltd,
2069858,APEX,APEX Global Solutions Ltd,
2070261,MKTR,Monkey Tree Investment Ltd,
2070570,RECCY,Reece Limited/ADR,OTC
2070954,SMJF,SMJ International Holdings Inc.,NYSE
2071166,LCDC,LORENZO DEVELOPMENTS INC.,
2071350,YMXK,CHARMING WOW INC,
2071502,KLK,Klook Technology Ltd,
2071607,BMOK,BM Acquisition Corp.,
2071868,JHPCY,"Jiangsu Hengrui Pharmaceuticals Co., Ltd./ADR",OTC
2071881,TRMOY,Tourmaline Oil Corp/ADR,OTC
2071897,PKIUY,Parkland Corp/ADR,OTC
2071911,CPXXY,Capital Power Corp/ADR,OTC
2071912,PRSKY,PrairieSky Royalty Ltd/ADR,OTC
2071913,GBNXY,Gibson Energy Inc/ADR,OTC
2072033,CAEA,Caedryn Acquisition Corp I,
2072098,TMTNY,Toromont Industries Ltd./ADR,OTC
2072315,BENN,Bend NovaTech Group Ltd,
2072389,NPIXY,Northland Power Inc./ADR,OTC
2072563,SAPUY,Saputo Inc./ADR,OTC
2073268,BIREY,Birchcliff Energy Ltd./ADR,OTC
2073545,SBAQ,Subversive Bitcoin Acquisition Corp.,
2073615,ELFTY,Element Fleet Management Corp./ADR,OTC
2073620,PAEXY,Parex Resources Inc./ADR,OTC
2073638,FNIGY,Finning International Inc./ADR,OTC
2073643,METRY,METRO INC./ADR,OTC
2073655,TPZEY,Topaz Energy Corp./ADR,OTC
2073669,HNPHY,Hansoh Pharmaceutical Group Co Limited/ADR,OTC
2073804,TCLXY,TCL Electronics Holdings Limited/ADR,OTC
2073819,JSTT,"Nihon Shintatsu Co., Ltd.",
2073901,TMKVY,Tamarack Valley Energy Ltd./ADR,OTC
2073913,NWCYY,North West Co Inc./ADR,OTC
2073972,SSRLY,Sienna Senior Living Inc./ADR,OTC
2074157,SVICY,StorageVault Canada Inc./ADR,OTC
2074409,QSOL,Invesco Galaxy Solana ETF,
2074878,NWAX,New America Acquisition I Corp.,
2075036,EVON,EvoNexus Group LTD,
2075141,VSGRY,VusionGroup,OTC
2075320,PLYX,"Polaryx Therapeutics, Inc.",
2075474,GGRPY,GPT Group/ADR,OTC
2075877,BKPOY,Bank Pekao S.A./ADR,OTC
2075888,TDST,Thunderstone Acquisition Corp,
2075918,CSCCY,Capstone Copper Corp./ADR,OTC
2076192,WSTN,Westin Acquisition Corp,
2076398,ZSICY,"Zhejiang Sanhua Intelligent Controls Co., Ltd./ADR",OTC
2076427,LATA,Galata Acquisition Corp. II,Nasdaq
2076739,SCII,SC II Acquisition Corp.,
2076975,BRAI,Braiin Ltd,
2077033,MMTX,Miluna Acquisition Corp,Nasdaq
2077146,OBICY,"OBIC Co., Ltd./ADR",OTC
2077242,STJNY,Stella-Jones Inc./ADR,OTC
2078149,VRHI,"Veri MedTech Holdings, Inc.",OTC
2078482,LBKX,BoluoC Acquisition Corp,
2078570,AMTU,"AMATUHI HOLDINGS, INC.",
2078653,RNGT,Range Capital Acquisition Corp II,Nasdaq
2078721,RONE,"ReserveOne Holdings, Inc.",
2078895,ASKRY,Asker Healthcare Group AB/ADR,OTC
2079109,VRXA,Veraxa Biotech Holding AG,
2079706,MBSHY,"Mitsubishi Gas Chemical Company, Inc./ADR",OTC
2079720,BUDA,Buda Juice LLC,
2080003,MLIZY,MELIUZ S.A.,OTC
2080215,USDE,StableCoinX Inc.,
2080434,MFHK,MIBEE AVIATION TECHNOLOGY HOLDING INC,
2080711,ZSSK,ZHONGSHANG TECHNOLOGY INC,
2080803,EVVO,Evvolutions LeadTech Inc,
2080985,ITHA,ITHAX Acquisition Corp III,
2081300,SSAC,SPACSphere Acquisition Corp.,
2081438,GONYF,GO Residential Real Estate Investment Trust,OTC
2081468,MESH,Meshflow Acquisition Corp,
2081532,BLRK,Bluerock Acquisition Corp.,
2081863,LBIO,Longevity Biomedical Holdings Corp.,
2081909,SBXE,SilverBox Corp V,
2082542,BIXI,Bitcoin Infrastructure Acquisition Corp Ltd,
2082844,SAC,Safeguard Acquisition Corp.,
2082847,BWIV,Blue Water Acquisition Corp. IV,
2082876,FHFFY,Foshan Haitian Flavouring & Food Co Ltd./ADR,OTC
2083106,GADA,Grayscale Cardano Trust ETF,
2083119,MRCA,Canary American-Made Crypto ETF,
2083137,DOT,Grayscale Polkadot Trust ETF,
2083143,SCPQ,Social Commerce Partners Corp,
2083217,QADR,QDRO Acquisition Corp.,
2083493,XCBE,X3 Acquisition Corp. Ltd.,
2083689,AEAQ,Activate Energy Acquisition Corp.,
2084227,ADBT,"Advasa Holdings, Inc.",
2084388,XYJG,XYJ TECHNOLOGY Corp,
2084396,IEAG,Infinite Eagle Acquisition Corp.,
2084585,UATCY,"Unisound AI Technology Co., Ltd./ADR",OTC
2084948,HBAR,Grayscale Hedera Trust ETF,
2085177,QRED,QuasarEdge Acquisition Corp,
2085208,DYBTY,Duality Biotherapeutics Inc/ADR,OTC
2085236,AMVOY,AUMOVIO SE,OTC
2085372,JSKJ,"Jiansu (Shanghai) Information Technology Co., Ltd",
2085485,TRAD,APEX Tech Acquisition Inc.,
2085659,SVAQ,Silicon Valley Acquisition Corp.,
2085932,CLSO,Climate Transition Special Opportunities SPAC I,
2086264,VHCP,Vine Hill Capital Investment Corp. II,
2086524,KII,K2 Capital Acquisition Corp,
2086545,ARTC,Art Technology Acquisition Corp.,
2086587,YSS,"Yellowstone Midco Holdings II, LLC",
2087035,AFNX,AfterNext Acquisition I Corp.,
2087447,ZKP,Lafayette Digital Acquisition Corp. I,
2087500,NHKSY,NHK Spring Co. Ltd/ADR,OTC
2087513,FTY,"Feitu Shanglian Cloud Information Technology Co., Ltd",
2087840,ZGJLY,"Zhejiang Leapmotor Technology Co., Ltd./ADR",OTC
2087843,GTLRY,Greatland Resources Limited/ADR,OTC
2087844,MSSHY,Mitsui-Soko Holdings Co Limited/ADR,OTC
2087852,SBCLY,Sumitomo Bakelite Co Limited/ADR,OTC
2087856,AKCLY,Aica Kogyo Co Limited/ADR,OTC
2088103,XFLH,XFLH Capital Corp,
2088339,OBBCY,"OBIC Business Consultants Co., Ltd./ADR",OTC
2088749,KBON,Karbon Capital Partners Corp.,
2088776,ZSHLY,"Zensho Holdings Co., Ltd./ADR",OTC
2088827,HRBAY,"Horiba, Ltd./ADR",OTC
2089174,PTAXY,Paltac Corporation/ADR,OTC
2089488,SNEVY,SUNEVISION HOLDINGS/ADR,OTC
2089499,GLVPY,GLENVEAGH PROPERTIES PLC/ADR,OTC
2089506,TEICY,TOSEI CORP/ADR,OTC
2090231,MTMTY,Metlen Energy & Metals PLC/ADR,OTC
2091585,LKYLY,Locksley Resources Limited/ADR,OTC
2091663,CDTHY,CONDUIT HOLDINGS LTD/ADR,OTC
2092248,NGCOY,"Nagase & Co., Ltd./ADR",OTC
2092252,RENGY,"Rengo Co., Ltd./ADR",OTC
2092258,AWATY,Air Water Inc./ADR,OTC
2093524,APUR,Aperture AC,
2093618,NBKBY,Noba Bank Group AG/ADR,OTC
2093654,ZJGIY,Zijin Gold International Co Limited/ADR,OTC
2093667,MRUWY,"Maruwa Co., Ltd./ADR",OTC
2093856,APXC,APEX CRITICAL METALS CORP.,
2093907,RKGRY,RENK Group AG/ADR,OTC
2093912,PTOR,Praetorian Acquisition Corp.,
2094100,MDCOY,PT Medco Energi Internasional Tbk/ADR,OTC
2094201,DPDSY,DPC DASH LTD/ADR,OTC
2094265,MLAA,Mountain Lake Acquisition Corp. II,
2094433,RMIX,"Suncrete, Inc.",
2094687,CRAUY,"Chery Automobile Co., Ltd./ADR",OTC
2094691,OBOCY,Ottobock SE & Co. KGaA/ADR,OTC
2095161,DBCA,D. Boral Acquisition I Corp.,
2095292,BVENY,Brava Energia S.A.,OTC
2096755,TVIV,Texas Ventures Acquisition IV Corp,
2097427,SZTD,"Shangzhaitong Holding Co., Ltd",
2097508,BLDC,"Blockfusion Data Centers, Inc.",
2098381,LNTCY,"Lens Technology Co., Ltd./ADR",OTC
2098397,ANJFY,"Anjoy Foods Group Co., Ltd./ADR",OTC
2098425,BJGPY,"Beijing Geekplus Technology Co., Ltd./ADR",OTC
2098669,UAC,United Acquisition Corp. I,
2098710,FRTRY,"Fortior Technology (Shenzhen) Co., Ltd./ADR",OTC
2098860,SICCY,"SICC Co., Ltd./ADR",OTC
2099103,ETHB,iShares Staked Ethereum Trust ETF,
2099656,HLXC,Helix Acquisition Corp. III,
1652044,GOOG,Alphabet Inc.,Nasdaq
14272,BMYMP,BRISTOL MYERS SQUIBB CO,OTC
36104,USB-PA,US BANCORP \DE\,NYSE
1067983,BRK-A,BERKSHIRE HATHAWAY INC,NYSE
1046179,TSMWF,TAIWAN SEMICONDUCTOR MANUFACTURING CO LTD,OTC
937966,ASMLF,ASML HOLDING NV,OTC
1577552,BABAF,Alibaba Group Holding Ltd,OTC
19617,JPM-PC,JPMORGAN CHASE & CO,NYSE
19617,JPM-PD,JPMORGAN CHASE & CO,NYSE
70858,BML-PG,BANK OF AMERICA CORP /DE/,NYSE
1000184,SAPGF,SAP SE,OTC
901832,AZNCF,ASTRAZENECA PLC,OTC
1108329,PCCYF,PETROCHINA CO LTD,OTC
70858,BML-PH,BANK OF AMERICA CORP /DE/,NYSE
70858,BML-PL,BANK OF AMERICA CORP /DE/,NYSE
70858,BAC-PB,BANK OF AMERICA CORP /DE/,NYSE
1114448,NVSEF,NOVARTIS AG,OTC
1094517,TOYOF,TOYOTA MOTOR CORP/,OTC
70858,BAC-PK,BANK OF AMERICA CORP /DE/,NYSE
70858,BAC-PE,BANK OF AMERICA CORP /DE/,NYSE
70858,BML-PJ,BANK OF AMERICA CORP /DE/,NYSE
353278,NONOF,NOVO NORDISK A S,OTC
1306965,RYDAF,Shell plc,OTC
1089113,HBCYF,HSBC HOLDINGS PLC,OTC
72971,WFC-PY,WELLS FARGO & COMPANY/MN,NYSE
1268896,CILJF,CHINA LIFE INSURANCE CO LTD,OTC
1378580,EADSF,Airbus SE/ADR,OTC
72971,WFC-PL,WELLS FARGO & COMPANY/MN,NYSE
67088,MBFJF,MITSUBISHI UFJ FINANCIAL GROUP INC,OTC
313838,SNEJF,Sony Group Corp,OTC
891478,BCDRF,"Banco Santander, S.A.",OTC
811809,BHPLF,BHP Group Ltd,OTC
732717,TBB,AT&T INC.,NYSE
1121404,SNYNF,Sanofi,OTC
1091587,ABLZF,ABB LTD,OTC
1091587,ABBNY,ABB LTD,OTC
1668717,BUDFF,Anheuser-Busch InBev SA/NV,OTC
1303523,BTAFF,British American Tobacco p.l.c.,OTC
72971,WFC-PC,WELLS FARGO & COMPANY/MN,NYSE
946770,DTEGF,DEUTSCHE TELEKOM AG,OTC
313807,BPAQF,BP PLC,OTC
863064,RTPPF,RIO TINTO PLC,OTC
1022837,SMFNF,"SUMITOMO MITSUI FINANCIAL GROUP, INC.",OTC
1438656,IDEXF,Industria de Diseno Textil Inditex SA / ADR,OTC
1445162,BYDDF,BYD CO LTD,OTC
70866,NCRRP,NCR Voyix Corp,OTC
769594,NTTYY,NIPPON TELEGRAPH & TELEPHONE CORP,OTC
1131399,GLAXF,GSK plc,OTC
1161167,AIQUF,L AIR LIQUIDE SA /FI,OTC
1140625,STOHF,EQUINOR ASA,OTC
1123658,SNPMF,CHINA PETROLEUM & CHEMICAL CORP,OTC
1067318,MBGAF,DAIMLER AG,OTC
1110646,NETTF,"NetEase, Inc.",OTC
36104,USB-PH,US BANCORP \DE\,NYSE
895728,EBBNF,ENBRIDGE INC,OTC
1026214,FMCCT,FEDERAL HOME LOAN MORTGAGE CORP,OTC
30554,CTA-PB,"EIDP, Inc.",NYSE
36104,USB-PP,US BANCORP \DE\,NYSE
1445465,PPRUF,Kering,OTC
886982,GS-PA,GOLDMAN SACHS GROUP INC,NYSE
1129137,AMXOF,AMERICA MOVIL SAB DE CV/,OTC
895421,MS-PA,MORGAN STANLEY,NYSE
886982,GS-PD,GOLDMAN SACHS GROUP INC,NYSE
895421,MS-PK,MORGAN STANLEY,NYSE
895421,MS-PI,MORGAN STANLEY,NYSE
1119639,PBR-A,PETROBRAS - PETROLEO BRASILEIRO SA,NYSE
895564,BAESF,BAE SYSTEMS PLC /FI/,OTC
1106215,KDDIF,KDDI CORP,OTC
1446250,BAMXF,Bayerische Motoren Werke AG/ADR,OTC
895421,MS-PF,MORGAN STANLEY,NYSE
895421,MS-PE,MORGAN STANLEY,NYSE
929869,RLXXF,RELX PLC,OTC
1326160,DUK-PA,Duke Energy CORP,NYSE
1002242,EIPAF,ENI SPA,OTC
1166691,CCZ,COMCAST CORP,NYSE
1446250,BYMOF,Bayerische Motoren Werke AG/ADR,OTC
719245,WEBNF,WESTPAC BANKING CORP,OTC
1107457,IFNNF,INFINEON TECHNOLOGIES AG,OTC
1335730,MZHOF,MIZUHO FINANCIAL GROUP INC,OTC
47710,HTHIF,HITACHI LTD,OTC
316709,SCHW-PD,SCHWAB CHARLES CORP,NYSE
1004315,NGGTF,NATIONAL GRID PLC,OTC
1395064,TKPHF,TAKEDA PHARMACEUTICAL CO LTD,OTC
1329099,BAIDF,"Baidu, Inc.",OTC
835403,DGEAF,DIAGEO PLC,OTC
1446519,DKILF,Daikin Industries Ltd,OTC
718940,BECEF,BCE INC,OTC
1063761,SPG-PJ,SIMON PROPERTY GROUP INC.,NYSE
1512673,BSQKZ,"Block, Inc.",OTC
30554,CTA-PA,"EIDP, Inc.",NYSE
1232384,TNCAF,TC ENERGY CORP,OTC
1039765,INGVF,ING GROEP NV,OTC
1099219,MET-PA,METLIFE INC,NYSE
1269238,TRPCF,Trip.com Group Ltd,OTC
355363,ITOCF,ITOCHU CORP,OTC
1099219,MET-PE,METLIFE INC,NYSE
1160106,LLDTF,Lloyds Banking Group plc,OTC
1045609,PLDGP,"Prologis, Inc.",OTC
844551,WOPEF,WOODSIDE ENERGY GROUP LTD,OTC
842180,BBVXF,"BANCO BILBAO VIZCAYA ARGENTARIA, S.A.",OTC
1900304,HLNCF,Haleon plc,OTC
1232384,TCANF,TC ENERGY CORP,OTC
1393311,PSA-PH,Public Storage,NYSE
715153,HNDAF,HONDA MOTOR CO LTD,OTC
1359519,SVNDF,SEVEN & I HOLDINGS CO LTD,OTC
1549802,JDCMF,"JD.com, Inc.",OTC
1116578,PUKPF,PRUDENTIAL PLC,OTC
1001085,BAMGF,BROOKFIELD Corp /ON/,OTC
46619,HEI-A,HEICO CORP,NYSE
886986,TCKRF,TECK RESOURCES LTD,OTC
924613,NOKBF,NOKIA CORP,OTC
1279967,CRARF,CREDIT AGRICOLE S A,OTC
899051,ALL-PB,ALLSTATE CORP,NYSE
1136808,ENAKF,E.ON SE,OTC
844150,RBSPF,NatWest Group plc,OTC
717826,ERIXF,ERICSSON LM TELEPHONE CO,OTC
1393311,PSA-PK,Public Storage,NYSE
899051,ALL-PH,ALLSTATE CORP,NYSE
35527,FITB,FIFTH THIRD BANCORP,Nasdaq
1038143,FNCTF,ORANGE,OTC
800365,FUJIF,FUJI PHOTO FILM CO LTD /FI,OTC
920760,LEN-B,LENNAR CORP /NEW/,NYSE
1754301,FOX,Fox Corp,Nasdaq
1535628,CIXPF,CaixaBank/ADR,OTC
55067,K,KELLANOVA,NYSE
312069,BCLYF,BARCLAYS PLC,OTC
943819,RSMDF,RESMED INC,OTC
1012037,CODGF,COMPAGNIE DE SAINT GOBAIN,OTC
1791706,LAAOF,Li Auto Inc.,OTC
16988,CAJPY,CANON INC,OTC
1070304,ORXCF,ORIX CORP,OTC
814052,TEFOF,TELEFONICA S A,OTC
839923,VODPF,VODAFONE GROUP PUBLIC LTD CO,OTC
1160330,BBDO,BANK BRADESCO,NYSE
798941,FCNCB,FIRST CITIZENS BANCSHARES INC /DE/,OTC
1434265,GNMSF,GENMAB A/S,OTC
1700171,ANNSF,Aena S.A./ADR,OTC
1297996,DLR-PK,"DIGITAL REALTY TRUST, INC.",NYSE
733099,RCIAF,ROGERS COMMUNICATIONS INC,OTC
932787,STMEF,STMicroelectronics N.V.,OTC
1518258,ASHTF,Ashtead Group plc/ADR,OTC
1142231,HKHHF,HEINEKEN HOLDING N V,OTC
1560385,FWONK,Liberty Media Corp,Nasdaq
1243429,AMSYF,ArcelorMittal,OTC
1436778,SAXPF,Sampo OYJ,OTC
1038683,RYAOF,RYANAIR HOLDINGS PLC,OTC
63754,MKC-V,MCCORMICK & CO INC,NYSE
1297996,DLR-PJ,"DIGITAL REALTY TRUST, INC.",NYSE
1190723,TNRSF,TENARIS SA,OTC
1618755,RSTRF,Restaurant Brands International Limited Partnership,OTC
92122,SOJC,SOUTHERN CO,NYSE
16988,CAJFF,CANON INC,OTC
910631,COCSF,COCA COLA FEMSA SAB DE CV,OTC
1126113,TELNF,TELENOR ASA,OTC
1810997,XPNGF,XPENG INC.,OTC
1617640,Z,"ZILLOW GROUP, INC.",Nasdaq
93751,STT-PG,STATE STREET CORP,NYSE
1449566,WLMIF,Wilmar International Ltd,OTC
1093028,EJPRF,EAST JAPAN RAILWAY CO /FI,OTC
1560385,FWONB,Liberty Media Corp,OTC
310522,FNMAS,FEDERAL NATIONAL MORTGAGE ASSOCIATION FANNIE MAE,OTC
874766,HIG-PG,"HARTFORD INSURANCE GROUP, INC.",NYSE
310522,FNMAJ,FEDERAL NATIONAL MORTGAGE ASSOCIATION FANNIE MAE,OTC
1450346,POAHF,Porsche Automobil Holding SE / ADR,OTC
930157,RKLIF,RENTOKIL INITIAL PLC /FI,OTC
1163653,NRSCF,NOMURA HOLDINGS INC,OTC
1712356,HRNNF,Hydro One Ltd,OTC
310522,FNMAH,FEDERAL NATIONAL MORTGAGE ASSOCIATION FANNIE MAE,OTC
1159152,JHIUF,James Hardie Industries plc,OTC
1564708,NWS,NEWS CORP,Nasdaq
1518542,SPXSF,Spirax-Sarco Engineering PLC/ADR,OTC
313216,RYLPF,KONINKLIJKE PHILIPS NV,OTC
1748790,AMCCF,Amcor plc,OTC
1450159,SURDF,"Sumitomo Realty & Development Co., Ltd./ADR",OTC
12208,BIO-B,"BIO-RAD LABORATORIES, INC.",NYSE
1030475,CHEAF,CHINA EASTERN AIRLINES CORP LTD,OTC
1041668,CHKIF,CHINA SOUTHERN AIRLINES CO LTD,OTC
1158838,ADTTF,ADVANTEST CORP,OTC
91576,KEY-PK,KEYCORP /NEW/,NYSE
904868,FSNUF,Fresenius SE & Co. KGaA,OTC
818686,TEVJF,TEVA PHARMACEUTICAL INDUSTRIES LTD,OTC
1517231,SSMXF,Sysmex Corporation/ADR,OTC
1078642,CRERF,CARREFOUR SA,OTC
14693,BF-B,BROWN FORMAN CORP,NYSE
91576,KEY-PJ,KEYCORP /NEW/,NYSE
1475011,JBARF,Julius Baer Group Ltd.,OTC
1281721,SGIOF,SHIONOGI & CO LTD,OTC
915191,FRFFF,FAIRFAX FINANCIAL HOLDINGS LTD/ CAN,OTC
1043219,NLY-PG,ANNALY CAPITAL MANAGEMENT INC,NYSE
1547873,PTPIF,PT Chandra Asri Petrochemical Tbk/ADR,OTC
1043219,NLY-PF,ANNALY CAPITAL MANAGEMENT INC,NYSE
1131345,NVZMF,NOVOZYMES AS/FI,OTC
1858681,APO-PA,"Apollo Global Management, Inc.",NYSE
91576,KEY-PI,KEYCORP /NEW/,NYSE
1736541,NIOIF,NIO Inc.,OTC
927971,FNGD,BANK OF MONTREAL /CAN/,NYSE
1172724,GFIOF,GOLD FIELDS LTD,OTC
915191,FRFXF,FAIRFAX FINANCIAL HOLDINGS LTD/ CAN,OTC
1003935,NCSYF,NICE Ltd.,OTC
930826,SVYSF,SOLVAY S A /ADR/,OTC
1474968,GELYF,Geely Automobile Holdings Limited/ADR,OTC
105016,WSO-B,WATSCO INC,NYSE
1333141,FMCQF,Fresenius Medical Care AG,OTC
912595,MAA-PI,MID AMERICA APARTMENT COMMUNITIES INC.,NYSE
1611983,LBRDB,Liberty Broadband Corp,OTC
1281761,RF-PC,REGIONS FINANCIAL CORP,NYSE
947484,ACGLO,ARCH CAPITAL GROUP LTD.,Nasdaq
845982,SNNUF,SMITH & NEPHEW PLC,OTC
1611983,LBRDK,Liberty Broadband Corp,Nasdaq
1072397,BZLFF,BUNZL PLC,OTC
1161611,ALMMF,ALUMINUM CORP OF CHINA LTD,OTC
858446,ICHGF,INTERCONTINENTAL HOTELS GROUP PLC /NEW/,OTC
1127248,ERRAF,EMERA INC,OTC
4457,UHAL-B,U-Haul Holding Co /NV/,NYSE
24545,TAP-A,MOLSON COORS BEVERAGE CO,NYSE
1446597,DQJCF,Don Quijote Holdings Co Ltd,OTC
1504122,PBNNF,PT Bank Negara Indonesia (Persero) Tbk/ADR,OTC
806968,WPPGF,WPP plc,OTC
1437672,PRYMF,Prysmian S.p.A.,OTC
1690981,NNGPF,NN Group NV/ADR,OTC
1062066,AOMFF,ALSTOM,OTC
1347557,GPAEF,Pacific Airport Group,OTC
1034983,MNBEF,MINEBEA MITSUMI Inc.,OTC
1446656,KIKOF,Kikkoman Corp,OTC
769218,AEGOF,AEGON LTD.,OTC
1125259,CUKPF,CARNIVAL PLC,OTC
1026214,FREJO,FEDERAL HOME LOAN MORTGAGE CORP,OTC
1447100,YAMHF,"Yamaha Motor Co., Ltd.",OTC
2057463,GLIBB,"GCI Liberty, Inc.",OTC
1786909,SBYSF,Sibanye Stillwater Ltd,OTC
353991,NDEKF,NITTO DENKO CORP / ADR/,OTC
1123452,ASRMF,SOUTHEAST AIRPORT GROUP,OTC
1567172,JGSHF,"JG Summit Holdings, Inc./ADR",OTC
1570585,LBTYB,Liberty Global Ltd.,Nasdaq
100826,UEPCN,UNION ELECTRIC CO,OTC
1076378,CXMSF,CEMEX SAB DE CV,OTC
2072563,SAPIF,Saputo Inc./ADR,OTC
1544379,DINRF,"SCREEN Holdings Co., Ltd./ADR",OTC
1026214,FMCKI,FEDERAL HOME LOAN MORTGAGE CORP,OTC
938323,PSORF,PEARSON PLC,OTC
1423689,AGNCM,AGNC Investment Corp.,Nasdaq
1423689,AGNCN,AGNC Investment Corp.,Nasdaq
898174,RZB,REINSURANCE GROUP OF AMERICA INC,NYSE
100826,UEPEO,UNION ELECTRIC CO,OTC
100826,UEPEP,UNION ELECTRIC CO,OTC
1884082,PSNYW,Polestar Automotive Holding UK PLC,Nasdaq
314590,SASOF,SASOL LTD,OTC
899689,VNORP,VORNADO REALTY TRUST,OTC
1562401,AMH-PH,American Homes 4 Rent,NYSE
1026214,FMCCI,FEDERAL HOME LOAN MORTGAGE CORP,OTC
34903,FRT-PC,FEDERAL REALTY INVESTMENT TRUST,NYSE
1600520,OSCUF,"Japan Exchange Group, Inc./ADR",OTC
1562401,AMH-PG,American Homes 4 Rent,NYSE
1748797,DOOO,BRP Inc.,Nasdaq
899689,VNO-PL,VORNADO REALTY TRUST,NYSE
100826,UEPCP,UNION ELECTRIC CO,OTC
1527469,ATH-PA,Athene Holding Ltd.,NYSE
1560385,LLYVA,Liberty Media Corp,Nasdaq
899689,VNO-PM,VORNADO REALTY TRUST,NYSE
886982,GS-PC,GOLDMAN SACHS GROUP INC,NYSE
1157557,CIG-C,ENERGY CO OF MINAS GERAIS,NYSE
100826,UEPEM,UNION ELECTRIC CO,OTC
100826,UEPEN,UNION ELECTRIC CO,OTC
1723690,BLBLF,Bilibili Inc.,OTC
1535929,VOYA-PB,"Voya Financial, Inc.",NYSE
1562805,XZJCF,Mitsui Kinzoku Co Ltd./ADR,OTC
1438569,GIFLF,Grifols SA,OTC
1489079,PADEF,Adaro Energy PT/ADR/,OTC
1438569,GIFOF,Grifols SA,OTC
1710864,MSUXF,Misumi Group Inc./ADR,OTC
913144,RNR-PF,RENAISSANCERE HOLDINGS LTD,NYSE
1289688,JCYCF,Jardine Cycle & Carriage Ltd.,OTC
1481045,DSECF,Daiwa Securities Group Inc.,OTC
811156,CMSA,CMS ENERGY CORP,NYSE
879101,KIM-PM,KIMCO REALTY CORP,NYSE
1040971,SLG-PI,SL GREEN REALTY CORP,NYSE
879101,KIM-PL,KIMCO REALTY CORP,NYSE
1446596,FANUF,Fanuc Ltd,OTC
1567683,CWEN-A,"Clearway Energy, Inc.",NYSE
1581285,BCUCF,Brunello Cucinelli S.p.A./ADR,OTC
1447126,KAKKF,Kawasaki Kisen Kaisha Ltd,OTC
2084022,SFGRF,Sony Financial Group Inc./ADR,OTC
1581760,LIFX,"Life360, Inc.",OTC
1438569,GIKLY,Grifols SA,OTC
1004980,PCG-PA,PG&E Corp,NYSE
1403528,OAK-PB,"Brookfield Oaktree Holdings, LLC",NYSE
1593538,JSM,NAVIENT CORP,Nasdaq
5513,UNMA,Unum Group,NYSE
1004980,PCG-PB,PG&E Corp,NYSE
18349,SNV-PD,SYNOVUS FINANCIAL CORP,NYSE
1370418,SLFPF,STANDARD LIFE PLC,OTC
763901,BPOPO,"POPULAR, INC.",OTC
1023514,HGMCF,HARMONY GOLD MINING CO LTD,OTC
2068427,ZLDPF,Zealand Pharma A/S/ADR,OTC
78150,PHTCF,PLDT Inc.,OTC
2006911,HOYFF,Huhtamaki Oyj/ADR,OTC
1004980,PCG-PE,PG&E Corp,NYSE
1045450,EPR-PG,EPR PROPERTIES,NYSE
1695519,ATGFF,AltaGas Ltd.,OTC
1469395,PPENF,Pampa Energy Inc.,OTC
794685,GAB-PG,GABELLI EQUITY TRUST INC,NYSE
1364885,SPR,"Spirit AeroSystems Holdings, Inc.",NYSE
1004980,PCG-PD,PG&E Corp,NYSE
1004980,PCG-PC,PG&E Corp,NYSE
310522,FNMFN,FEDERAL NATIONAL MORTGAGE ASSOCIATION FANNIE MAE,OTC
1012019,RUSHB,RUSH ENTERPRISES INC \TX\,Nasdaq
1744659,AKRO,"Akero Therapeutics, Inc.",Nasdaq
1004980,PCG-PH,PG&E Corp,NYSE
1559444,FURCF,FORVIA SE/ADR,OTC
925261,AKO-B,ANDINA BOTTLING CO INC,NYSE
1004980,PCG-PG,PG&E Corp,NYSE
1378239,GAERF,Central North Airport Group,OTC
1214816,AXS-PE,AXIS CAPITAL HOLDINGS LTD,NYSE
936340,DTW,DTE ENERGY CO,NYSE
1592438,ROYMY,Royal Mail plc/ADR,OTC
1126956,SR-PA,SPIRE INC,NYSE
1004980,PCG-PI,PG&E Corp,NYSE
932470,TCMFF,TELECOM ARGENTINA SA,OTC
1032033,SLMBP,SLM Corp,Nasdaq
78814,PBI-PB,PITNEY BOWES INC /DE/,NYSE
1571283,REXR-PB,"Rexford Industrial Realty, Inc.",NYSE
1049724,DLAKF,DEUTSCHE LUFTHANSA A G /FI,OTC
720672,SF-PB,STIFEL FINANCIAL CORP,NYSE
1570585,LBTYK,Liberty Global Ltd.,Nasdaq
1465740,TWO-PC,TWO HARBORS INVESTMENT CORP.,NYSE
1792627,JTKWY,Just Eat Takeaway.com N.V.,OTC
43920,GEF-B,"GREIF, INC",NYSE
1685040,BHFAL,"Brighthouse Financial, Inc.",Nasdaq
1409493,CIM-PB,CHIMERA INVESTMENT CORP,NYSE
1409493,CIM-PD,CHIMERA INVESTMENT CORP,NYSE
1447101,TYTMF,Tokyo Tatemono Co Ltd,OTC
67887,MOG-B,MOOG INC.,NYSE
714310,VLYPP,VALLEY NATIONAL BANCORP,Nasdaq
1592049,RYKKF,Ryohin Keikaku Co/ADR,OTC
1409493,CIM-PC,CHIMERA INVESTMENT CORP,NYSE
1465740,TWO-PB,TWO HARBORS INVESTMENT CORP.,NYSE
908732,SPTJF,SINOPEC SHANGHAI PETROCHEMICAL CO LTD,OTC
1465740,TWO-PA,TWO HARBORS INVESTMENT CORP.,NYSE
11544,WRB-PE,BERKLEY W R CORP,NYSE
1536787,SOHGY,ALSOK Co Ltd./ADR,OTC
801337,WBS-PF,WEBSTER FINANCIAL CORP,NYSE
357294,HOVNP,HOVNANIAN ENTERPRISES INC,Nasdaq
714310,VLYPO,VALLEY NATIONAL BANCORP,Nasdaq
1511337,RLJ-PA,RLJ Lodging Trust,NYSE
1474098,PEB-PF,Pebblebrook Hotel Trust,NYSE
1474098,PEB-PE,Pebblebrook Hotel Trust,NYSE
7789,ASB-PE,ASSOCIATED BANC-CORP,NYSE
1409493,CIM-PA,CHIMERA INVESTMENT CORP,NYSE
1455633,PEGRF,Pennon Group Plc / ADR,OTC
99614,TY-P,TRI-CONTINENTAL Corp,NYSE
1055160,MFA-PB,"MFA FINANCIAL, INC.",NYSE
1545057,PTXAF,PT XLSMART Telecom Sejahtera Tbk/ADR,OTC
1958140,BATRK,"Atlanta Braves Holdings, Inc.",Nasdaq
1648257,HMDCF,HUTCHMED (China) Ltd,OTC
1026214,FMCCG,FEDERAL HOME LOAN MORTGAGE CORP,OTC
1685040,BHFAP,"Brighthouse Financial, Inc.",Nasdaq
310522,FNMAM,FEDERAL NATIONAL MORTGAGE ASSOCIATION FANNIE MAE,OTC
92108,SOCGP,SOUTHERN CALIFORNIA GAS CO,OTC
18654,AILLI,Ameren Illinois Co,OTC
1660734,TRTN-PA,Triton International Ltd,NYSE
1618563,NSA-PA,National Storage Affiliates Trust,NYSE
1958140,BATRB,"Atlanta Braves Holdings, Inc.",OTC
107815,WELPP,WISCONSIN ELECTRIC POWER CO,OTC
18654,AILLM,Ameren Illinois Co,OTC
18654,AILLN,Ameren Illinois Co,OTC
1448611,CDGLF,ComfortDelGro Corp Ltd,OTC
310522,FNMAN,FEDERAL NATIONAL MORTGAGE ASSOCIATION FANNIE MAE,OTC
1628063,SRG-PA,Seritage Growth Properties,NYSE
98677,TROLB,TOOTSIE ROLL INDUSTRIES INC,OTC
18654,AILIM,Ameren Illinois Co,OTC
729580,BELFB,BEL FUSE INC /NJ,Nasdaq
1026214,FMCCJ,FEDERAL HOME LOAN MORTGAGE CORP,OTC
310522,FNMAI,FEDERAL NATIONAL MORTGAGE ASSOCIATION FANNIE MAE,OTC
1543726,NHNKF,Nihon Kohden Corporation/ADR,OTC
1770561,CODQL,Coronado Global Resources Inc.,OTC
1421876,GLPGF,GALAPAGOS NV,OTC
18654,AILLO,Ameren Illinois Co,OTC
910108,LXP-PC,LXP Industrial Trust,NYSE
1683252,TKCM,TOKEN COMMUNITIES LTD.,OTC
310522,FNMAT,FEDERAL NATIONAL MORTGAGE ASSOCIATION FANNIE MAE,OTC
18654,AILIN,Ameren Illinois Co,OTC
310522,FNMAK,FEDERAL NATIONAL MORTGAGE ASSOCIATION FANNIE MAE,OTC
1437071,IVR-PC,Invesco Mortgage Capital Inc.,NYSE
2035057,IFCNF,Inficon Holding AG/ADR,OTC
845877,AGM-A,FEDERAL AGRICULTURAL MORTGAGE CORP,NYSE
8063,ATROB,ASTRONICS CORP,OTC
887733,CENTA,CENTRAL GARDEN & PET CO,Nasdaq
310522,FNMAL,FEDERAL NATIONAL MORTGAGE ASSOCIATION FANNIE MAE,OTC
310522,FNMFM,FEDERAL NATIONAL MORTGAGE ASSOCIATION FANNIE MAE,OTC
18654,AILLP,Ameren Illinois Co,OTC
107140,WLYB,"JOHN WILEY & SONS, INC.",NYSE
310522,FNMAO,FEDERAL NATIONAL MORTGAGE ASSOCIATION FANNIE MAE,OTC
1267395,AHL-PE,ASPEN INSURANCE HOLDINGS LTD,NYSE
310522,FNMAG,FEDERAL NATIONAL MORTGAGE ASSOCIATION FANNIE MAE,OTC
1050825,SCS,STEELCASE INC,NYSE
310522,FNMFO,FEDERAL NATIONAL MORTGAGE ASSOCIATION FANNIE MAE,OTC
1336917,UA,"Under Armour, Inc.",NYSE
1642365,ALTB,Alpine Auto Brokers Inc.,OTC
1423210,ARZTF,ARYZTA AG (fka IAWS GROUP PLC),OTC
1504461,NGL-PB,NGL Energy Partners LP,NYSE
1712184,LILAK,Liberty Latin America Ltd.,Nasdaq
1260729,GDV-PH,GABELLI DIVIDEND & INCOME TRUST,NYSE
1553079,FISK,"Empire State Realty OP, L.P.",NYSE
912892,GRPFF,"GRUPO TELEVISA, S.A.B.",OTC
1412558,EVOTF,Evotec SE,OTC
1504461,NGL-PC,NGL Energy Partners LP,NYSE
907254,BFS-PD,"SAUL CENTERS, INC.",NYSE
1026214,FMCCL,FEDERAL HOME LOAN MORTGAGE CORP,OTC
1526113,GNL-PA,"Global Net Lease, Inc.",NYSE
1553079,OGCP,"Empire State Realty OP, L.P.",NYSE
1026214,FMCKL,FEDERAL HOME LOAN MORTGAGE CORP,OTC
1464423,PMT-PA,PennyMac Mortgage Investment Trust,NYSE
1464423,PMT-PB,PennyMac Mortgage Investment Trust,NYSE
1578955,SBOEF,SBO AG/ADR,OTC
1712184,LILAB,Liberty Latin America Ltd.,OTC
1585389,STSFF,"SmartStop Self Storage REIT, Inc.",OTC
1280784,HCXY,"Hercules Capital, Inc.",NYSE
794685,GAB-PH,GABELLI EQUITY TRUST INC,NYSE
1026214,FMCCS,FEDERAL HOME LOAN MORTGAGE CORP,OTC
1412100,MHLA,"Maiden Holdings, Ltd.",NYSE
1673504,AGLY,Atlantis Glory Inc.,OTC
1026214,FMCCO,FEDERAL HOME LOAN MORTGAGE CORP,OTC
1066605,HSII,HEIDRICK & STRUGGLES INTERNATIONAL INC,Nasdaq
1267395,AHL-PD,ASPEN INSURANCE HOLDINGS LTD,NYSE
1345126,CODI-PB,Compass Diversified Holdings,NYSE
1026214,FMCKN,FEDERAL HOME LOAN MORTGAGE CORP,OTC
1392972,PRO,"PROS Holdings, Inc.",NYSE
1026214,FREJN,FEDERAL HOME LOAN MORTGAGE CORP,OTC
1503154,CMGMF,Chemring Group PLC/ADR,OTC
1026214,FMCCN,FEDERAL HOME LOAN MORTGAGE CORP,OTC
1026214,FMCKO,FEDERAL HOME LOAN MORTGAGE CORP,OTC
1598655,GLOP-PB,GasLog Partners LP,NYSE
1026214,FMCKJ,FEDERAL HOME LOAN MORTGAGE CORP,OTC
1026214,FMCKM,FEDERAL HOME LOAN MORTGAGE CORP,OTC
1598655,GLOP-PC,GasLog Partners LP,NYSE
1026214,FREGP,FEDERAL HOME LOAN MORTGAGE CORP,OTC
1598655,GLOP-PA,GasLog Partners LP,NYSE
1026214,FMCCH,FEDERAL HOME LOAN MORTGAGE CORP,OTC
1026214,FMCCK,FEDERAL HOME LOAN MORTGAGE CORP,OTC
1726173,BH,Biglari Holdings Inc.,NYSE
719413,HL-PB,HECLA MINING CO/DE/,NYSE
1026214,FMCCP,FEDERAL HOME LOAN MORTGAGE CORP,OTC
1026214,FMCCM,FEDERAL HOME LOAN MORTGAGE CORP,OTC
1026214,FMCKP,FEDERAL HOME LOAN MORTGAGE CORP,OTC
1569187,AHH-PA,"Armada Hoffler Properties, Inc.",NYSE
1897463,GRAF-UN,Graf Global Corp.,NYSE
1482430,KBSR,"KBS Real Estate Investment Trust III, Inc.",OTC
922358,FGPRB,FERRELLGAS PARTNERS L P,OTC
1497645,INN-PE,"Summit Hotel Properties, Inc.",NYSE
1677576,IIPR-PA,INNOVATIVE INDUSTRIAL PROPERTIES INC,NYSE
2079013,HCACU,Hall Chadwick Acquisition Corp,Nasdaq
40417,GAM-PB,GENERAL AMERICAN INVESTORS CO INC,NYSE
800240,ODP,ODP Corp,Nasdaq
2086771,ELEMF,Elemental Royalty Corp,OTC
1345126,CODI-PA,Compass Diversified Holdings,NYSE
1452857,SPLP,STEEL PARTNERS HOLDINGS L.P.,OTC
43196,GTN-A,"GRAY MEDIA, INC",NYSE
1345099,MEOBF,MESOBLAST LTD,OTC
1023512,DRDGF,DRDGOLD LTD,OTC
800457,DGICB,DONEGAL GROUP INC,Nasdaq
1503584,CMRE-PB,Costamare Inc.,NYSE
357294,HOVVB,HOVNANIAN ENTERPRISES INC,OTC
1503584,CMRE-PD,Costamare Inc.,NYSE
1503584,CMRE-PC,Costamare Inc.,NYSE
845877,AGM-PD,FEDERAL AGRICULTURAL MORTGAGE CORP,NYSE
1561032,HLTC,"National Healthcare Properties, Inc.",OTC
216085,HVT-A,HAVERTY FURNITURE COMPANIES INC,NYSE
921671,GGT-PE,GABELLI MULTIMEDIA TRUST INC.,NYSE
1158399,BRCNF,Burcon NutraScience Corp,OTC
1313510,GGN-PB,"GAMCO Global Gold, Natural Resources & Income Trust",NYSE
863110,ARTNB,ARTESIAN RESOURCES CORP,OTC
1505065,BRSYF,Brainsway Ltd.,OTC
353184,AIRTP,AIR T INC,Nasdaq
1593222,CIO-PA,"City Office REIT, Inc.",NYSE
1514281,MITT-PA,"AG Mortgage Investment Trust, Inc.",NYSE
752642,UMH-PD,"UMH PROPERTIES, INC.",NYSE
1537543,MTGRF,MGX Resources Limited/ADR,OTC
1604174,ECCX,Eagle Point Credit Co Inc.,NYSE
1514281,MITT-PB,"AG Mortgage Investment Trust, Inc.",NYSE
1488813,CUBI-PF,"Customers Bancorp, Inc.",NYSE
1214935,NCV-PA,Virtus Convertible & Income Fund,NYSE
1587987,NEWTI,"NewtekOne, Inc.",Nasdaq
1835615,MHUA,"Meihua International Medical Technologies Co., Ltd.",Nasdaq
1782999,PTCHF,PureTech Health plc,OTC
1495222,OXLCO,Oxford Lane Capital Corp.,Nasdaq
25475,CRD-B,CRAWFORD & CO,NYSE
885275,WBHC,WILSON BANK HOLDING CO,OTC
1495240,LANDM,GLADSTONE LAND Corp,Nasdaq
88948,SENEB,Seneca Foods Corp,Nasdaq
1533615,GMRE-PA,Global Medical REIT Inc.,NYSE
1321741,GAINL,GLADSTONE INVESTMENT CORPORATION\DE,Nasdaq
1762303,AVHHL,"AVITA Medical, Inc.",OTC
1762506,VSOGF,"Vista Energy, S.A.B. de C.V.",OTC
1815620,CKDXF,Opthea Ltd,OTC
23426,CNTHP,CONNECTICUT LIGHT & POWER CO,OTC
1400891,IHRTB,"iHeartMedia, Inc.",OTC
23426,CNLPL,CONNECTICUT LIGHT & POWER CO,OTC
55135,KELYB,KELLY SERVICES INC,Nasdaq
1080720,GUT-PC,GABELLI UTILITY TRUST,NYSE
1227857,NCZ-PA,Virtus Convertible & Income Fund II,NYSE
1799191,DFPH,"Oncology Institute, Inc.",OTC
1318885,DSX-PB,DIANA SHIPPING INC.,NYSE
23426,CNTHO,CONNECTICUT LIGHT & POWER CO,OTC
1271554,ERLFF,Entree Resources Ltd.,OTC
1571776,CHMI-PB,Cherry Hill Mortgage Investment Corp,NYSE
1574085,BHR-PB,Braemar Hotels & Resorts Inc.,NYSE
1896084,GSCCF,ioneer Ltd,OTC
1506184,PRRUF,IMMUTEP Ltd,OTC
1232582,AHT-PD,ASHFORD HOSPITALITY TRUST INC,NYSE
23426,CNTHN,CONNECTICUT LIGHT & POWER CO,OTC
1479615,SLNCF,Silence Therapeutics plc,OTC
1574085,BHR-PD,Braemar Hotels & Resorts Inc.,NYSE
23426,CNLHO,CONNECTICUT LIGHT & POWER CO,OTC
1944885,APLMW,Apollomics Inc.,Nasdaq
23426,CNLHP,CONNECTICUT LIGHT & POWER CO,OTC
1243429,ARCXF,ArcelorMittal,OTC
23426,CNLTP,CONNECTICUT LIGHT & POWER CO,OTC
23426,CNLTL,CONNECTICUT LIGHT & POWER CO,OTC
1598599,IPHYF,Innate Pharma SA,OTC
1232582,AHT-PG,ASHFORD HOSPITALITY TRUST INC,NYSE
23426,CNPWM,CONNECTICUT LIGHT & POWER CO,OTC
1859795,NVNXF,NOVONIX Ltd,OTC
1232582,AHT-PH,ASHFORD HOSPITALITY TRUST INC,NYSE
1653558,PRTHU,"Priority Technology Holdings, Inc.",OTC
1571776,CHMI-PA,Cherry Hill Mortgage Investment Corp,NYSE
1232582,AHT-PF,ASHFORD HOSPITALITY TRUST INC,NYSE
1232582,AHT-PI,ASHFORD HOSPITALITY TRUST INC,NYSE
23426,CNPWP,CONNECTICUT LIGHT & POWER CO,OTC
1495240,LANDP,GLADSTONE LAND Corp,Nasdaq
23426,CNLPM,CONNECTICUT LIGHT & POWER CO,OTC
1641601,RVRF,River Financial Corp,OTC
1468639,VICP,"Vicapsys Life Sciences, Inc.",OTC
23426,CNLTN,CONNECTICUT LIGHT & POWER CO,OTC
71508,ENO,"ENTERGY NEW ORLEANS, LLC",NYSE
23426,CNLHN,CONNECTICUT LIGHT & POWER CO,OTC
1851651,BNIGF,Beroni Group Ltd,OTC
1756594,IVEVF,Inventiva S.A.,OTC
1072725,GDRZF,GOLD RESERVE LTD,OTC
1865602,CEP,"Cantor Equity Partners, Inc.",NAS
1434754,SB-PC,"SAFE BULKERS, INC.",NYSE
1434754,SB-PD,"SAFE BULKERS, INC.",NYSE
761648,CDR-PC,"CEDAR REALTY TRUST, INC.",NYSE
761648,CDR-PB,"CEDAR REALTY TRUST, INC.",NYSE
1347123,EBRCZ,"EBR Systems, Inc.",OTC
1578453,DLNG-PA,Dynagas LNG Partners LP,NYSE
1586454,PMHG,Prime Meridian Holding Co,OTC
1882839,WONDF,WonderFi Technologies Inc.,OTC
1620678,ANPCF,ANGLE plc,OTC
1726079,LUCN,"Lucent, Inc.",OTC
1814974,BBXIB,"BBX Capital, Inc.",OTC
894556,GEVI,"General Enterprise Ventures, Inc.",OTC
1926599,TDACU,Translational Development Acquisition Corp.,Nasdaq
2024668,SBBCF,Simply Better Brands Corp.,OTC
2042320,AOAO,Alpha One Inc.,OTC
793040,ECF-PA,ELLSWORTH GROWTH & INCOME FUND LTD,NYSE
716634,RDIB,READING INTERNATIONAL INC,Nasdaq
1705012,FATBB,"Fat Brands, Inc",Nasdaq
1301236,SOHOO,Sotherly Hotels Inc.,Nasdaq
1086303,HCIL,"Hongchang International Co., Ltd",OTC
1263011,EXNRF,EXCELLON RESOURCES INC,OTC
1854795,IRRX,INTEGRATED RAIL & RESOURCES ACQUISITION CORP,OTC
9521,BCV-PA,BANCROFT FUND LTD,NYSE
1638097,ENTX,Entera Bio Ltd.,Nasdaq
818677,SFDL,SECURITY FEDERAL CORP,OTC
1589150,RGBPP,Regen BioPharma Inc,OTC
1501756,ADVM,"Adverum Biotechnologies, Inc.",Nasdaq
1282957,GLU-PB,GABELLI GLOBAL UTILITY & INCOME TRUST,NYSE
1804583,RAASY,Cloopen Group Holding Ltd,OTC
1854078,RLFTF,Relief Therapeutics Holding SA,OTC
1007273,BKSC,BANK OF SOUTH CAROLINA CORP,OTC
1430725,GSL-PB,"Global Ship Lease, Inc.",NYSE
795800,PRMLF,NexMetals Mining Corp.,OTC
1668340,BCTF,"Bancorp 34, Inc.",OTC
1489874,GGROU,Golden Growers Cooperative,OTC
1156041,HUSA,"ABUNDIA GLOBAL IMPACT GROUP, INC.",NYSE
1915328,ISRL,Israel Acquisitions Corp,Nasdaq
1004530,MPVDF,Mountain Province Diamonds Inc.,OTC
1742927,RVPH,"REVIVA PHARMACEUTICALS HOLDINGS, INC.",Nasdaq
1301236,SOHOB,Sotherly Hotels Inc.,Nasdaq
1301236,SOHON,Sotherly Hotels Inc.,Nasdaq
1975222,SSHT,SSHT S&T Group Ltd.,OTC
1845799,CULL,"Cullman Bancorp, Inc. /MD/",OTC
1855743,ARRKF,ARRAS MINERALS CORP.,OTC
832370,EAXR,"Ealixir, Inc.",OTC
1876716,ASCBF,ASPAC II Acquisition Corp.,OTC
1101026,ZIVO,"Zivo Bioscience, Inc.",OTC
202947,CPTP,CAPITAL PROPERTIES INC /RI/,OTC
1050446,STRC,Strategy Inc,Nasdaq
1501078,OFED,Oconee Federal Financial Corp.,OTC
1087456,UBOH,UNITED BANCSHARES INC/OH,OTC
1302084,NSRCF,NextSource Materials Inc.,OTC
1847360,BCOW,"1895 Bancorp of Wisconsin, Inc. /MD/",OTC
1393044,MTMV,Motomova Inc,OTC
942149,OCGSF,Outcrop Silver & Gold Corp,OTC
1389207,GFASY,Gafisa S.A.,OTC
1816723,GRFXF,Graphex Group Ltd,OTC
1509223,MTBLY,"Moatable, Inc.",OTC
1807983,MDNAF,Medicenna Therapeutics Corp.,OTC
1715433,LCHD,Leader Capital Holdings Corp.,OTC
1946021,HSPO,Horizon Space Acquisition I Corp.,Nasdaq
1854078,RLFTY,Relief Therapeutics Holding SA,OTC
1445654,NZEOF,New Zealand Oil & Gas Ltd/ADR,OTC
1684688,JUPGF,ATLAS CRITICAL MINERALS Corp,OTC
1865861,CCTSF,Cactus Acquisition Corp. 1 Ltd,OTC
1163560,GTMAY,GRUPO TMM SAB,OTC
1075706,CIZN,CITIZENS HOLDING CO /MS/,OTC
1041657,UONEK,"URBAN ONE, INC.",Nasdaq
1496454,CHTH,"CNL Healthcare Properties, Inc.",OTC
1605057,VMNT,"Vemanti Group, Inc.",OTC
1429260,FBIOP,"Fortress Biotech, Inc.",Nasdaq
1814974,BBXIA,"BBX Capital, Inc.",OTC
1362898,AVLNF,Avalon Advanced Materials Inc.,OTC
1463833,IDWM,"IDW MEDIA HOLDINGS, INC.",OTC
1811115,RNLXY,Renalytix plc,OTC
1738699,WSKEF,Wisekey International Holding S.A.,OTC
1823365,GBNY,"Generations Bancorp NY, Inc.",OTC
1861233,ILLMF,illumin Holdings Inc.,OTC
1976923,YQAI,"YOUNEEQAI TECHNICAL SERVICES, INC.",OTC
1761911,NOWG,Nowigence Inc.,OTC
1639068,HBUV,Hubilu Venture Corp,OTC
943034,AATC,AUTOSCOPE TECHNOLOGIES CORP,OTC
1723059,BIOE,Bio Essence Corp,OTC
1937891,ATMV,AlphaVest Acquisition Corp.,Nasdaq
1800373,GWLL,"GOLDENWELL BIOTECH, INC.",OTC
1908984,ENDI,ENDI Corp.,OTC
1427901,SADMF,Gold Strike Resources Corp.,OTC
1050606,SALM,"SALEM MEDIA GROUP, INC. /DE/",OTC
1076691,OSBK,OCONEE FINANCIAL CORP,OTC
1365388,HSTI,"High Sierra Technologies, Inc.",OTC
1891512,XTXXF,Adastra Holdings Ltd.,OTC
838875,WVVIP,WILLAMETTE VALLEY VINEYARDS INC,Nasdaq
1816723,GRFXY,Graphex Group Ltd,OTC
1568628,BQST,Bioquest Corp,OTC
1733257,FNCH,"Finch Therapeutics Group, Inc.",OTC
1913838,VWFB,"VWF Bancorp, Inc.",OTC
1331421,HLLK,"HALLMARK VENTURE GROUP, INC.",OTC
1446159,POAI,Axe Compute Inc.,Nasdaq
822411,IMUC,"EOM Pharmaceutical Holdings, Inc.",OTC
1042046,AFGC,AMERICAN FINANCIAL GROUP INC,NYSE
1013706,WHLM,"Wilhelmina International, Inc.",OTC
86115,SFES,SAFEGUARD SCIENTIFICS INC,OTC
1171008,ADMG,ADAMANT DRI PROCESSING & MINERALS GROUP,OTC
1969928,MCTR,TJGC GROUP Ltd,Nasdaq
797564,HSTC,"HST Global, Inc.",OTC
1527541,WHLRD,"Wheeler Real Estate Investment Trust, Inc.",Nasdaq
806517,PMDI,PSYCHEMEDICS CORP,OTC
727346,GBCS,"SELECTIS HEALTH, INC.",OTC
1919847,SFWJ,"Software Effective Solutions, Corp.",OTC
1949766,ODDAF,Odd Burger Corp,OTC
1840102,SPTY,"SPECIFICITY, INC.",OTC
1771755,SWISF,Sekur Private Data Ltd.,OTC
1131343,PRNAF,ALTERITY THERAPEUTICS LTD,OTC
319016,FZMD,"Fuse Medical, Inc.",OTC
1376986,TVE,Tennessee Valley Authority,NYSE
1827855,MCLE,Medicale Corp.,OTC
846546,BNSOF,BONSO ELECTRONICS INTERNATIONAL INC,OTC
1408146,SCYYF,SCANDIUM INTERNATIONAL MINING CORP.,OTC
1376986,TVC,Tennessee Valley Authority,NYSE
1556801,MYCB,"My City Builders, Inc.",OTC
1497649,GSTX,Graphene & Solar Technologies Ltd,OTC
1400271,CUBT,Curative Biotechnology Inc,OTC
1760542,HOOK,HOOKIPA Pharma Inc.,OTC
1816554,EVTK,EVENTIKO INC.,OTC
1377167,FGCO,"Financial Gravity Companies, Inc.",OTC
1763925,CJAX,CoJax Oil & Gas Corp,OTC
746210,OBLG,"TaoWeave, Inc.",Nasdaq
1092570,FULO,FULLNET COMMUNICATIONS INC,OTC
1737270,NEXCF,Nextech3D.AI Corp.,OTC
1301713,SHVLF,STARCORE INTERNATIONAL MINES LTD.,OTC
1357671,CRTD,"Creatd, Inc.",OTC
1588014,ADMQ,"ADM ENDEAVORS, INC.",OTC
1468978,SITS,"SOUTHERN ITS INTERNATIONAL, INC.",OTC
1016178,CARV,CARVER BANCORP INC,OTC
1410708,NUVI,Emo Capital Corp.,OTC
1841675,ARBKF,Argo Blockchain Plc,OTC
891417,NMGX,Nano Magic Inc.,OTC
926844,FBDS,Fuss Brands Corp.,OTC
922521,FALC,FALCONSTOR SOFTWARE INC,OTC
1545224,SILEF,Silver Elephant Mining Corp.,OTC
942126,TAIT,TAITRON COMPONENTS INC,OTC
1777765,VQSSF,VIQ Solutions Inc.,OTC
1394108,SUIC,SUIC Worldwide Holdings Ltd.,OTC
1723517,UCASU,UC Asset LP,OTC
1730869,EBZT,"Everything Blockchain, Inc.",OTC
1383088,CYCA,CYTTA CORP.,OTC
1397795,BRRN,"Byrn, Inc.",OTC
1378866,GOGR,Go Green Global Technologies Corp.,OTC
1565228,VISL,"Vislink Technologies, Inc.",OTC
924095,MVCO,"Metavesco, Inc.",OTC
1854233,EGLXF,Enthusiast Gaming Holdings Inc. / Canada,OTC
1294404,SFUNY,Fang Holdings Ltd,OTC
1420108,GLUC,"Glucose Health, Inc.",OTC
1128252,SIPN,"SIPP International Industries, Inc.",OTC
1908054,JETR,Star Jets International Inc.,OTC
1477009,CANN,TREES Corp (Colorado),OTC
1654672,PNPL,"PINEAPPLE, INC.",OTC
1358099,UCIX,"Umbra Companies, Inc.",OTC
1326706,NAOV,"NanoVibronix, Inc.",Nasdaq
1895251,SGTM,"Sustainable Green Team, Ltd.",OTC
1811530,NXMH,"Next Meats Holdings, Inc.",OTC
1626745,FVTI,"Fortune Valley Treasures, Inc.",OTC
1957413,CJET,"Chijet Motor Company, Inc.",Nasdaq
1281984,WDLF,"Decentral Life, Inc.",OTC
1815632,TGCB,"Tego Cyber, Inc.",OTC
1410172,RBCN,"Rubicon Technology, Inc.",OTC
1868079,PMEDF,Predictmedix Inc.,OTC
1103090,RSCF,"REFLECT SCIENTIFIC, INC.",OTC
724742,TPHS,Trinity Place Holdings Inc.,OTC
1828098,MTTCF,Steakholder Foods Ltd.,OTC
1804469,GRDAF,"Guardforce AI Co., Ltd.",OTC
825171,HHHEF,37 CAPITAL INC,OTC
95552,SSUP,SUPERIOR INDUSTRIES INTERNATIONAL INC,OTC
1584618,ACRL,"Atacama Resources International, Inc.",OTC
1611046,IDVV,ModuLink Inc.,OTC
1313938,SNNC,"Sibannac, Inc.",OTC
900475,SMKG,SmartCard Marketing Systems Inc,OTC
911216,PTN,PALATIN TECHNOLOGIES INC,NYSE
792935,GRST,ETHEMA HEALTH Corp,OTC
1435064,CETXP,CEMTREX INC,OTC
1883083,GPLL,"GPL Holdings, Inc.",OTC
1014052,DTGI,"Digerati Technologies, Inc.",OTC
1629632,EGTYF,Eguana Technologies Inc.,OTC
841533,SRMX,"SADDLE RANCH MEDIA, INC.",OTC
1514946,AXIM,"AXIM BIOTECHNOLOGIES, INC.",OTC
1597892,JRSS,JRSIS HEALTH CARE Corp,OTC
1094084,TKOI,TELKONET INC,OTC
1642178,AGNPF,Algernon Health Inc.,OTC
1386049,BYOC,"Beyond Commerce, Inc.",OTC
1292490,SYIN,"Synbio International, Inc.",OTC
1953588,PAANF,Pan American Energy Corp. (Canada),OTC
1539680,HMMR,HAMMER TECHNOLOGY HOLDINGS CORP.,OTC
1384365,RDAR,"Telvantis, Inc.",OTC
1527541,WHLRP,"Wheeler Real Estate Investment Trust, Inc.",Nasdaq
1205922,VCNX,"VACCINEX, INC.",OTC
1452011,TNBI,Tanke Biosciences Corp,OTC
946644,AIMI,AIM ImmunoTech Inc.,OTC
1865468,KACLF,Kairous Acquisition Corp. Ltd,OTC
1898643,MOBBW,Mobilicom Ltd,Nasdaq
1580262,RTON,"Right On Brands, Inc.",OTC
1376804,VNUE,"VNUE, Inc.",OTC
1346287,CLUS,Cluster Group Holdings Ltd Co,OTC
1000298,IMPM,IMPAC MORTGAGE HOLDINGS INC,OTC
1802546,KGKG,"KONA GOLD BEVERAGE, INC.",OTC
1528188,WNFT,Worldwide NFT Inc.,OTC
1464865,ASII,"Accredited Solutions, Inc.",OTC
1407973,SONX,"Sonendo, Inc.",OTC
1552189,PLSH,"PANACEA LIFE SCIENCES HOLDINGS, INC.",OTC
1973160,GMZP,GEMZ Corp. NV,OTC
1463208,TLSS,"Transportation & Logistics Systems, Inc.",OTC
1162283,MGHL,MORGAN GROUP HOLDING CO,OTC
1653606,EHVVF,"Ehave, Inc.",OTC
1498372,IWAL,iWallet Corp,OTC
1451448,GMBL,"ESPORTS ENTERTAINMENT GROUP, INC.",OTC
1843714,ZPTA,"Zapata Quantum, Inc.",OTC
803097,SPQS,"SportsQuest, Inc.",OTC
1293818,OPGN,OPGEN INC,OTC
1458023,FKST,"Flowerkist Skin Care & Cosmetics, Inc.",OTC
1117228,MMMW,MASS MEGAWATTS WIND POWER INC,OTC
1098482,INNI,"Innovaro, Inc.",OTC
1946585,TKMO,"Tekumo, Inc.",OTC
1435181,PHBI,Pharmagreen Biotech Inc.,OTC
1416697,BLPG,"Blue Line Protection Group, Inc.",OTC
1343465,SNPW,Sun Pacific Holding Corp.,OTC
1512886,NTRR,NEUTRA CORP.,OTC
1498067,CTGL,"CITRINE GLOBAL, CORP.",OTC
1553264,APSI,AQUA POWER SYSTEMS INC.,OTC
1610682,USDP,USD Partners LP,OTC
1874138,SHGI,"Sparx Holdings Group, Inc.",OTC
1872812,TCBPY,TC BioPharm (Holdings) plc,OTC
1528172,ENDV,"ENDONOVO THERAPEUTICS, INC.",OTC
946112,CDSG,"China Dongsheng International, Inc.",OTC
1317880,PLPL,"Plandai Biotechnology, Inc.",OTC
1652958,EDGM,"Edgemode, Inc.",OTC
1584831,OXBRW,OXBRIDGE RE HOLDINGS Ltd,Nasdaq
1461708,GSPI,"Green Star Products, Inc.",OTC
1608092,KITL,Kisses From Italy Inc.,OTC
1490054,APHD,"VERDE BIO HOLDINGS, INC.",OTC
1430300,GWSO,"Global Warming Solutions, Inc.",OTC
1715819,EMED,"Electromedical Technologies, Inc",OTC
1486452,MASN,"Maison Luxe, Inc.",OTC
1791929,DPUI,"DISCOUNT PRINT USA, INC.",OTC
1477246,SANW,S&W Seed Co,OTC
1138867,EESH,"EESTech, Inc.",OTC
1144169,ECOX,"ECO INNOVATION GROUP, INC.",OTC
1782037,YGMZ,MingZhu Logistics Holdings Ltd,Nasdaq
1569340,CLCS,"Cell Source, Inc.",OTC
1166708,BWMG,"Brownie's Marine Group, Inc",OTC
897078,KOAN,"Resonate Blends, Inc.",OTC
1837774,GIPL,Global Innovative Platforms Inc.,OTC
1622996,ACBM,"ACRO BIOMEDICAL CO., LTD.",OTC
1394638,DWAY,"Driveitaway Holdings, Inc.",OTC
1575659,RTSL,"Rapid Therapeutic Science Laboratories, Inc.",OTC
1424657,CUEN,Cuentas Inc.,OTC
1681556,GXXM,"GEX MANAGEMENT, INC.",OTC
1811999,FMHS,"FARMHOUSE, INC. /NV",OTC
1490873,ESSI,"ECO SCIENCE SOLUTIONS, INC.",OTC
1084551,CRDV,Community Redevelopment Inc.,OTC
1624985,XNDA,Tribal Rides International Corp.,OTC
1429393,TKLS,"Trutankless, Inc.",OTC
1823635,ECXJ,"CXJ GROUP CO., Ltd",OTC
1532595,SINC,Sincerity Applied Materials Holdings Corp.,OTC
1434740,RNGC,Ranger Gold Corp.,OTC
1487198,ASPU,"ASPEN GROUP, INC.",OTC
1765826,BZRD,"Blubuzzard, Inc.",OTC
1545236,AHII,American Heritage International Inc.,OTC
1671132,SONG,Music Licensing Inc.,OTC
70858,BAC-PL,BANK OF AMERICA CORP /DE/,NYSE
4281,HWM-P,Howmet Aerospace Inc.,NYSE
7789,ASBA,ASSOCIATED BANC-CORP,NYSE
7789,ASB-PF,ASSOCIATED BANC-CORP,NYSE
11544,WRB-PF,BERKLEY W R CORP,NYSE
11544,WRB-PG,BERKLEY W R CORP,NYSE
11544,WRB-PH,BERKLEY W R CORP,NYSE
12927,BA-PA,BOEING CO,NYSE
13372,NSARO,NSTAR ELECTRIC CO,OTC
13372,NSARP,NSTAR ELECTRIC CO,OTC
14272,CELG-RI,BRISTOL MYERS SQUIBB CO,NYSE
14930,BC-PC,BRUNSWICK CORP,NYSE
18349,SNV-PE,SYNOVUS FINANCIAL CORP,NYSE
18654,AILIO,Ameren Illinois Co,OTC
18654,AILIP,Ameren Illinois Co,OTC
19617,AMJB,JPMORGAN CHASE & CO,NYSE
19617,JPM-PJ,JPMORGAN CHASE & CO,NYSE
19617,JPM-PK,JPMORGAN CHASE & CO,NYSE
19617,JPM-PL,JPMORGAN CHASE & CO,NYSE
19617,JPM-PM,JPMORGAN CHASE & CO,NYSE
19617,VYLD,JPMORGAN CHASE & CO,NYSE
23795,CTO-PA,"CTO Realty Growth, Inc.",NYSE
28412,CMA-PB,COMERICA INC,NYSE
28917,DDT,"DILLARD'S, INC.",NYSE
35527,FITBO,FIFTH THIRD BANCORP,Nasdaq
35527,FITBP,FIFTH THIRD BANCORP,Nasdaq
36104,USB-PQ,US BANCORP \DE\,NYSE
36104,USB-PR,US BANCORP \DE\,NYSE
36104,USB-PS,US BANCORP \DE\,NYSE
36270,MTB-PH,M&T BANK CORP,NYSE
36270,MTB-PJ,M&T BANK CORP,NYSE
36270,MTB-PK,M&T BANK CORP,NYSE
36966,FHN-PC,FIRST HORIZON CORP,NYSE
36966,FHN-PE,FIRST HORIZON CORP,NYSE
36966,FHN-PF,FIRST HORIZON CORP,NYSE
37996,F-PB,FORD MOTOR CO,NYSE
37996,F-PC,FORD MOTOR CO,NYSE
37996,F-PD,FORD MOTOR CO,NYSE
39263,CFR-PB,"CULLEN/FROST BANKERS, INC.",NYSE
46195,BOH-PA,BANK OF HAWAII CORP,NYSE
46195,BOH-PB,BANK OF HAWAII CORP,NYSE
49196,HBANL,HUNTINGTON BANCSHARES INC /MD/,Nasdaq
49196,HBANM,HUNTINGTON BANCSHARES INC /MD/,Nasdaq
49196,HBANP,HUNTINGTON BANCSHARES INC /MD/,Nasdaq
51434,INPAP,INTERNATIONAL PAPER CO /NEW/,OTC
59558,LNC-PD,LINCOLN NATIONAL CORP,NYSE
61004,LGL-WT,LGL GROUP INC,NYSE
64463,SLNHP,"Soluna Holdings, Inc",Nasdaq
66004,MSEXP,MIDDLESEX WATER CO,OTC
66570,MNESP,MSA Safety Inc,OTC
68622,CTDD,QWEST CORP,NYSE
70858,BAC-PM,BANK OF AMERICA CORP /DE/,NYSE
70858,BAC-PN,BANK OF AMERICA CORP /DE/,NYSE
70858,BAC-PO,BANK OF AMERICA CORP /DE/,NYSE
70858,BAC-PP,BANK OF AMERICA CORP /DE/,NYSE
70858,BAC-PQ,BANK OF AMERICA CORP /DE/,NYSE
70858,BAC-PS,BANK OF AMERICA CORP /DE/,NYSE
70858,BACRP,BANK OF AMERICA CORP /DE/,OTC
70858,MER-PK,BANK OF AMERICA CORP /DE/,NYSE
72573,MOVAA,MOVADO GROUP INC,OTC
72903,XELLL,XCEL ENERGY INC,Nasdaq
72971,WFCNP,WELLS FARGO & COMPANY/MN,OTC
72971,WFC-PA,WELLS FARGO & COMPANY/MN,NYSE
72971,WFC-PD,WELLS FARGO & COMPANY/MN,NYSE
72971,WFC-PZ,WELLS FARGO & COMPANY/MN,NYSE
73124,NTRSO,NORTHERN TRUST CORP,Nasdaq
81023,PNMXO,PUBLIC SERVICE CO OF NEW MEXICO,OTC
88948,SENEL,Seneca Foods Corp,OTC
88948,SENEM,Seneca Foods Corp,OTC
91576,KEY-PL,KEYCORP /NEW/,NYSE
92103,SCE-PG,SOUTHERN CALIFORNIA EDISON Co,NYSE
92103,SCE-PJ,SOUTHERN CALIFORNIA EDISON Co,NYSE
92103,SCE-PK,SOUTHERN CALIFORNIA EDISON Co,NYSE
92103,SCE-PL,SOUTHERN CALIFORNIA EDISON Co,NYSE
92103,SCE-PM,SOUTHERN CALIFORNIA EDISON Co,NYSE
92103,SCE-PN,SOUTHERN CALIFORNIA EDISON Co,NYSE
92108,SOCGM,SOUTHERN CALIFORNIA GAS CO,OTC
92122,SOJD,SOUTHERN CO,NYSE
92122,SOJE,SOUTHERN CO,NYSE
92122,SOJF,SOUTHERN CO,NYSE
92122,SOMN,SOUTHERN CO,NYSE
92230,TFC-PI,TRUIST FINANCIAL CORP,NYSE
92230,TFC-PO,TRUIST FINANCIAL CORP,NYSE
92230,TFC-PR,TRUIST FINANCIAL CORP,NYSE
98222,TDDWW,TIDEWATER INC,OTC
98222,TDGMW,TIDEWATER INC,OTC
99070,TCPA,TRANSCANADA PIPELINES LTD,NYSE
100826,UEPCO,UNION ELECTRIC CO,OTC
101382,UMBFO,UMB FINANCIAL CORP,Nasdaq
107815,WELPM,WISCONSIN ELECTRIC POWER CO,OTC
109380,ZIONP,"ZIONS BANCORPORATION, NATIONAL ASSOCIATION /UT/",Nasdaq
203596,WSBCO,WESBANCO INC,Nasdaq
217410,UNLYD,UNILEVER PLC,OTC
230557,SIGIP,SELECTIVE INSURANCE GROUP INC,Nasdaq
310522,FNMAP,FEDERAL NATIONAL MORTGAGE ASSOCIATION FANNIE MAE,OTC
312070,ATMP,BARCLAYS BANK PLC,CBOE
312070,BWVTF,BARCLAYS BANK PLC,OTC
312070,DJP,BARCLAYS BANK PLC,NYSE
312070,GBUG,BARCLAYS BANK PLC,Nasdaq
312070,GRN,BARCLAYS BANK PLC,NYSE
312070,JJETF,BARCLAYS BANK PLC,OTC
312070,TAPR,BARCLAYS BANK PLC,CBOE
312070,VXX,BARCLAYS BANK PLC,CBOE
312070,VXZ,BARCLAYS BANK PLC,CBOE
313807,BPPFF,BP PLC,OTC
314489,BUSEP,FIRST BUSEY CORP /NV/,Nasdaq
314808,VAL-WT,Valaris Ltd,NYSE
316709,SCHW-PJ,SCHWAB CHARLES CORP,NYSE
320335,GL-PD,GLOBE LIFE INC.,NYSE
700564,FULTP,FULTON FINANCIAL CORP,Nasdaq
701818,KGCRF,KINROSS GOLD CORP,OTC
707179,ONBPO,OLD NATIONAL BANCORP /IN/,Nasdaq
707179,ONBPP,OLD NATIONAL BANCORP /IN/,Nasdaq
712534,FRMEP,FIRST MERCHANTS CORP,Nasdaq
712771,CNOBP,"ConnectOne Bancorp, Inc.",Nasdaq
714310,VLYPN,VALLEY NATIONAL BANCORP,Nasdaq
718940,BCAEF,BCE INC,OTC
718940,BCEFF,BCE INC,OTC
718940,BCENF,BCE INC,OTC
718940,BCEPF,BCE INC,OTC
718940,BCEXF,BCE INC,OTC
718940,BCPPF,BCE INC,OTC
719245,WBKCY,WESTPAC BANKING CORP,OTC
720005,RJF-PB,RAYMOND JAMES FINANCIAL INC,NYSE
720672,SFB,STIFEL FINANCIAL CORP,NYSE
720672,SF-PC,STIFEL FINANCIAL CORP,NYSE
720672,SF-PD,STIFEL FINANCIAL CORP,NYSE
725394,DHTI,DALRADA FINANCIAL CORP,OTC
727273,CDZIP,CADIZ INC,Nasdaq
732717,T-PA,AT&T INC.,NYSE
732717,T-PC,AT&T INC.,NYSE
736772,CCNEP,CNB FINANCIAL CORP/PA,Nasdaq
750004,LAWIL,"Light & Wonder, Inc.",OTC
750004,LNWO,"Light & Wonder, Inc.",OTC
750577,HWCPZ,HANCOCK WHITNEY CORP,Nasdaq
753308,NEE-PN,NEXTERA ENERGY INC,NYSE
753308,NEE-PS,NEXTERA ENERGY INC,NYSE
753308,NEE-PT,NEXTERA ENERGY INC,NYSE
753308,NEE-PU,NEXTERA ENERGY INC,NYSE
759944,CFG-PE,CITIZENS FINANCIAL GROUP INC/RI,NYSE
759944,CFG-PH,CITIZENS FINANCIAL GROUP INC/RI,NYSE
759944,CFG-PI,CITIZENS FINANCIAL GROUP INC/RI,NYSE
760498,BANFP,BANCFIRST CORP /OK/,Nasdaq
763901,BPOPM,"POPULAR, INC.",Nasdaq
769218,AEFC,AEGON LTD.,NYSE
769594,NPPXF,NIPPON TELEGRAPH & TELEPHONE CORP,OTC
771992,PAASF,PAN AMERICAN SILVER CORP,OTC
790500,ABAKF,"ABRDN ASIA-PACIFIC INCOME FUND, INC.",OTC
791908,XOMAO,XOMA Royalty Corp,Nasdaq
791908,XOMAP,XOMA Royalty Corp,Nasdaq
793742,HACBF,HACHIJUNI BANK LTD,OTC
794685,GAB-PK,GABELLI EQUITY TRUST INC,NYSE
797468,OXY-WT,OCCIDENTAL PETROLEUM CORP /DE/,NYSE
798941,FCNCO,FIRST CITIZENS BANCSHARES INC /DE/,Nasdaq
798941,FCNCP,FIRST CITIZENS BANCSHARES INC /DE/,Nasdaq
798949,UNTCW,UNIT CORP,OTC
801337,WBS-PG,WEBSTER FINANCIAL CORP,NYSE
811156,CMSC,CMS ENERGY CORP,NYSE
811156,CMSD,CMS ENERGY CORP,NYSE
811156,CMS-PC,CMS ENERGY CORP,NYSE
821130,UZD,"ARRAY DIGITAL INFRASTRUCTURE, INC.",NYSE
821130,UZE,"ARRAY DIGITAL INFRASTRUCTURE, INC.",NYSE
821130,UZF,"ARRAY DIGITAL INFRASTRUCTURE, INC.",NYSE
823277,CHSCL,CHS INC,Nasdaq
823277,CHSCM,CHS INC,Nasdaq
823277,CHSCN,CHS INC,Nasdaq
823277,CHSCO,CHS INC,Nasdaq
826675,DX-PC,DYNEX CAPITAL INC,NYSE
827054,MCHPP,MICROCHIP TECHNOLOGY INC,Nasdaq
827876,CLSKW,"CLEANSPARK, INC.",Nasdaq
831001,C-PN,CITIGROUP INC,NYSE
831609,CWLXF,C21 Investments Inc.,OTC
845877,AGM-PE,FEDERAL AGRICULTURAL MORTGAGE CORP,NYSE
845877,AGM-PF,FEDERAL AGRICULTURAL MORTGAGE CORP,NYSE
845877,AGM-PG,FEDERAL AGRICULTURAL MORTGAGE CORP,NYSE
845877,AGM-PH,FEDERAL AGRICULTURAL MORTGAGE CORP,NYSE
846617,DCOMG,"Dime Community Bancshares, Inc. /NY/",Nasdaq
846617,DCOMP,"Dime Community Bancshares, Inc. /NY/",Nasdaq
849399,GENVR,Gen Digital Inc.,Nasdaq
850918,GRWFF,GREAT-WEST LIFECO INC.,OTC
850918,GRWLF,GREAT-WEST LIFECO INC.,OTC
850918,GRWTF,GREAT-WEST LIFECO INC.,OTC
850918,GWLPF,GREAT-WEST LIFECO INC.,OTC
860748,KMPB,KEMPER Corp,NYSE
861967,WOLTF,WOLTERS KLUWER N V /FI,OTC
862651,INVUP,"Investview, Inc.",OTC
862831,FIISO,FINANCIAL INSTITUTIONS INC,OTC
862831,FIISP,FINANCIAL INSTITUTIONS INC,OTC
879101,KIM-PN,KIMCO REALTY CORP,NYSE
879911,AERGP,"APPLIED ENERGETICS, INC.",OTC
883948,AUB-PA,Atlantic Union Bankshares Corp,NYSE
886128,FCELB,FUELCELL ENERGY INC,OTC
886163,LGNDZ,LIGAND PHARMACEUTICALS INC,OTC
886163,LGNXZ,LIGAND PHARMACEUTICALS INC,OTC
886163,LGNYZ,LIGAND PHARMACEUTICALS INC,OTC
886163,LGNZZ,LIGAND PHARMACEUTICALS INC,OTC
886744,GERNW,GERON CORP,OTC
886982,GSCE,GOLDMAN SACHS GROUP INC,OTC
892553,GTLS-PB,CHART INDUSTRIES INC,NYSE
895126,EXEEL,EXPAND ENERGY Corp,Nasdaq
895126,EXEEW,EXPAND ENERGY Corp,Nasdaq
895126,EXEEZ,EXPAND ENERGY Corp,Nasdaq
895421,MS-PL,MORGAN STANLEY,NYSE
895421,MS-PO,MORGAN STANLEY,NYSE
895421,MS-PP,MORGAN STANLEY,NYSE
895421,MS-PQ,MORGAN STANLEY,NYSE
895421,MSTLW,MORGAN STANLEY,OTC
895728,EBBGF,ENBRIDGE INC,OTC
895728,EBGEF,ENBRIDGE INC,OTC
895728,EBRGF,ENBRIDGE INC,OTC
895728,EBRZF,ENBRIDGE INC,OTC
895728,ENBFF,ENBRIDGE INC,OTC
895728,ENBGF,ENBRIDGE INC,OTC
895728,ENBHF,ENBRIDGE INC,OTC
895728,ENBMF,ENBRIDGE INC,OTC
895728,ENBNF,ENBRIDGE INC,OTC
895728,ENBOF,ENBRIDGE INC,OTC
895728,ENBRF,ENBRIDGE INC,OTC
895728,ENBSF,ENBRIDGE INC,OTC
895728,ENNPF,ENBRIDGE INC,OTC
896429,CTLPP,"CANTALOUPE, INC.",OTC
896493,GPUS-PD,"Hyperscale Data, Inc.",NYSE
897802,SPE-PC,"SPECIAL OPPORTUNITIES FUND, INC.",NYSE
898174,RZC,REINSURANCE GROUP OF AMERICA INC,NYSE
899051,ALL-PI,ALLSTATE CORP,NYSE
899051,ALL-PJ,ALLSTATE CORP,NYSE
899689,VNO-PN,VORNADO REALTY TRUST,NYSE
899689,VNO-PO,VORNADO REALTY TRUST,NYSE
907254,BFS-PE,"SAUL CENTERS, INC.",NYSE
909112,TXEMF,TEMPLETON EMERGING MARKETS INCOME FUND,OTC
910073,FLG-PA,"FLAGSTAR BANK, NATIONAL ASSOCIATION",NYSE
910073,FLG-PU,"FLAGSTAR BANK, NATIONAL ASSOCIATION",NYSE
910606,REGCO,REGENCY CENTERS CORP,Nasdaq
910606,REGCP,REGENCY CENTERS CORP,Nasdaq
911421,PREJF,PARTNERRE LTD,OTC
912958,MLCMF,MILLICOM INTERNATIONAL CELLULAR SA,OTC
913144,RNR-PG,RENAISSANCERE HOLDINGS LTD,NYSE
915913,ALB-PA,ALBEMARLE CORP,NYSE
917251,ADC-PA,AGREE REALTY CORP,NYSE
921638,SSRGF,SSR MINING INC.,OTC
921671,GGT-PG,GABELLI MULTIMEDIA TRUST INC.,NYSE
927628,COF-PI,CAPITAL ONE FINANCIAL CORP,NYSE
927628,COF-PJ,CAPITAL ONE FINANCIAL CORP,NYSE
927628,COF-PK,CAPITAL ONE FINANCIAL CORP,NYSE
927628,COF-PL,CAPITAL ONE FINANCIAL CORP,NYSE
927628,COF-PN,CAPITAL ONE FINANCIAL CORP,NYSE
927971,BERZ,BANK OF MONTREAL /CAN/,NYSE
927971,BNKD,BANK OF MONTREAL /CAN/,NYSE
927971,BNKU,BANK OF MONTREAL /CAN/,NYSE
927971,BULZ,BANK OF MONTREAL /CAN/,NYSE
927971,CARD,BANK OF MONTREAL /CAN/,NYSE
927971,CARU,BANK OF MONTREAL /CAN/,NYSE
927971,DULL,BANK OF MONTREAL /CAN/,NYSE
927971,FLYD,BANK OF MONTREAL /CAN/,NYSE
927971,FLYU,BANK OF MONTREAL /CAN/,NYSE
927971,FNGO,BANK OF MONTREAL /CAN/,NYSE
927971,FNGS,BANK OF MONTREAL /CAN/,NYSE
927971,FNGU,BANK OF MONTREAL /CAN/,NYSE
927971,GDXD,BANK OF MONTREAL /CAN/,NYSE
927971,GDXU,BANK OF MONTREAL /CAN/,NYSE
927971,JETD,BANK OF MONTREAL /CAN/,NYSE
927971,JETU,BANK OF MONTREAL /CAN/,NYSE
927971,NRGD,BANK OF MONTREAL /CAN/,NYSE
927971,NRGU,BANK OF MONTREAL /CAN/,NYSE
927971,OILD,BANK OF MONTREAL /CAN/,NYSE
927971,OILU,BANK OF MONTREAL /CAN/,NYSE
927971,SHNY,BANK OF MONTREAL /CAN/,NYSE
927971,WTID,BANK OF MONTREAL /CAN/,NYSE
927971,WTIU,BANK OF MONTREAL /CAN/,NYSE
930236,RWTN,REDWOOD TRUST INC,NYSE
930236,RWTO,REDWOOD TRUST INC,NYSE
930236,RWTP,REDWOOD TRUST INC,NYSE
930236,RWT-PA,REDWOOD TRUST INC,NYSE
930236,RWTQ,REDWOOD TRUST INC,NYSE
931755,XXAAU,AEI INCOME & GROWTH FUND XXI LTD PARTNERSHIP,OTC
933267,IRS-WT,IRSA INVESTMENTS & REPRESENTATIONS INC,NYSE
936340,DTB,DTE ENERGY CO,NYSE
936340,DTG,DTE ENERGY CO,NYSE
936340,DTK,DTE ENERGY CO,NYSE
936528,WAFDP,WAFD INC,Nasdaq
946486,WINTW,WINDTREE THERAPEUTICS INC /DE/,OTC
947263,TDBCP,TORONTO DOMINION BANK,OTC
947484,ACGLN,ARCH CAPITAL GROUP LTD.,Nasdaq
948320,LFMDP,"LifeMD, Inc.",Nasdaq
1000209,MBNKO,MEDALLION FINANCIAL CORP,Nasdaq
1000275,RYLBF,ROYAL BANK OF CANADA,OTC
1001085,BAMKF,BROOKFIELD Corp /ON/,OTC
1001085,BKAMF,BROOKFIELD Corp /ON/,OTC
1001085,BKFAF,BROOKFIELD Corp /ON/,OTC
1001085,BKFDF,BROOKFIELD Corp /ON/,OTC
1001085,BKFOF,BROOKFIELD Corp /ON/,OTC
1001085,BKFPF,BROOKFIELD Corp /ON/,OTC
1001085,BKFSF,BROOKFIELD Corp /ON/,OTC
1001085,BKPA,BROOKFIELD Corp /ON/,OTC
1001085,BNH,BROOKFIELD Corp /ON/,NYSE
1001085,BNJ,BROOKFIELD Corp /ON/,NYSE
1001085,BRCFF,BROOKFIELD Corp /ON/,OTC
1001085,BRFCF,BROOKFIELD Corp /ON/,OTC
1001085,BROXF,BROOKFIELD Corp /ON/,OTC
1001085,BRPSF,BROOKFIELD Corp /ON/,OTC
1001085,BXDIF,BROOKFIELD Corp /ON/,OTC
1004315,NEWEN,NATIONAL GRID PLC,OTC
1004315,NMKBP,NATIONAL GRID PLC,OTC
1004315,NMKCP,NATIONAL GRID PLC,OTC
1004315,NMPWP,NATIONAL GRID PLC,OTC
1004434,MGR,"AFFILIATED MANAGERS GROUP, INC.",NYSE
1004434,MGRB,"AFFILIATED MANAGERS GROUP, INC.",NYSE
1004434,MGRD,"AFFILIATED MANAGERS GROUP, INC.",NYSE
1004434,MGRE,"AFFILIATED MANAGERS GROUP, INC.",NYSE
1004724,RHEPA,"REGIONAL HEALTH PROPERTIES, INC",OTC
1004724,RHEPB,"REGIONAL HEALTH PROPERTIES, INC",OTC
1004724,RHEPZ,"REGIONAL HEALTH PROPERTIES, INC",OTC
1004980,PCG-PX,PG&E Corp,NYSE
1014763,AIMDW,"Ainos, Inc.",Nasdaq
1015328,WTFCN,WINTRUST FINANCIAL CORP,Nasdaq
1015383,POWWP,Outdoor Holding Co,Nasdaq
1022899,PTIXW,"Protagenic Therapeutics, Inc.\new",Nasdaq
1025835,EFSCP,ENTERPRISE FINANCIAL SERVICES CORP,Nasdaq
1026214,FMCKK,FEDERAL HOME LOAN MORTGAGE CORP,OTC
1026214,FREJP,FEDERAL HOME LOAN MORTGAGE CORP,OTC
1030475,CHNEY,CHINA EASTERN AIRLINES CORP LTD,OTC
1032208,SREA,SEMPRA,NYSE
1034957,CRESW,CRESUD INC,Nasdaq
1038143,ORANY,ORANGE,OTC
1038572,CBDBY,BRAZILIAN DISTRIBUTION CO COMPANHIA BRASILEIRA DE DISTR CBD,OTC
1039610,ELCPF,EDP ENERGIAS DE PORTUGAL SA,OTC
1039828,ANG-PD,American National Group Inc.,NYSE
1041792,ELPC,ENERGY CO OF PARANA,NYSE
1042046,AFGB,AMERICAN FINANCIAL GROUP INC,NYSE
1042046,AFGD,AMERICAN FINANCIAL GROUP INC,NYSE
1042046,AFGE,AMERICAN FINANCIAL GROUP INC,NYSE
1043219,NLY-PI,ANNALY CAPITAL MANAGEMENT INC,NYSE
1043219,NLY-PJ,ANNALY CAPITAL MANAGEMENT INC,NYSE
1045450,EPR-PC,EPR PROPERTIES,NYSE
1045450,EPR-PE,EPR PROPERTIES,NYSE
1045520,CNDIF,CANADIAN IMPERIAL BANK OF COMMERCE /CAN/,OTC
1050446,STRD,Strategy Inc,Nasdaq
1050446,STRF,Strategy Inc,Nasdaq
1050446,STRK,Strategy Inc,Nasdaq
1051512,TDS-PU,TELEPHONE & DATA SYSTEMS INC /DE/,NYSE
1051512,TDS-PV,TELEPHONE & DATA SYSTEMS INC /DE/,NYSE
1053092,GLDI,CREDIT SUISSE AG,Nasdaq
1053092,SLVO,CREDIT SUISSE AG,Nasdaq
1053092,USOI,CREDIT SUISSE AG,Nasdaq
1055160,MFAN,"MFA FINANCIAL, INC.",NYSE
1055160,MFAO,"MFA FINANCIAL, INC.",NYSE
1055160,MFA-PC,"MFA FINANCIAL, INC.",NYSE
1058307,NXPLW,NextPlat Corp,Nasdaq
1061219,EPDU,ENTERPRISE PRODUCTS PARTNERS L.P.,OTC
1065823,FNFPA,FIRST NILES FINANCIAL INC,OTC
1070050,APCXW,AppTech Payments Corp.,OTC
1070423,PAAPU,PLAINS ALL AMERICAN PIPELINE LP,OTC
1075124,TMSOF,THOMSON REUTERS CORP /CAN/,OTC
1075415,DHCNI,DIVERSIFIED HEALTHCARE TRUST,Nasdaq
1075415,DHCNL,DIVERSIFIED HEALTHCARE TRUST,Nasdaq
1076930,NOVTU,NOVANTA INC,Nasdaq
1077428,TCBIO,TEXAS CAPITAL BANCSHARES INC/TX,Nasdaq
1078716,TGOPF,3i GROUP PLC,OTC
1080657,SQFTP,"Presidio Property Trust, Inc.",Nasdaq
1080657,SQFTW,"Presidio Property Trust, Inc.",Nasdaq
1084267,MOBQW,"Mobiquity Technologies, Inc.",OTC
1086888,MNLCF,MANULIFE FINANCIAL CORP,OTC
1086888,MNQFF,MANULIFE FINANCIAL CORP,OTC
1086888,MNUFF,MANULIFE FINANCIAL CORP,OTC
1087711,SNTUF,Santander UK plc,OTC
1087711,STNDF,Santander UK plc,OTC
1089907,SWKHL,SWK Holdings Corp,Nasdaq
1096691,PTNRF,PARTNER COMMUNICATIONS CO LTD,OTC
1097362,SLFIF,SUN LIFE FINANCIAL INC,OTC
1097362,SLFQF,SUN LIFE FINANCIAL INC,OTC
1097362,SUNFF,SUN LIFE FINANCIAL INC,OTC
1099219,MET-PF,METLIFE INC,NYSE
1099234,MLMC,"FrankSpeech Network, Inc.",OTC
1101026,ZIVOW,"Zivo Bioscience, Inc.",OTC
1101215,BFH-PA,"BREAD FINANCIAL HOLDINGS, INC.",NYSE
1108329,PTCCY,PETROCHINA CO LTD,OTC
1109354,BRKRP,BRUKER CORP,Nasdaq
1113423,CSCIF,COSCIENS Biopharma Inc.,OTC
1114446,AMUB,UBS AG,NYSE
1114446,BDCX,UBS AG,NYSE
1114446,BDCZ,UBS AG,NYSE
1114446,CEFD,UBS AG,NYSE
1114446,CEFZ,UBS AG,CBOE
1114446,HDLB,UBS AG,NYSE
1114446,IFED,UBS AG,NYSE
1114446,IWDL,UBS AG,NYSE
1114446,IWFL,UBS AG,NYSE
1114446,IWML,UBS AG,NYSE
1114446,MLPB,UBS AG,NYSE
1114446,MLPR,UBS AG,NYSE
1114446,MTUL,UBS AG,NYSE
1114446,MVRL,UBS AG,NYSE
1114446,PFFL,UBS AG,NYSE
1114446,QULL,UBS AG,NYSE
1114446,SCDL,UBS AG,NYSE
1114446,SMHB,UBS AG,NYSE
1114446,UCIB,UBS AG,NYSE
1114446,USML,UBS AG,NYSE
1115055,PNFPP,PINNACLE FINANCIAL PARTNERS INC,Nasdaq
1127007,VYRE,CABO VERDE CAPITAL INC.,OTC
1127248,EMICF,EMERA INC,OTC
1127248,EMRJF,EMERA INC,OTC
1130166,BGMSP,"Bio Green Med Solution, Inc.",Nasdaq
1130713,BBBY-WT,"BED BATH & BEYOND, INC.",NYSE
1130781,BMPA,"BMP AI Technologies, Inc.",OTC
1131312,ZNOGW,ZION OIL & GAS INC,OTC
1137774,PFH,PRUDENTIAL FINANCIAL INC,NYSE
1137774,PRH,PRUDENTIAL FINANCIAL INC,NYSE
1137774,PRS,PRUDENTIAL FINANCIAL INC,NYSE
1144392,BKTH,MEGOLA INC,OTC
1144800,TACPF,TRANSALTA CORP,OTC
1144800,TSLTF,TRANSALTA CORP,OTC
1145255,HNNAZ,HENNESSY ADVISORS INC,Nasdaq
1159508,ADZCF,DEUTSCHE BANK AKTIENGESELLSCHAFT,OTC
1159508,DEENF,DEUTSCHE BANK AKTIENGESELLSCHAFT,OTC
1159508,DGP,DEUTSCHE BANK AKTIENGESELLSCHAFT,NYSE
1159508,DGZ,DEUTSCHE BANK AKTIENGESELLSCHAFT,NYSE
1159508,DZZ,DEUTSCHE BANK AKTIENGESELLSCHAFT,NYSE
1159508,OLOXF,DEUTSCHE BANK AKTIENGESELLSCHAFT,OTC
1160106,LLOBF,Lloyds Banking Group plc,OTC
1163739,NBRWF,NABORS INDUSTRIES LTD,OTC
1164009,FXCXD,FIH Mobile Ltd,OTC
1164727,NEMCL,NEWMONT Corp /DE/,OTC
1166663,TEN-PE,TSAKOS ENERGY NAVIGATION LTD,NYSE
1166663,TEN-PF,TSAKOS ENERGY NAVIGATION LTD,NYSE
1166834,SHMLF,SHL TELEMEDICINE LTD,OTC
1169770,BANC-PF,"BANC OF CALIFORNIA, INC.",NYSE
1174169,AGQPF,ALGONQUIN POWER & UTILITIES CORP.,OTC
1174169,AQNB,ALGONQUIN POWER & UTILITIES CORP.,NYSE
1174511,AEBMF,ANADOLU EFES BIRACILIK VE MALT SANAYI A S/ADR,OTC
1174511,AEBMY,ANADOLU EFES BIRACILIK VE MALT SANAYI A S/ADR,OTC
1176948,ARES-PB,Ares Management Corp,NYSE
1210708,STRRP,"Star Equity Holdings, Inc.",Nasdaq
1212545,WAL-PA,WESTERN ALLIANCE BANCORPORATION,NYSE
1224608,CNO-PA,"CNO Financial Group, Inc.",NYSE
1232384,TCENF,TC ENERGY CORP,OTC
1232384,TCEYF,TC ENERGY CORP,OTC
1232384,TCNCF,TC ENERGY CORP,OTC
1232384,TRPEF,TC ENERGY CORP,OTC
1232384,TRPPF,TC ENERGY CORP,OTC
1232384,TRPRF,TC ENERGY CORP,OTC
1234006,GOODN,GLADSTONE COMMERCIAL CORP,Nasdaq
1234006,GOODO,GLADSTONE COMMERCIAL CORP,Nasdaq
1236275,QXO-PB,"QXO, Inc.",NYSE
1253986,ABR-PD,ARBOR REALTY TRUST INC,NYSE
1253986,ABR-PE,ARBOR REALTY TRUST INC,NYSE
1253986,ABR-PF,ARBOR REALTY TRUST INC,NYSE
1254699,QVCC,QVC INC,NYSE
1259429,OXSQG,Oxford Square Capital Corp.,Nasdaq
1259429,OXSQH,Oxford Square Capital Corp.,Nasdaq
1260729,GDV-PK,GABELLI DIVIDEND & INCOME TRUST,NYSE
1267238,AIZN,"ASSURANT, INC.",NYSE
1267395,AHL-PF,ASPEN INSURANCE HOLDINGS LTD,NYSE
1273685,ADAMG,"ADAMAS TRUST, INC.",Nasdaq
1273685,ADAMH,"ADAMAS TRUST, INC.",Nasdaq
1273685,ADAMI,"ADAMAS TRUST, INC.",Nasdaq
1273685,ADAML,"ADAMAS TRUST, INC.",Nasdaq
1273685,ADAMM,"ADAMAS TRUST, INC.",Nasdaq
1273685,ADAMN,"ADAMAS TRUST, INC.",Nasdaq
1273685,ADAMZ,"ADAMAS TRUST, INC.",Nasdaq
1276187,ET-PI,Energy Transfer LP,NYSE
1278752,MFICL,MidCap Financial Investment Corp,Nasdaq
1281761,RF-PE,REGIONS FINANCIAL CORP,NYSE
1281761,RF-PF,REGIONS FINANCIAL CORP,NYSE
1281895,RCKTW,"ROCKET PHARMACEUTICALS, INC.",Nasdaq
1282957,GLU-PA,GABELLI GLOBAL UTILITY & INCOME TRUST,NYSE
1283699,TMUSI,"T-Mobile US, Inc.",Nasdaq
1283699,TMUSL,"T-Mobile US, Inc.",Nasdaq
1283699,TMUSZ,"T-Mobile US, Inc.",Nasdaq
1287032,PSEC-PA,PROSPECT CAPITAL CORP,NYSE
1295810,SHO-PH,"Sunstone Hotel Investors, Inc.",NYSE
1295810,SHO-PI,"Sunstone Hotel Investors, Inc.",NYSE
1297996,DLR-PL,"DIGITAL REALTY TRUST, INC.",NYSE
1298946,DRH-PA,DiamondRock Hospitality Co,NYSE
1299939,CADE-PA,Cadence Bank,NYSE
1308106,SEAL-PA,Seapeak LLC,NYSE
1308106,SEAL-PB,Seapeak LLC,NYSE
1311307,LNXSF,LANXESS AG,OTC
1317295,CITAF,CHINA SHIPPING CONTAINER LINES CO LTD,OTC
1318885,DSX-WT,DIANA SHIPPING INC.,NYSE
1321741,GAINI,GLADSTONE INVESTMENT CORPORATION\DE,Nasdaq
1321741,GAINN,GLADSTONE INVESTMENT CORPORATION\DE,Nasdaq
1321741,GAINZ,GLADSTONE INVESTMENT CORPORATION\DE,Nasdaq
1323468,GLP-PB,GLOBAL PARTNERS LP,NYSE
1326160,DUKB,Duke Energy CORP,NYSE
1326380,GME-WT,GameStop Corp.,NYSE
1329213,SNIRF,SENIOR PLC,OTC
1332174,ISMCF,iShares S&P GSCI Commodity-Indexed Trust,OTC
1332551,ACR-PC,ACRES Commercial Realty Corp.,NYSE
1332551,ACR-PD,ACRES Commercial Realty Corp.,NYSE
1333172,NMPGY,Navios Maritime Holdings Inc.,OTC
1333172,NMPRY,Navios Maritime Holdings Inc.,OTC
1333986,EQH-PA,"Equitable Holdings, Inc.",NYSE
1333986,EQH-PC,"Equitable Holdings, Inc.",NYSE
1336364,GIGGF,Giga Metals Corp,OTC
1338474,RDWQS,RIDGEWOOD ENERGY Q FUND LLC,OTC
1341317,BWBBP,Bridgewater Bancshares Inc,Nasdaq
1345126,CODI-PC,Compass Diversified Holdings,NYSE
1345865,NFTM,Buildablock Corp.,OTC
1347408,SGBAF,SES S.A.,OTC
1348362,LEXXW,Lexaria Bioscience Corp.,Nasdaq
1349706,TOGIW,"TurnOnGreen, Inc.",OTC
1355096,QVCGB,"QVC Group, Inc.",OTC
1355096,QVCGP,"QVC Group, Inc.",Nasdaq
1356115,NXDT-PA,NEXPOINT DIVERSIFIED REAL ESTATE TRUST,NYSE
1357878,RGPX,"REGENEREX PHARMA, INC.",OTC
1372514,KPHMW,KIORA PHARMACEUTICALS INC,OTC
1372920,NWOEF,New Oriental Education & Technology Group Inc.,OTC
1373670,GRBK-PA,"Green Brick Partners, Inc.",NYSE
1377936,SAJ,SARATOGA INVESTMENT CORP.,NYSE
1377936,SAT,SARATOGA INVESTMENT CORP.,NYSE
1377936,SAY,SARATOGA INVESTMENT CORP.,NYSE
1377936,SAZ,SARATOGA INVESTMENT CORP.,NYSE
1380365,IDKOF,"IDEMITSU KOSAN CO., LTD",OTC
1386044,TAAG,"Awareness Group, Inc.",OTC
1389207,GFSAY,Gafisa S.A.,OTC
1390777,BK-PK,Bank of New York Mellon Corp,NYSE
1393311,PSA-PF,Public Storage,NYSE
1393311,PSA-PG,Public Storage,NYSE
1393311,PSA-PI,Public Storage,NYSE
1393311,PSA-PJ,Public Storage,NYSE
1393311,PSA-PL,Public Storage,NYSE
1393311,PSA-PM,Public Storage,NYSE
1393311,PSA-PN,Public Storage,NYSE
1393311,PSA-PO,Public Storage,NYSE
1393311,PSA-PP,Public Storage,NYSE
1393311,PSA-PQ,Public Storage,NYSE
1393311,PSA-PR,Public Storage,NYSE
1393311,PSA-PS,Public Storage,NYSE
1397183,IVDAW,"Iveda Solutions, Inc.",Nasdaq
1400810,HCIIP,"HCI Group, Inc.",OTC
1400891,IHETW,"iHeartMedia, Inc.",OTC
1402328,SBFMW,Sunshine Biopharma Inc.,Nasdaq
1404912,KKR-PD,KKR & Co. Inc.,NYSE
1404912,KKRS,KKR & Co. Inc.,NYSE
1404912,KKRT,KKR & Co. Inc.,NYSE
1406234,BIPH,Brookfield Infrastructure Partners L.P.,NYSE
1406234,BIPI,Brookfield Infrastructure Partners L.P.,NYSE
1406234,BIPJ,Brookfield Infrastructure Partners L.P.,NYSE
1406234,BIP-PA,Brookfield Infrastructure Partners L.P.,NYSE
1406234,BIP-PB,Brookfield Infrastructure Partners L.P.,NYSE
1406234,BRIPF,Brookfield Infrastructure Partners L.P.,OTC
1408534,FGBIP,"First Guaranty Bancshares, Inc.",Nasdaq
1409493,CIMN,CHIMERA INVESTMENT CORP,NYSE
1409493,CIMO,CHIMERA INVESTMENT CORP,NYSE
1409493,CIMP,CHIMERA INVESTMENT CORP,NYSE
1411342,EFC-PA,Ellington Financial Inc.,NYSE
1411342,EFC-PB,Ellington Financial Inc.,NYSE
1411342,EFC-PC,Ellington Financial Inc.,NYSE
1411342,EFC-PD,Ellington Financial Inc.,NYSE
1412100,MHNC,"Maiden Holdings, Ltd.",NYSE
1414767,NCPLW,Netcapital Inc.,Nasdaq
1415311,AGQ,ProShares Trust II,NYSE
1415311,BOIL,ProShares Trust II,NYSE
1415311,EUO,ProShares Trust II,NYSE
1415311,GLL,ProShares Trust II,NYSE
1415311,KOLD,ProShares Trust II,NYSE
1415311,SCO,ProShares Trust II,NYSE
1415311,SVXY,ProShares Trust II,CBOE
1415311,UCO,ProShares Trust II,NYSE
1415311,UGL,ProShares Trust II,NYSE
1415311,ULE,ProShares Trust II,NYSE
1415311,UVXY,ProShares Trust II,CBOE
1415311,VIXM,ProShares Trust II,CBOE
1415311,VIXY,ProShares Trust II,CBOE
1415311,YCL,ProShares Trust II,NYSE
1415311,YCS,ProShares Trust II,NYSE
1415311,ZSL,ProShares Trust II,NYSE
1419554,BBLGW,Bone Biologics Corp,Nasdaq
1419951,DTSTW,Data Storage Corp,Nasdaq
1423689,AGNCL,AGNC Investment Corp.,Nasdaq
1423689,AGNCO,AGNC Investment Corp.,Nasdaq
1423689,AGNCP,AGNC Investment Corp.,Nasdaq
1423689,AGNCZ,AGNC Investment Corp.,Nasdaq
1424657,CUENW,Cuentas Inc.,OTC
1428205,ARR-PC,"Armour Residential REIT, Inc.",NYSE
1431852,ODVWZ,Osisko Development Corp.,Nasdaq
1436741,CYJBF,Cargotec Corp OYJ,OTC
1437545,OSSFF,Embla Medical HF/ADR,OTC
1438893,GNT-PA,"GAMCO Natural Resources, Gold & Income Trust",NYSE
1439124,AXIA-P,BRAZILIAN ELECTRIC POWER CO,NYSE
1440130,UUGWF,United Utilities Group plc,OTC
1445654,NZEOY,New Zealand Oil & Gas Ltd/ADR,OTC
1447100,YMHAY,"Yamaha Motor Co., Ltd.",OTC
1447391,RSNHF,RESONA HOLDINGS INC,OTC
1447956,BYDIF,BYD Electronic (International) Co Ltd,OTC
1449664,NWSZF,CTF Services Ltd,OTC
1451448,GMBLP,"ESPORTS ENTERTAINMENT GROUP, INC.",OTC
1451448,GMBLZ,"ESPORTS ENTERTAINMENT GROUP, INC.",OTC
1451561,SBBTF,Vend Marketplaces ASA/ADR,OTC
1452804,RMHI,"Retrieve Medical Holdings, Inc.",OTC
1455632,NXPGF,Mobico Group PLC/ADR,OTC
1456772,OPIRQ,OFFICE PROPERTIES INCOME TRUST,OTC
1460447,MIMTF,Mitsubishi Materials Corp / ADR,OTC
1462120,LOB-PA,"Live Oak Bancshares, Inc.",NYSE
1462223,NIXXW,"Nixxy, Inc.",Nasdaq
1462418,ASPSW,ALTISOURCE PORTFOLIO SOLUTIONS S.A.,Nasdaq
1462418,ASPSZ,ALTISOURCE PORTFOLIO SOLUTIONS S.A.,Nasdaq
1464343,ATLCL,Atlanticus Holdings Corp,Nasdaq
1464343,ATLCP,Atlanticus Holdings Corp,Nasdaq
1464343,ATLCZ,Atlanticus Holdings Corp,Nasdaq
1464423,PMT-PC,PennyMac Mortgage Investment Trust,NYSE
1464423,PMTU,PennyMac Mortgage Investment Trust,NYSE
1464423,PMTV,PennyMac Mortgage Investment Trust,NYSE
1464423,PMTW,PennyMac Mortgage Investment Trust,NYSE
1464790,RILYG,"B. Riley Financial, Inc.",Nasdaq
1464790,RILYK,"B. Riley Financial, Inc.",Nasdaq
1464790,RILYL,"B. Riley Financial, Inc.",Nasdaq
1464790,RILYN,"B. Riley Financial, Inc.",Nasdaq
1464790,RILYP,"B. Riley Financial, Inc.",Nasdaq
1464790,RILYT,"B. Riley Financial, Inc.",Nasdaq
1464790,RILYZ,"B. Riley Financial, Inc.",Nasdaq
1465740,TWOD,TWO HARBORS INVESTMENT CORP.,NYSE
1466026,MSBIP,"Midland States Bancorp, Inc.",Nasdaq
1468492,HSCSW,HeartSciences Inc.,Nasdaq
1468929,NXGLW,"NEXGEL, INC.",Nasdaq
1471824,CANE,Teucrium Commodity Trust,NYSE
1471824,CORN,Teucrium Commodity Trust,NYSE
1471824,SOYB,Teucrium Commodity Trust,NYSE
1471824,TAGS,Teucrium Commodity Trust,NYSE
1471824,WEAT,Teucrium Commodity Trust,NYSE
1472033,JTGLF,"Citibank,N.A./ADR",OTC
1472879,WCPRF,WHITECAP RESOURCES INC.,OTC
1474098,PEB-PG,Pebblebrook Hotel Trust,NYSE
1474098,PEB-PH,Pebblebrook Hotel Trust,NYSE
1475260,CNVEF,CENOVUS ENERGY INC.,OTC
1475260,CVE-WT,CENOVUS ENERGY INC.,NYSE
1476045,CLDT-PA,Chatham Lodging Trust,NYSE
1479247,CPER,United States Commodity Index Funds Trust,NYSE
1482512,HPP-PC,"Hudson Pacific Properties, Inc.",NYSE
1482541,BNCWW,CEA Industries Inc.,Nasdaq
1483994,HWLDF,H World Group Ltd,OTC
1484515,CJRCF,China Resources Cement Holdings Limited/ADR/,OTC
1487139,SKLTF,Seek Ltd,OTC
1487428,HTFB,Horizon Technology Finance Corp,NYSE
1487428,HTFC,Horizon Technology Finance Corp,NYSE
1487918,OFSSH,OFS Capital Corp,Nasdaq
1487918,OFSSO,OFS Capital Corp,Nasdaq
1488813,CUBB,"Customers Bancorp, Inc.",NYSE
1490078,FRSPF,First Phosphate Corp.,OTC
1490349,PFXNZ,PhenixFIN Corp,Nasdaq
1492448,MAJI,"Exousia Pro, Inc.",OTC
1493507,SFDMF,Shanghai Fudan Microelectronics Co Limited/ADR/,OTC
1494191,KRNGF,Karoon Gas Australia Ltd /ADR/,OTC
1495222,OXLCG,Oxford Lane Capital Corp.,Nasdaq
1495222,OXLCI,Oxford Lane Capital Corp.,Nasdaq
1495222,OXLCL,Oxford Lane Capital Corp.,Nasdaq
1495222,OXLCN,Oxford Lane Capital Corp.,Nasdaq
1495222,OXLCP,Oxford Lane Capital Corp.,Nasdaq
1495222,OXLCZ,Oxford Lane Capital Corp.,Nasdaq
1495240,LANDO,GLADSTONE LAND Corp,Nasdaq
1496099,NMFCZ,New Mountain Finance Corp,Nasdaq
1496254,LTAFX,Alternative Strategies Income Fund,
1496254,LTCFX,Alternative Strategies Income Fund,
1497645,INN-PF,"Summit Hotel Properties, Inc.",NYSE
1501072,RIV-PA,"RIVERNORTH OPPORTUNITIES FUND, INC.",NYSE
1502292,PRHIZ,"Presurance Holdings, Inc.",Nasdaq
1503290,ACP-PA,abrdn Income Credit Strategies Fund,NYSE
1505880,PNDZF,Pandora A/S / ADR,OTC
1506307,EP-PC,"KINDER MORGAN, INC.",NYSE
1506721,BAFBF,Balfour Beatty plc/ADR,OTC
1506721,BLFBY,Balfour Beatty plc/ADR,OTC
1509397,LOMWF,Lion One Metals Ltd.,OTC
1509470,SSSSL,SURO CAPITAL CORP.,Nasdaq
1509589,CIVII,"CIVITAS RESOURCES, INC.",OTC
1509957,NASC,Can B Corp,OTC
1512228,NIOBW,NIOCORP DEVELOPMENTS LTD,Nasdaq
1512922,PETVW,"PetVivo Holdings, Inc.",OTC
1514281,MITN,"AG Mortgage Investment Trust, Inc.",NYSE
1514281,MITP,"AG Mortgage Investment Trust, Inc.",NYSE
1514281,MITT-PC,"AG Mortgage Investment Trust, Inc.",NYSE
1516323,BCKIF,Babcock International Group PLC/ADR,OTC
1516324,BTDPF,Barratt Developments PLC/ADR,OTC
1516535,MLSPF,Melrose Industries Plc/ADR,OTC
1516684,SMTGF,SMA Solar Technology AG/ADR,OTC
1517767,CCID,Carlyle Credit Income Fund,NYSE
1518461,AMPGW,"AmpliTech Group, Inc.",Nasdaq
1520504,CTTRF,"Controladora Vuela Compania de Aviacion, S.A.B. de C.V.",OTC
1526113,GNL-PB,"Global Net Lease, Inc.",NYSE
1526113,GNL-PD,"Global Net Lease, Inc.",NYSE
1526113,GNL-PE,"Global Net Lease, Inc.",NYSE
1526125,GDHLF,GDS Holdings Ltd,OTC
1527166,CGABL,Carlyle Group Inc.,Nasdaq
1527469,ATH-PB,Athene Holding Ltd.,NYSE
1527469,ATH-PD,Athene Holding Ltd.,NYSE
1527469,ATH-PE,Athene Holding Ltd.,NYSE
1527469,ATHS,Athene Holding Ltd.,NYSE
1527541,WHLRL,"Wheeler Real Estate Investment Trust, Inc.",Nasdaq
1527590,RCB,Ready Capital Corp,NYSE
1527590,RCC,Ready Capital Corp,NYSE
1527590,RCD,Ready Capital Corp,NYSE
1527590,RC-PC,Ready Capital Corp,NYSE
1527590,RC-PE,Ready Capital Corp,NYSE
1529906,DPLMF,Diploma plc/ADR,OTC
1532619,PW-PA,Power REIT,NYSE
1533082,EBOSF,EBOS Group Limited/ADR,OTC
1533232,BEPH,Brookfield Renewable Partners L.P.,NYSE
1533232,BEPI,Brookfield Renewable Partners L.P.,NYSE
1533232,BEPJ,Brookfield Renewable Partners L.P.,NYSE
1533232,BEP-PA,Brookfield Renewable Partners L.P.,NYSE
1533232,BRENF,Brookfield Renewable Partners L.P.,OTC
1533615,GMRE-PB,Global Medical REIT Inc.,NYSE
1534254,CICB,CION Investment Corp,NYSE
1534281,MBUMF,"Mabuchi Motor Co., Ltd./ADR",OTC
1535759,NSKFF,Kongsberg Gruppen ASA/ADR,OTC
1536787,SOHGF,ALSOK Co Ltd./ADR,OTC
1538118,YKLTF,"Yakult Honsha Co., LTD/ADR",OTC
1539638,TFIN-P,"Triumph Financial, Inc.",NYSE
1545772,BPYPM,Brookfield Property Partners L.P.,Nasdaq
1545772,BPYPN,Brookfield Property Partners L.P.,Nasdaq
1545772,BPYPO,Brookfield Property Partners L.P.,Nasdaq
1546066,PBNAF,PEMBINA PIPELINE CORP,OTC
1546066,PBPRF,PEMBINA PIPELINE CORP,OTC
1546066,PMBPF,PEMBINA PIPELINE CORP,OTC
1546066,PMMBF,PEMBINA PIPELINE CORP,OTC
1546066,PPLAF,PEMBINA PIPELINE CORP,OTC
1546066,PPLOF,PEMBINA PIPELINE CORP,OTC
1546538,BTGRF,BTS Group Holdings Public Co Limited/ADR,OTC
1546538,BTLWF,BTS Group Holdings Public Co Limited/ADR,OTC
1547546,LFT-PA,"Lument Finance Trust, Inc.",NYSE
1547870,BUGDF,Bumrungrad Hospital Public Co Limited/ADR,OTC
1547870,BUHHF,Bumrungrad Hospital Public Co Limited/ADR,OTC
1547870,BUHPF,Bumrungrad Hospital Public Co Limited/ADR,OTC
1550453,TRLC,TriLinc Global Impact Fund LLC,OTC
1551468,CPNNF,Central Pattana Public Co Limited/ADR,OTC
1551468,CTPUF,Central Pattana Public Co Limited/ADR,OTC
1552000,MPLXP,MPLX LP,OTC
1552198,WHFCL,"WhiteHorse Finance, Inc.",Nasdaq
1553788,SBEVW,"SPLASH BEVERAGE GROUP, INC.",OTC
1554625,PRIF-PD,"Priority Income Fund, Inc.",NYSE
1554625,PRIF-PJ,"Priority Income Fund, Inc.",NYSE
1554625,PRIF-PK,"Priority Income Fund, Inc.",NYSE
1554625,PRIF-PL,"Priority Income Fund, Inc.",NYSE
1554818,AUUDW,AUDDIA INC.,Nasdaq
1556593,RITM-PA,Rithm Capital Corp.,NYSE
1556593,RITM-PB,Rithm Capital Corp.,NYSE
1556593,RITM-PC,Rithm Capital Corp.,NYSE
1556593,RITM-PD,Rithm Capital Corp.,NYSE
1556593,RITM-PE,Rithm Capital Corp.,NYSE
1560143,WYTC,WYTEC INTERNATIONAL INC,OTC
1560293,TNONW,"Tenon Medical, Inc.",Nasdaq
1560385,LLYVB,Liberty Media Corp,OTC
1560385,LLYVK,Liberty Media Corp,Nasdaq
1560968,SMSOF,Samsonite International SA/ADR,OTC
1561032,NHPBP,"National Healthcare Properties, Inc.",Nasdaq
1562294,EYGPF,Electricity Generating Public Co Limited/ADR,OTC
1562294,EYUUF,Electricity Generating Public Co Limited/ADR,OTC
1562463,INBKZ,First Internet Bancorp,Nasdaq
1562528,FBRT-PE,"Franklin BSP Realty Trust, Inc.",NYSE
1567526,IHICF,IHI Corporation/ADR,OTC
1568183,AUIWF,AURANIA RESOURCES LTD.,OTC
1569650,OZKAP,Bank OZK,Nasdaq
1570299,NCHEF,Nichirei Corporation/ADR,OTC
1571283,REXR-PC,"Rexford Industrial Realty, Inc.",NYSE
1574676,NGHI,"Galenfeha, Inc.",OTC
1575311,DTLAP,Brookfield DTLA Fund Office Trust Investor Inc.,OTC
1576018,SPNT-PB,SiriusPoint Ltd,NYSE
1576018,SSPFF,SiriusPoint Ltd,OTC
1577552,BBAAY,Alibaba Group Holding Ltd,OTC
1580149,BIVIW,BIOVIE INC.,Nasdaq
1580864,VRMWW,"Vroom, Inc.",OTC
1582820,IPSOF,IPSOS/ADR,OTC
1582982,CCLDO,"CareCloud, Inc.",Nasdaq
1583771,CTRVP,"Hepion Pharmaceuticals, Inc.",OTC
1584273,SNROF,"Sanrio Company, Ltd./ADR",OTC
1585389,SSST,"SmartStop Self Storage REIT, Inc.",OTC
1587987,NEWTG,"NewtekOne, Inc.",Nasdaq
1587987,NEWTH,"NewtekOne, Inc.",Nasdaq
1587987,NEWTP,"NewtekOne, Inc.",Nasdaq
1587987,NEWTZ,"NewtekOne, Inc.",Nasdaq
1590364,FTAIM,FTAI Aviation Ltd.,Nasdaq
1590364,FTAIN,FTAI Aviation Ltd.,Nasdaq
1591890,FGNXP,FG Nexus Inc.,Nasdaq
1594968,LAAI,Loan Artificial Intelligence Corp.,OTC
1595761,WEIBF,WEIBO Corp,OTC
1599407,LBRA,1847 Holdings LLC,OTC
1600928,HPHTF,Hamamatsu Photonics K.K./ADR,OTC
1601712,SYF-PA,Synchrony Financial,NYSE
1601712,SYF-PB,Synchrony Financial,NYSE
1601992,SNPTF,Sunny Optical Technology (Group) Co Limited/ADR,OTC
1604174,ECCC,Eagle Point Credit Co Inc.,NYSE
1604174,ECCF,Eagle Point Credit Co Inc.,NYSE
1604174,ECC-PD,Eagle Point Credit Co Inc.,NYSE
1604174,ECCU,Eagle Point Credit Co Inc.,NYSE
1604174,ECCV,Eagle Point Credit Co Inc.,NYSE
1604174,ECCW,Eagle Point Credit Co Inc.,NYSE
1605755,MONRF,Moncler S.p.A./ADR,OTC
1605888,SQLLW,ATLANTIC INTERNATIONAL CORP.,OTC
1606268,VIASP,"Via Renewables, Inc.",Nasdaq
1610820,BCTXW,BriaCell Therapeutics Corp.,Nasdaq
1610820,BCTXZ,BriaCell Therapeutics Corp.,Nasdaq
1610853,HSDTW,Solana Co,OTC
1610940,BDRY,Amplify Commodity Trust,NYSE
1610940,BWET,Amplify Commodity Trust,NYSE
1611983,LBRDP,Liberty Broadband Corp,Nasdaq
1613780,DBVTF,DBV Technologies S.A.,OTC
1614806,RPT-PC,Rithm Property Trust Inc.,NYSE
1616736,GGBY,Alpha Investment Inc.,OTC
1618181,GLDW,World Gold Trust,CBOE
1618563,NSA-PB,National Storage Affiliates Trust,NYSE
1619312,LTSV,"Lightstone Value Plus REIT IV, Inc.",OTC
1621227,ADAPY,Adaptimmune Therapeutics PLC,OTC
1621434,BSMLP,"Black Stone Minerals, L.P.",OTC
1628171,RVMDW,"Revolution Medicines, Inc.",Nasdaq
1629019,MBINL,Merchants Bancorp,Nasdaq
1629019,MBINM,Merchants Bancorp,Nasdaq
1629019,MBINN,Merchants Bancorp,Nasdaq
1630472,TRTX-PC,"TPG RE Finance Trust, Inc.",NYSE
1630805,BWNB,"Babcock & Wilcox Enterprises, Inc.",NYSE
1630805,BW-PA,"Babcock & Wilcox Enterprises, Inc.",NYSE
1631596,KREF-PA,KKR Real Estate Finance Trust Inc.,NYSE
1633336,FCRX,"Crescent Capital BDC, Inc.",NYSE
1635077,ACONW,"Aclarion, Inc.",Nasdaq
1642122,ACGP,"Associated Capital Group, Inc.",OTC
1643198,JBHIF,JB Hi-Fi Limited/ADR,OTC
1643988,LPTVQ,"Loop Media, Inc.",OTC
1645590,HPE-PC,Hewlett Packard Enterprise Co,NYSE
1645873,MDV-PA,"MODIV INDUSTRIAL, INC.",NYSE
1648087,AREBW,AMERICAN REBEL HOLDINGS INC,Nasdaq
1648512,SHMZF,Shimadzu Corporation/ADR,OTC
1648960,MYSEW,"Myseum, Inc.",Nasdaq
1651308,BEIGF,BeOne Medicines Ltd.,OTC
1651721,GIPRW,"GENERATION INCOME PROPERTIES, INC.",Nasdaq
1653384,RWAYL,Runway Growth Finance Corp.,Nasdaq
1653384,RWAYZ,Runway Growth Finance Corp.,Nasdaq
1654508,IBIDF,"Ibiden Co., Ltd./ADR",OTC
1655190,SHLAF,Schindler Holding AG/ADR,OTC
1655190,SHLRF,Schindler Holding AG/ADR,OTC
1657853,HTZWW,"HERTZ GLOBAL HOLDINGS, INC",Nasdaq
1658645,LENDX,Stone Ridge Trust V,
1660734,TRTN-PB,Triton International Ltd,NYSE
1660734,TRTN-PC,Triton International Ltd,NYSE
1660734,TRTN-PD,Triton International Ltd,NYSE
1660734,TRTN-PE,Triton International Ltd,NYSE
1660734,TRTN-PF,Triton International Ltd,NYSE
1661053,NVNBW,enVVeno Medical Corp,OTC
1662972,BSTT,"Blackstone Real Estate Income Trust, Inc.",OTC
1663712,NRSAX,NEXPOINT REAL ESTATE STRATEGIES FUND,
1666175,FORFF,Fortis Inc.,OTC
1666175,FRTSF,Fortis Inc.,OTC
1666175,FTPSF,Fortis Inc.,OTC
1666175,FTRSF,Fortis Inc.,OTC
1668393,CEHCF,"Cosmo Energy Holdings Co., Ltd./ADR",OTC
1673481,LTRYW,Lottery.com Inc.,Nasdaq
1675033,GECCG,Great Elm Capital Corp.,Nasdaq
1675033,GECCH,Great Elm Capital Corp.,Nasdaq
1675033,GECCI,Great Elm Capital Corp.,Nasdaq
1675033,GECCO,Great Elm Capital Corp.,Nasdaq
1676047,NTRBW,NutriBand Inc.,Nasdaq
1677250,ZTOEF,ZTO Express (Cayman) Inc.,OTC
1678130,OPP-PA,"RiverNorth/DoubleLine Strategic Opportunity Fund, Inc.",NYSE
1678130,OPP-PB,"RiverNorth/DoubleLine Strategic Opportunity Fund, Inc.",NYSE
1678130,OPP-PC,"RiverNorth/DoubleLine Strategic Opportunity Fund, Inc.",NYSE
1679688,DBRG-PH,"DigitalBridge Group, Inc.",NYSE
1679688,DBRG-PI,"DigitalBridge Group, Inc.",NYSE
1679688,DBRG-PJ,"DigitalBridge Group, Inc.",NYSE
1679920,SATLF,"Start Today Co., Ltd./ADR",OTC
1680637,NRRWD,Nuran Wireless Inc.,OTC
1682220,SACH-PA,Sachem Capital Corp.,NYSE
1682220,SCCD,Sachem Capital Corp.,NYSE
1682220,SCCE,Sachem Capital Corp.,NYSE
1682220,SCCF,Sachem Capital Corp.,NYSE
1682220,SCCG,Sachem Capital Corp.,NYSE
1684688,JUPGD,ATLAS CRITICAL MINERALS Corp,OTC
1685040,BHFAM,"Brighthouse Financial, Inc.",Nasdaq
1685040,BHFAN,"Brighthouse Financial, Inc.",Nasdaq
1685040,BHFAO,"Brighthouse Financial, Inc.",Nasdaq
1686009,CAHPF,Evolution Mining Limited/ADR,OTC
1687187,METCB,"Ramaco Resources, Inc.",Nasdaq
1687187,METCI,"Ramaco Resources, Inc.",Nasdaq
1687187,METCZ,"Ramaco Resources, Inc.",Nasdaq
1688554,PFFLX,PIMCO Flexible Credit Income Fund,
1690012,ICRP,"InPoint Commercial Real Estate Income, Inc.",OTC
1691421,LMND-WT,"Lemonade, Inc.",NYSE
1691445,FVGPY,FinVolution Group,OTC
1692345,PRXA,"PROCACCIANTI HOTEL REIT, INC.",OTC
1692345,PRXK,"PROCACCIANTI HOTEL REIT, INC.",OTC
1693577,MNSBP,"MainStreet Bancshares, Inc.",Nasdaq
1695519,ATGAF,AltaGas Ltd.,OTC
1698538,STSR,"Strategic Student & Senior Housing Trust, Inc.",OTC
1699880,AMLIF,American Lithium Corp.,OTC
1699967,MEIUF,Meitu Inc./ADR,OTC
1699996,XJNGF,"Xinjiang Goldwind Science & Technology Co., Ltd./ADR",OTC
1701963,VSSYW,Versus Systems Inc.,Nasdaq
1703644,GPMT-PA,Granite Point Mortgage Trust Inc.,NYSE
1705012,FATBP,"Fat Brands, Inc",Nasdaq
1705455,ZNKUF,"ZENKOKU HOSHO Co., Ltd./ADR",OTC
1705969,DRRKD,dormakaba Holding AG,OTC
1706795,BYCBF,Barry Callebaut AG/ADR,OTC
1710680,HFRO-PA,HIGHLAND OPPORTUNITIES & INCOME FUND,NYSE
1710680,HFRO-PB,HIGHLAND OPPORTUNITIES & INCOME FUND,NYSE
1712356,HYNLY,Hydro One Ltd,OTC
1712762,BIAFW,"bioAffinity Technologies, Inc.",Nasdaq
1716885,ASCIX,Angel Oak Strategic Credit Fund,
1716947,ENSCW,"Ensysce Biosciences, Inc.",OTC
1716951,OCCIM,"OFS Credit Company, Inc.",Nasdaq
1716951,OCCIN,"OFS Credit Company, Inc.",Nasdaq
1716951,OCCIO,"OFS Credit Company, Inc.",Nasdaq
1718224,BTBDW,"BT Brands, Inc.",Nasdaq
1718405,HYMCW,HYCROFT MINING HOLDING CORP,OTC
1719117,ASRRF,ASR Nederland N.V./ADR,OTC
1719406,NRXPW,"NRX Pharmaceuticals, Inc.",Nasdaq
1722556,BGFR,BestGofer Inc.,OTC
1723701,PMFAX,PIMCO Flexible Municipal Income Fund,
1727255,COBA,Chilean Cobalt Corp.,OTC
1728918,AIBRF,AIB Group plc/ADR,OTC
1729514,VTTGF,VAT Group AG/ADR,OTC
1733968,WLGMF,West Red Lake Gold Mines Ltd.,OTC
1733968,WRLRF,West Red Lake Gold Mines Ltd.,OTC
1736510,NICHX,Variant Alternative Income Fund,
1737995,STSSW,Sharps Technology Inc.,Nasdaq
1739016,SYAXF,Elevra Lithium Ltd,OTC
1741530,QFNHF,"Qfin Holdings, Inc.",OTC
1743905,RVSNW,Rail Vision Ltd.,Nasdaq
1744494,ADNH,"ADVENT TECHNOLOGIES HOLDINGS, INC.",OTC
1744494,ADNWW,"ADVENT TECHNOLOGIES HOLDINGS, INC.",OTC
1744676,TCMEF,Tencent Music Entertainment Group,OTC
1748137,NEOVW,NeoVolta Inc.,Nasdaq
1748680,OWSCX,1WS Credit Income Fund,
1751162,CHWRF,China Tower Corp Limited/ADR,OTC
1751707,OZVN,OZ VISION INC.,OTC
1752564,MRCIF,"Mercari, Inc./ADR",OTC
1752828,CELUW,Celularity Inc,Nasdaq
1753539,BKSY-WT,BlackSky Technology Inc.,NYSE
1753712,LARAX,Lord Abbett Credit Opportunities Fund,
1754088,MPNGF,Meituan Dianping/ADR,OTC
1754836,EICA,Eagle Point Income Co Inc.,NYSE
1754836,EICB,Eagle Point Income Co Inc.,NYSE
1754836,EICC,Eagle Point Income Co Inc.,NYSE
1756404,PDSKX,Principal Real Asset Fund,
1757064,GNFTY,Genfit S.A.,OTC
1758699,TRSO,TRANSUITE.ORG INC.,OTC
1759186,COEPW,"Coeptis Therapeutics Holdings, Inc.",Nasdaq
1759824,ALTG-PA,ALTA EQUIPMENT GROUP INC.,NYSE
1760689,MVSTW,"Microvast Holdings, Inc.",Nasdaq
1765048,GCGJ,GUOCHUN INTERNATIONAL INC.,OTC
1765651,PSPX,Pacific Sports Exchange Inc.,OTC
1766478,AOMD,"Angel Oak Mortgage REIT, Inc.",NYSE
1766478,AOMN,"Angel Oak Mortgage REIT, Inc.",NYSE
1766868,ADDTF,Addtech AB/ADR,OTC
1769624,ILLRW,Triller Group Inc.,Nasdaq
1770114,SAABF,Saab AB/ADR,OTC
1770115,WTCHF,Wisetech Global Ltd./ADR,OTC
1774163,IVBXF,Innovent Biologics Inc/ADR,OTC
1774675,SKILW,Skillsoft Corp.,OTC
1775734,BENFW,Beneficient,Nasdaq
1778788,WEBJF,Webjet Limited/ADR,OTC
1779128,SRTAW,"Strata Critical Medical, Inc.",Nasdaq
1779372,BEATW,"HeartBeam, Inc.",Nasdaq
1779474,MAPSW,"WM TECHNOLOGY, INC.",Nasdaq
1781162,MNTSW,Momentus Inc.,Nasdaq
1781629,ANKM,"Ankam, Inc.",OTC
1781726,ACAT,NP Life Sciences Health Industry Group Inc.,OTC
1783398,UWMC-WT,UWM Holdings Corp,NYSE
1785424,KPLTW,"Katapult Holdings, Inc.",Nasdaq
1786108,TRINI,Trinity Capital Inc.,Nasdaq
1786108,TRINZ,Trinity Capital Inc.,Nasdaq
1786117,PINE-PA,"Alpine Income Property Trust, Inc.",NYSE
1786248,NREF-PA,"NexPoint Real Estate Finance, Inc.",NYSE
1787518,NUKKW,Nukkleus Inc.,Nasdaq
1788028,JSPRW,"Jasper Therapeutics, Inc.",Nasdaq
1788707,ADYYF,Adyen N.V./ADR,OTC
1788841,MCOMW,micromobility.com Inc.,OTC
1789029,AEVAW,"Aeva Technologies, Inc.",Nasdaq
1789135,PASTF,Plastic Omnium/ADR,OTC
1789444,PSKRF,Protector Forsikring/ADR,OTC
1793497,UVIX,VS Trust,CBOE
1794669,FOUR-PA,"Shift4 Payments, Inc.",NYSE
1795589,KCLHF,Kingsoft Cloud Holdings Ltd,OTC
1796026,DNOPF,Dino Polska S.A./ADR,OTC
1798562,TMCWW,TMC the metals Co Inc.,Nasdaq
1799191,TOIIW,"Oncology Institute, Inc.",Nasdaq
1800392,VENAF,MicroAlgo Inc.,OTC
1801169,OPENL,Opendoor Technologies Inc.,Nasdaq
1801169,OPENW,Opendoor Technologies Inc.,Nasdaq
1801169,OPENZ,Opendoor Technologies Inc.,Nasdaq
1801417,BYNOU,byNordic Acquisition Corp,OTC
1801417,BYNOW,byNordic Acquisition Corp,OTC
1801602,SBIGW,"SpringBig Holdings, Inc.",OTC
1801729,NCLTF,"Nitori Holdings Co., Ltd.",OTC
1802450,MSPRW,"MSP Recovery, Inc.",Nasdaq
1802450,MSPRZ,"MSP Recovery, Inc.",Nasdaq
1802457,ORGNW,"Origin Materials, Inc.",Nasdaq
1803901,TALKW,"Talkspace, Inc.",Nasdaq
1804176,BFLY-WT,"Butterfly Network, Inc.",NYSE
1804469,GFAIW,"Guardforce AI Co., Ltd.",Nasdaq
1805385,EVLVW,"Evolv Technologies Holdings, Inc.",Nasdaq
1805521,FFAIW,FARADAY FUTURE INTELLIGENT ELECTRIC INC.,Nasdaq
1805526,DFDVW,DeFi Development Corp.,Nasdaq
1805833,SSTPW,"System1, Inc.",OTC
1807765,PMVCW,PMV Consumer Acquisition Corp.,OTC
1808377,LUCYW,Innovative Eyewear Inc,Nasdaq
1809158,KUKEY,Kuke Music Holding Ltd,OTC
1809750,EDBLW,Edible Garden AG Inc,Nasdaq
1810560,REVBW,"REVELATION BIOSCIENCES, INC.",Nasdaq
1811063,NUVB-WT,Nuvation Bio Inc.,NYSE
1811115,RENXF,Renalytix plc,OTC
1812173,RBOT-WT,Vicarious Surgical Inc.,NYSE
1812360,FOXOW,FOXO TECHNOLOGIES INC.,OTC
1812727,RELIW,"Reliance Global Group, Inc.",Nasdaq
1814215,BURUW,"Nuburu, Inc.",OTC
1814287,ABLLL,"Abacus Global Management, Inc.",Nasdaq
1815620,OPTEY,Opthea Ltd,OTC
1815846,MSOGF,MINISO Group Holding Ltd,OTC
1816431,QSIAW,Quantum-Si Inc,Nasdaq
1816581,OUSTZ,"Ouster, Inc.",Nasdaq
1816708,OWLTW,"Owlet, Inc.",OTC
1817232,HGASW,Global Gas Corp,OTC
1818331,WGSWW,GeneDx Holdings Corp.,Nasdaq
1818382,HUMAW,"Humacyte, Inc.",Nasdaq
1818502,OPFI-WT,OppFi Inc.,NYSE
1818643,PHXE-P,"Phoenix Energy One, LLC",NYSE
1818644,LIDRW,"AEye, Inc.",Nasdaq
1819142,SES-WT,SES AI Corp,NYSE
1819175,PRIAF,Prime Impact Acquisition I,OTC
1819395,SONWQ,Sonder Holdings Inc.,OTC
1819438,GWH-WT,"ESS Tech, Inc.",NYSE
1819493,XOSWW,"Xos, Inc.",Nasdaq
1819516,WSUPW,Wheels Up Experience Inc.,OTC
1819574,BARK-WT,"Bark, Inc.",NYSE
1819794,HTOOW,Fusion Fuel Green PLC,Nasdaq
1819848,JOBY-WT,"Joby Aviation, Inc.",NYSE
1819989,CIFRW,Cipher Mining Inc.,Nasdaq
1820190,SCLXW,Scilex Holding Co,Nasdaq
1820302,BKKT-WT,"Bakkt Holdings, Inc.",NYSE
1820566,ISPOW,Inspirato Inc,Nasdaq
1820875,CXAIW,CXApp Inc.,Nasdaq
1821159,EVGOW,EVgo Inc.,Nasdaq
1822791,CLNNW,Clene Inc.,Nasdaq
1822928,HLLY-WT,Holley Inc.,NYSE
1822989,LSRCF,Lasertec Corporation/ADR,OTC
1822993,JXN-PA,Jackson Financial Inc.,NYSE
1823466,NOTE-WT,"FiscalNote Holdings, Inc.",NYSE
1823584,AENTW,ALLIANCE ENTERTAINMENT HOLDING CORP,Nasdaq
1823587,SKYH-WT,Sky Harbour Group Corp,NYSE
1823593,TSPH,TuSimple Holdings Inc.,OTC
1823652,EVEX-WT,"Eve Holding, Inc.",NYSE
1823794,ARKOW,ARKO Corp.,Nasdaq
1823878,MYPSW,"PLAYSTUDIOS, Inc.",Nasdaq
1824204,PVOZ,Park View OZ REIT Inc,OTC
1824403,RSVRW,"Reservoir Media, Inc.",Nasdaq
1824502,ACHR-WT,Archer Aviation Inc.,NYSE
1824893,SRZNW,"Surrozen, Inc./DE",Nasdaq
1824920,IONQ-WT,"IonQ, Inc.",NYSE
1825024,OPADW,Offerpad Solutions Inc.,OTC
1825079,VLDXW,"Velo3D, Inc.",OTC
1825248,FRBP,Franklin BSP Capital Corp,OTC
1825452,ONFOP,"Onfolio Holdings, Inc",OTC
1825452,ONFOW,"Onfolio Holdings, Inc",Nasdaq
1826011,BNZIW,"Banzai International, Inc.",Nasdaq
1826667,TLSIW,"TriSalus Life Sciences, Inc.",Nasdaq
1826681,PDYNW,Palladyne AI Corp.,Nasdaq
1826779,TOMYF,Tomy Co Ltd/ADR,OTC
1826889,BODYW,"Beachbody Company, Inc.",OTC
1828105,HIPOW,Hippo Holdings Inc.,OTC
1828108,AUROW,"Aurora Innovation, Inc.",Nasdaq
1828739,AQLS,"Arculus System Co., Ltd.",OTC
1828937,FOACW,Finance of America Companies Inc.,OTC
1828972,BZFDW,"BuzzFeed, Inc.",Nasdaq
1829247,BFRGW,"BullFrog AI Holdings, Inc.",Nasdaq
1830033,PCTBP,"PureCycle Technologies, Inc.",OTC
1830033,PCTTU,"PureCycle Technologies, Inc.",Nasdaq
1830033,PCTTW,"PureCycle Technologies, Inc.",Nasdaq
1830081,RUMBW,Rumble Inc.,Nasdaq
1830188,UHGWW,"United Homes Group, Inc.",Nasdaq
1830214,DNABW,"Ginkgo Bioworks Holdings, Inc.",OTC
1830696,GLCP,GLOBAL LEADERS CORP,OTC
1831096,GEGGL,"Great Elm Group, Inc.",Nasdaq
1831283,LIANY,LianBio,OTC
1831359,JWSUF,Jaws Mustang Acquisition Corp,OTC
1831359,JWSWF,Jaws Mustang Acquisition Corp,OTC
1831868,ICUCW,SeaStar Medical Holding Corp,Nasdaq
1831979,SDSTW,Stardust Power Inc.,Nasdaq
1832511,PIIIW,P3 Health Partners Inc.,Nasdaq
1833214,SABSW,"SAB Biotherapeutics, Inc.",Nasdaq
1833498,MDAIW,"Spectral AI, Inc.",Nasdaq
1833835,PSEWF,Paysafe Ltd,OTC
1834026,GROY-WT,Gold Royalty Corp.,NYSE
1834032,CSTUF,Constellation Acquisition Corp I,OTC
1834032,CSTWF,Constellation Acquisition Corp I,OTC
1834048,ASAIY,Sendas Distributor S.A.,OTC
1834526,GPATU,GP-Act III Acquisition Corp.,Nasdaq
1834526,GPATW,GP-Act III Acquisition Corp.,Nasdaq
1835654,INVZW,Innoviz Technologies Ltd.,Nasdaq
1835724,ZHIHF,Zhihu Inc.,OTC
1835856,BETRW,Better Home & Finance Holding Co,Nasdaq
1836833,PL-WT,Planet Labs PBC,NYSE
1836875,NVVEW,Nuvve Holding Corp.,Nasdaq
1836981,BBAI-WT,"BigBear.ai Holdings, Inc.",NYSE
1837493,IINNW,Inspira Technologies OXY B.H.N. Ltd,Nasdaq
1837671,CPPTL,Copper Property CTL Pass Through Trust,OTC
1838163,BNAIW,Brand Engagement Network Inc.,Nasdaq
1838359,RGTIW,"Rigetti Computing, Inc.",Nasdaq
1838987,SPWRW,SunPower Inc.,Nasdaq
1839341,CORZR,"Core Scientific, Inc./tx",OTC
1839341,CORZW,"Core Scientific, Inc./tx",Nasdaq
1839341,CORZZ,"Core Scientific, Inc./tx",Nasdaq
1839530,XBPEW,"XBP Global Holdings, Inc.",Nasdaq
1839586,DMXCF,District Metals Corp.,OTC
1840199,WALDW,Waldencast plc,Nasdaq
1840317,VEEAW,VEEA INC.,Nasdaq
1840425,OSRHW,"OSR Holdings, Inc.",Nasdaq
1840502,TBLAW,Taboola.com Ltd.,Nasdaq
1840780,LOCLW,Local Bounti Corporation/DE,OTC
1840856,SOUNW,"SOUNDHOUND AI, INC.",Nasdaq
1840877,COCHW,"Envoy Medical, Inc.",Nasdaq
1841125,BSLKW,"Bolt Projects Holdings, Inc.",Nasdaq
1841209,HOLOW,MicroCloud Hologram Inc.,Nasdaq
1841330,KTTAW,Pasithea Therapeutics Corp.,Nasdaq
1841408,DAVEW,Dave Inc./DE,Nasdaq
1841425,VGASW,"Verde Clean Fuels, Inc.",Nasdaq
1841675,ARBKL,Argo Blockchain Plc,Nasdaq
1841761,GROVW,"Grove Collaborative Holdings, Inc.",OTC
1842138,ULIX,ULIXE CORP.,OTC
1842556,EONR-WT,EON Resources Inc.,NYSE
1842566,AISPW,"Airship AI Holdings, Inc.",Nasdaq
1842939,XAGEW,"Longevity Health Holdings, Inc.",OTC
1843477,SVIRF,Spring Valley Acquisition Corp. II,OTC
1843477,SVIUF,Spring Valley Acquisition Corp. II,OTC
1843477,SVIWF,Spring Valley Acquisition Corp. II,OTC
1843656,RMCOW,Royalty Management Holding Corp,Nasdaq
1843714,ZPTAW,"Zapata Quantum, Inc.",OTC
1843724,LNZAW,"LanzaTech Global, Inc.",Nasdaq
1843973,FLYX-WT,FLYEXCLUSIVE INC.,NYSE
1844417,ESLAW,"Estrella Immunopharma, Inc.",Nasdaq
1844505,QTIWW,"QT IMAGING HOLDINGS, INC.",OTC
1844862,SLDPW,"Solid Power, Inc.",Nasdaq
1844971,GREEL,Greenidge Generation Holdings Inc.,Nasdaq
1845097,AMPWF,Ardagh Metal Packaging S.A.,OTC
1845123,ANNAW,"AleAnna, Inc.",Nasdaq
1845149,CBGGF,Chain Bridge I,OTC
1845149,CBRGF,Chain Bridge I,OTC
1845149,CBRRF,Chain Bridge I,OTC
1845437,NPWR-WT,NET Power Inc.,NYSE
1845550,PLMUF,Plum Acquisition Corp. III,OTC
1845550,PLMWF,Plum Acquisition Corp. III,OTC
1846084,JETBF,Global Crossing Airlines Group Inc.,OTC
1846235,IMAQR,International Media Acquisition Corp.,OTC
1846235,IMAQU,International Media Acquisition Corp.,OTC
1846235,IMAQW,International Media Acquisition Corp.,OTC
1846253,OABIW,"OmniAb, Inc.",Nasdaq
1846416,HVIIR,Hennessy Capital Investment Corp. VII,Nasdaq
1846416,HVIIU,Hennessy Capital Investment Corp. VII,Nasdaq
1846702,FIGP,"Forge Group, Inc.",OTC
1847064,PSQH-WT,"PSQ Holdings, Inc.",NYSE
1847075,SAIHW,SAIHEAT Ltd,Nasdaq
1847345,ASBPW,"Aspire Biopharma Holdings, Inc.",Nasdaq
1847462,AYWWF,Ayr Wellness Inc.,OTC
1847846,EUDAW,EUDA Health Holdings Ltd,Nasdaq
1847986,DFLIW,Dragonfly Energy Holdings Corp.,Nasdaq
1848334,OKMN,"OKMIN RESOURCES, INC.",OTC
1848437,CRTUF,Cartica Acquisition Corp,OTC
1848437,CRTWF,Cartica Acquisition Corp,OTC
1848672,GDLG,Glidelogic Corp.,OTC
1848731,GHBWF,Glass House Brands Inc.,OTC
1848739,GDEVW,GDEV Inc.,Nasdaq
1848763,RNWWW,ReNew Energy Global plc,Nasdaq
1849380,ONMDW,OneMedNet Corp,Nasdaq
1849635,DJTWW,Trump Media & Technology Group Corp.,Nasdaq
1849820,KITTW,"Nauticus Robotics, Inc.",Nasdaq
1850059,FSHPR,Flag Ship Acquisition Corp,Nasdaq
1850059,FSHPU,Flag Ship Acquisition Corp,Nasdaq
1851909,CDAUF,Compass Digital Acquisition Corp.,OTC
1851909,CDAWF,Compass Digital Acquisition Corp.,OTC
1851959,CNDAU,Concord Acquisition Corp II,OTC
1851959,CNDAW,Concord Acquisition Corp II,OTC
1851961,GCTS-WT,"GCT Semiconductor Holding, Inc.",NYSE
1852016,AEAEU,AltEnergy Acquisition Corp,OTC
1852016,AEAEW,AltEnergy Acquisition Corp,OTC
1852039,FILG,Grayscale Filecoin Trust (FIL),OTC
1852207,BEAGR,Bold Eagle Acquisition Corp.,Nasdaq
1852207,BEAGU,Bold Eagle Acquisition Corp.,Nasdaq
1852353,DC-WT,Dakota Gold Corp.,NYSE
1852551,NVAAF,Nova Minerals Ltd,OTC
1852551,NVAWW,Nova Minerals Ltd,Nasdaq
1852973,BRLSW,Borealis Foods Inc.,Nasdaq
1853044,AERTW,"Aeries Technology, Inc.",Nasdaq
1853070,SOARW,"Volato Group, Inc.",OTC
1853138,KDKRW,"Kodiak AI, Inc.",Nasdaq
1853630,HMELF,Hold Me Ltd,OTC
1853816,DRMAW,"Dermata Therapeutics, Inc.",Nasdaq
1853962,IAUX-WT,i-80 Gold Corp.,NYSE
1854149,ANSCU,Agriculture & Natural Solutions Acquisition Corp,Nasdaq
1854149,ANSCW,Agriculture & Natural Solutions Acquisition Corp,Nasdaq
1854183,ORIB,Orion Bliss Corp.,OTC
1854275,ZCARW,"Zoomcar Holdings, Inc.",OTC
1854795,IRRXU,INTEGRATED RAIL & RESOURCES ACQUISITION CORP,OTC
1854795,IRRXW,INTEGRATED RAIL & RESOURCES ACQUISITION CORP,OTC
1854816,MINR,Minerva Gold Inc.,OTC
1854963,SHFSW,"SHF Holdings, Inc.",Nasdaq
1855457,KORGW,"KORE Group Holdings, Inc.",OTC
1855467,MOBXW,"MOBIX LABS, INC",Nasdaq
1855474,AIRJW,AirJoule Technologies Corp.,Nasdaq
1855485,CLDWW,"Calidi Biotherapeutics, Inc.",OTC
1855612,GRABW,Grab Holdings Ltd,Nasdaq
1856031,SEATW,Vivid Seats Inc.,Nasdaq
1856488,HNSDF,Hensoldt AG/ADR,OTC
1858007,GDSTR,Goldenstone Acquisition Ltd.,OTC
1858007,GDSTU,Goldenstone Acquisition Ltd.,OTC
1858007,GDSTW,Goldenstone Acquisition Ltd.,OTC
1858681,APOS,"Apollo Global Management, Inc.",NYSE
1858685,BFRIW,Biofrontera Inc.,Nasdaq
1858994,RSMXD,Regency Silver Corp.,OTC
1859035,MCAGR,Mountain Crest Acquisition Corp. V,OTC
1859035,MCAGU,Mountain Crest Acquisition Corp. V,OTC
1859690,ARQQW,Arqit Quantum Inc.,Nasdaq
1859807,NVACW,"Profusa, Inc.",OTC
1860514,USTWF,Roth CH Acquisition Co.,OTC
1860805,ASTLW,Algoma Steel Group Inc.,Nasdaq
1860871,TVGNW,Tevogen Bio Holdings Inc.,Nasdaq
1861841,ARBEW,Arbe Robotics Ltd.,Nasdaq
1861974,ECXWW,ECARX Holdings Inc.,Nasdaq
1862150,CINGW,Cingulate Inc.,Nasdaq
1862463,AMODW,"ALPHA MODUS HOLDINGS, INC.",Nasdaq
1863006,VLN-WT,Valens Semiconductor Ltd.,NYSE
1863990,MSAIW,"MultiSensor AI Holdings, Inc.",Nasdaq
1864531,VSEEW,"VSEE HEALTH, INC.",Nasdaq
1864943,FGIWW,FGI Industries Ltd.,Nasdaq
1865111,ALSTF,Alpha Star Acquisition Corp,OTC
1865111,ALSUF,Alpha Star Acquisition Corp,OTC
1865111,ALSWF,Alpha Star Acquisition Corp,OTC
1865506,ZEOWW,Zeo Energy Corp.,Nasdaq
1865631,NNAVW,NEXTNAV INC.,Nasdaq
1865631,NXNVW,NEXTNAV INC.,OTC
1865782,BTSGU,"BrightSpring Health Services, Inc.",Nasdaq
1865861,CTSUF,Cactus Acquisition Corp. 1 Ltd,OTC
1865861,CTSWF,Cactus Acquisition Corp. 1 Ltd,OTC
1866226,WTMAR,Welsbach Technology Metals Acquisition Corp.,OTC
1866226,WTMAU,Welsbach Technology Metals Acquisition Corp.,OTC
1866364,BULLW,Webull Corp,Nasdaq
1866501,WBXWF,Wallbox N.V.,OTC
1866782,CDROW,"Codere Online Luxembourg, S.A.",Nasdaq
1866816,OPTXW,"SYNTEC OPTICS HOLDINGS, INC.",Nasdaq
1866838,IGTAR,Inception Growth Acquisition Ltd,OTC
1866838,IGTAU,Inception Growth Acquisition Ltd,OTC
1866838,IGTAW,Inception Growth Acquisition Ltd,OTC
1867102,EVTWF,Vertical Aerospace Ltd.,OTC
1868419,CYCUW,"Cycurion, Inc.",Nasdaq
1868640,RDZNW,Roadzen Inc.,Nasdaq
1869601,EMCRF,Embrace Change Acquisition Corp.,OTC
1869601,EMCUF,Embrace Change Acquisition Corp.,OTC
1869601,EMCWF,Embrace Change Acquisition Corp.,OTC
1870144,CDIOW,"Cardio Diagnostics Holdings, Inc.",Nasdaq
1870404,CEROW,"CERO THERAPEUTICS HOLDINGS, INC.",OTC
1871321,DRTSW,Alpha Tau Medical Ltd.,Nasdaq
1871638,BZAIW,"Blaize Holdings, Inc.",Nasdaq
1871890,GLEI,Galaxy Enterprises Inc. /WY/,OTC
1871983,ANGHW,Anghami Inc,Nasdaq
1872228,TVAIR,Thayer Ventures Acquisition Corp II,Nasdaq
1872228,TVAIU,Thayer Ventures Acquisition Corp II,Nasdaq
1872525,SWAGW,"Stran & Company, Inc.",Nasdaq
1872812,TCBWF,TC BioPharm (Holdings) plc,OTC
1872964,MTEKW,Maris Tech Ltd.,Nasdaq
1874315,SATLW,Satellogic Inc.,Nasdaq
1875091,NRSNW,NeuroSense Therapeutics Ltd.,Nasdaq
1875547,LCFYW,Locafy Ltd,Nasdaq
1875609,SWVLW,Swvl Holdings Corp,Nasdaq
1876431,PRENW,Prenetics Global Ltd,Nasdaq
1876581,IMPPP,Imperial Petroleum Inc./Marshall Islands,Nasdaq
1876716,ASCRF,ASPAC II Acquisition Corp.,OTC
1876716,ASCWF,ASPAC II Acquisition Corp.,OTC
1876716,ASUUF,ASPAC II Acquisition Corp.,OTC
1877557,WELUF,Integrated Wellness Acquisition Corp,OTC
1877557,WELWF,Integrated Wellness Acquisition Corp,OTC
1879016,IVNHW,Ivanhoe Electric Inc.,OTC
1879248,ADSEW,Ads-Tec Energy Public Ltd Co,Nasdaq
1879814,TLGUF,TLGY ACQUISITION CORP,OTC
1879814,TLGWF,TLGY ACQUISITION CORP,OTC
1880431,VHABW,Vocodia Holdings Corp,OTC
1880431,VHAIW,Vocodia Holdings Corp,OTC
1880661,TPGXL,TPG Inc.,Nasdaq
1882464,MSSRF,Metal Sky Star Acquisition Corp,OTC
1882464,MSSUF,Metal Sky Star Acquisition Corp,OTC
1882464,MSSWF,Metal Sky Star Acquisition Corp,OTC
1883085,PGYWW,Pagaya Technologies Ltd.,Nasdaq
1883814,SLND-WT,"Southland Holdings, Inc.",NYSE
1884046,SPKLU,Spark I Acquisition Corp,Nasdaq
1884046,SPKLW,Spark I Acquisition Corp,Nasdaq
1884082,PLSAD,Polestar Automotive Holding UK PLC,OTC
1884130,BKLPF,PT Bukalapak.com Tbk/ADR,OTC
1885408,JFBRW,Jeffs' Brands Ltd,Nasdaq
1885680,RAJAF,"Cordyceps Sunshine Biotech Holdings Co., Ltd.",OTC
1885849,TFLM,Tofla Megaline Inc.,OTC
1886190,GGROW,Gogoro Inc.,Nasdaq
1887673,WLDSW,Wearable Devices Ltd.,Nasdaq
1887912,WLSS,Welsis Corp.,OTC
1888654,FEAV,"5E Advanced Materials, Inc.",OTC
1888734,ALPWF,GLOBALINK INVESTMENT INC.,OTC
1888740,LSEB,LSEB Creative Corp.,OTC
1888846,UHGI,"Ultimate Holdings Group, Inc.",OTC
1889106,ATMCR,ALPHATIME ACQUISITION CORP,Nasdaq
1889106,ATMCU,ALPHATIME ACQUISITION CORP,Nasdaq
1889106,ATMCW,ALPHATIME ACQUISITION CORP,Nasdaq
1889112,REEUF,Cartesian Growth Corp II,OTC
1889112,REEWF,Cartesian Growth Corp II,OTC
1889123,FLDDW,"Fold Holdings, Inc.",Nasdaq
1889450,FTIIU,FutureTech II Acquisition Corp.,OTC
1889539,CRBD,"Corebridge Financial, Inc.",NYSE
1889791,INNPF,INNOCAN PHARMA Corp,OTC
1889823,DFSCW,DEFSEC Technologies Inc.,Nasdaq
1889983,KVACU,Keen Vision Acquisition Corp.,Nasdaq
1889983,KVACW,Keen Vision Acquisition Corp.,Nasdaq
1890361,ASPCR,ASPAC III Acquisition Corp.,Nasdaq
1890361,ASPCU,ASPAC III Acquisition Corp.,Nasdaq
1892747,VMCUF,Valuence Merger Corp. I,OTC
1892747,VMCWF,Valuence Merger Corp. I,OTC
1893219,ABPWW,"Abpro Holdings, Inc.",Nasdaq
1894693,SVREW,SaverOne 2014 Ltd.,Nasdaq
1895262,NBLWF,Noble Corp plc,OTC
1895262,NE-WT,Noble Corp plc,NYSE
1895262,NE-WTA,Noble Corp plc,NYSE
1896212,CDTTW,CDT Equity Inc.,Nasdaq
1896511,DAZSF,ZKGC New Energy Ltd,OTC
1897463,GRAF-WT,Graf Global Corp.,NYSE
1898416,ALVOW,Alvotech,Nasdaq
1898795,LVWR-WT,"LiveWire Group, Inc.",NYSE
1899287,AMPX-WT,"Amprius Technologies, Inc.",NYSE
1899830,PERF-WT,Perfect Corp.,NYSE
1900679,TETUF,Technology & Telecommunication Acquisition Corp,OTC
1900679,TETWF,Technology & Telecommunication Acquisition Corp,OTC
1901203,UCFIW,CN Healthy Food Tech Group Corp.,Nasdaq
1901336,ALCYU,Alchemy Investments Acquisition Corp 1,Nasdaq
1901336,ALCYW,Alchemy Investments Acquisition Corp 1,Nasdaq
1901799,BTMWW,Bitcoin Depot Inc.,Nasdaq
1902314,MPTI-WT,"M-tron Industries, Inc.",NYSE
1903145,GRRRW,Gorilla Technology Group Inc.,Nasdaq
1903392,CLRRF,ClimateRock,OTC
1903392,CLRUF,ClimateRock,OTC
1903392,CLRWF,ClimateRock,OTC
1903870,AFRIW,Forafric Global PLC,Nasdaq
1904616,BAKR,Baker Global Asset Management Inc.,OTC
1905660,HUBCW,Hub Cyber Security Ltd.,Nasdaq
1905660,HUBCZ,Hub Cyber Security Ltd.,Nasdaq
1906364,FGMCR,FG Merger II Corp.,Nasdaq
1906364,FGMCU,FG Merger II Corp.,Nasdaq
1907223,KLTOW,"Klotho Neurosciences, Inc.",Nasdaq
1907425,JOCM,JOCOM HOLDINGS CORP.,OTC
1910975,RPDL,Rapid Line Inc.,OTC
1913510,VFSWW,VinFast Auto Ltd.,Nasdaq
1913577,SMNRW,"Semnur Pharmaceuticals, Inc.",OTC
1913847,CNCKW,Coincheck Group N.V.,Nasdaq
1915328,ISLUF,Israel Acquisitions Corp,OTC
1915328,ISLWF,Israel Acquisitions Corp,OTC
1915380,DMYYU,"dMY Squared Technology Group, Inc.",OTC
1915380,DMYYW,"dMY Squared Technology Group, Inc.",OTC
1916558,TRWD,Tradewinds Universal,OTC
1917993,GSTK,Growth Stalk Holdings Corp,OTC
1918414,NBRGU,Newbridge Acquisition Ltd,Nasdaq
1918661,ESHAR,ESH Acquisition Corp.,Nasdaq
1920294,RZLVW,REZOLVE AI PLC,Nasdaq
1920406,SATA,"Strive, Inc.",Nasdaq
1921158,FUFUW,Bitfufu Inc.,Nasdaq
1922097,LANV-WT,Lanvin Group Holdings Ltd,NYSE
1922858,ECDAW,"ECD Automotive Design, Inc.",Nasdaq
1923734,AKPPS,Ark7 Properties Plus LLC,OTC
1924064,RLNDF,RoyaLand Co Ltd.,OTC
1926599,TDACW,Translational Development Acquisition Corp.,Nasdaq
1927719,CRGOW,Freightos Ltd,Nasdaq
1930021,HOVRW,New Horizon Aircraft Ltd.,Nasdaq
1930147,SPMA,"Sound Point Meridian Capital, Inc.",NYSE
1930147,SPME,"Sound Point Meridian Capital, Inc.",NYSE
1930313,SBCWW,SBC Medical Group Holdings Inc,Nasdaq
1932737,AIIOW,ROBO.AI INC.,Nasdaq
1933359,NTCS,Natics Corp.,OTC
1934807,NXFNF,Next Fifteen Communications Group plc/ADR,OTC
1934850,FGN,"F&G Annuities & Life, Inc.",NYSE
1934850,FGSN,"F&G Annuities & Life, Inc.",NYSE
1934945,TBMCR,Trailblazer Merger Corp I,Nasdaq
1935033,KMFG,KEEMO Fashion Group Ltd,OTC
1935418,FMSTW,Foremost Clean Energy Ltd.,Nasdaq
1936255,FORLU,Four Leaf Acquisition Corp,OTC
1936255,FORLW,Four Leaf Acquisition Corp,OTC
1936258,NAMSW,NewAmsterdam Pharma Co N.V.,Nasdaq
1936804,SDAWW,SunCar Technology Group Inc.,Nasdaq
1937441,AMBIQ,Ambipar Emergency Response,OTC
1937441,AMBWQ,Ambipar Emergency Response,OTC
1937737,MLECW,Moolec Science SA,Nasdaq
1937987,FBYDW,"Falcon's Beyond Global, Inc.",Nasdaq
1938338,GLTK,GlobalTech Corp,OTC
1939937,LMMY,LAMY,OTC
1940674,SMXWW,SMX (Security Matters) Public Ltd Co,Nasdaq
1941189,TANAF,Tian'an Technology Group Ltd,OTC
1941360,NELR,Neolara Corp.,OTC
1941536,BAERW,"Bridger Aerospace Group Holdings, Inc.",Nasdaq
1945422,OAKUR,Oak Woods Acquisition Corp,Nasdaq
1945422,OAKUU,Oak Woods Acquisition Corp,Nasdaq
1945422,OAKUW,Oak Woods Acquisition Corp,Nasdaq
1945711,LVROW,Lavoro Ltd,Nasdaq
1946021,HSPOR,Horizon Space Acquisition I Corp.,Nasdaq
1946021,HSPOU,Horizon Space Acquisition I Corp.,Nasdaq
1946021,HSPOW,Horizon Space Acquisition I Corp.,Nasdaq
1946021,HSPRF,Horizon Space Acquisition I Corp.,OTC
1946021,HSPUF,Horizon Space Acquisition I Corp.,OTC
1946021,HSPWF,Horizon Space Acquisition I Corp.,OTC
1946399,LSBWF,"LakeShore Biopharma Co., Ltd.",OTC
1946563,SXTPW,"60 DEGREES PHARMACEUTICALS, INC.",Nasdaq
1946573,NAKAW,"Kindly MD, Inc.",OTC
1947244,USGOW,U.S. GoldMining Inc.,Nasdaq
1947861,NMHIW,Nature's Miracle Holding Inc.,OTC
1949257,RDPTF,Radiopharm Theranostics Ltd,OTC
1949864,MGNC,Mag Magna Corp,OTC
1951089,CRMLW,Critical Metals Corp.,Nasdaq
1951089,CRTMF,Critical Metals Corp.,OTC
1951378,QLUNF,Qilun Group Inc.,OTC
1953530,OCSAW,Oculis Holding AG,Nasdaq
1953984,BCGWW,"Binah Capital Group, Inc.",Nasdaq
1955104,ZAPWF,Zapp Electric Vehicles Group Ltd,OTC
1956237,ALMP,Almco Plumbing Inc,OTC
1956439,APADR,AParadise Acquisition Corp.,Nasdaq
1956439,APADU,AParadise Acquisition Corp.,Nasdaq
1956648,NOEMR,CO2 Energy Transition Corp.,Nasdaq
1956648,NOEMU,CO2 Energy Transition Corp.,Nasdaq
1956648,NOEMW,CO2 Energy Transition Corp.,Nasdaq
1956827,AAVXF,Abivax S.A.,OTC
1957489,ABLVW,Able View Global Inc.,Nasdaq
1957538,ESGLW,ESGL Holdings Ltd,Nasdaq
1957783,MACT,"MachTen, Inc.",OTC
1958217,LZM-WT,Lifezone Metals Ltd,NYSE
1959994,COOTW,Australian Oilseeds Holdings Ltd,Nasdaq
1960208,CREVW,Carbon Revolution Public Ltd Co,Nasdaq
1962746,LOTWW,Lotus Technology Inc.,Nasdaq
1963088,ATCHW,"AtlasClear Holdings, Inc.",OTC
1964979,ALUR-WT,"ALLURION TECHNOLOGIES, INC.",NYSE
1965052,MGTEW,Marblegate Capital Corp,OTC
1965143,NVNIW,Nvni Group Ltd,Nasdaq
1965473,CCGWW,Cheche Group Inc.,Nasdaq
1966287,GFR-RI,Greenfire Resources Ltd.,NYSE
1966287,GFRWF,Greenfire Resources Ltd.,OTC
1967478,CAPTW,Captivision Inc.,Nasdaq
1969475,BAYAR,Bayview Acquisition Corp,Nasdaq
1969475,BAYAU,Bayview Acquisition Corp,Nasdaq
1969729,RCWBY,Rockwool A/S/ADR,OTC
1969729,RKWAD,Rockwool A/S/ADR,OTC
1969729,RKWBF,Rockwool A/S/ADR,OTC
1969766,SEPSF,Asep Medical Holdings Inc.,OTC
1969796,THQQF,Embracer Group AB/ADR,OTC
1970509,HYAC-UN,Haymaker Acquisition Corp. 4,NYSE
1970509,HYAC-WT,Haymaker Acquisition Corp. 4,NYSE
1971387,LIMNW,"Liminatus Pharma, Inc.",Nasdaq
1973368,SVUWF,SRIVARU Holding Ltd,OTC
1974044,MNYWW,MoneyHero Ltd,Nasdaq
1978528,QETAR,Quetta Acquisition Corp,Nasdaq
1978528,QETAU,Quetta Acquisition Corp,Nasdaq
1979005,AFJKR,"Aimei Health Technology Co., Ltd.",Nasdaq
1979005,AFJKU,"Aimei Health Technology Co., Ltd.",Nasdaq
1979484,ABVEW,Above Food Ingredients Inc.,Nasdaq
1980295,IMAA,IMA Tech,OTC
1980845,ENGNW,enGene Holdings Inc.,Nasdaq
1981462,LDTDF,LeddarTech Holdings Inc.,OTC
1981662,NIVFW,NewGenIvf Group Ltd,Nasdaq
1982444,BDMDW,Baird Medical Investment Holdings Ltd,Nasdaq
1983324,RMSGW,Real Messenger Corp,Nasdaq
1984345,VTBAS,"Vestible Assets, LLC",OTC
1985062,PBMWW,PSYENCE BIOMEDICAL LTD.,Nasdaq
1985273,TOYWF,"TOYO Co., Ltd",OTC
1985406,NPEHF,"Nippon Express Holdings, Inc./ADR",OTC
1985554,LDXC,Londax Corp.,OTC
1986817,GTENU,"Gores Holdings X, Inc. / CI",Nasdaq
1986817,GTENW,"Gores Holdings X, Inc. / CI",Nasdaq
1987240,SHMDW,SCHMID Group N.V.,Nasdaq
1988776,MRNOW,Murano Global Investments Plc,Nasdaq
1989788,GAFC,Guru App Factory Corp,OTC
1991332,MKDWW,MKDWELL Tech Inc.,Nasdaq
1992243,TE-WT,T1 Energy Inc.,NYSE
1992818,ZOOZW,ZOOZ Strategy Ltd.,Nasdaq
1994373,HNIT,Huineng Technology Corp,OTC
1994582,OYCG,Oyocar Group Inc.,OTC
1995306,SPHIF,SUPER HI INTERNATIONAL HOLDING LTD.,OTC
1997296,MDCXW,Medicus Pharma Ltd.,Nasdaq
1997652,TBNRL,Tamboran Resources Corp,OTC
1998043,PDPA,Pearl Diver Credit Co Inc.,NYSE
1998781,IBACR,IB Acquisition Corp.,Nasdaq
1999297,DSYWW,Big Tree Cloud Holdings Ltd,Nasdaq
1999474,DTZZF,Dotz Nano Limited/ADR,OTC
2000366,SCAGW,Scage Future,Nasdaq
2000410,EURKR,Eureka Acquisition Corp,Nasdaq
2000410,EURKU,Eureka Acquisition Corp,Nasdaq
2000756,KWMWW,K Wave Media Ltd.,Nasdaq
2000762,GMTH,GMTech Inc.,OTC
2000775,BKHAR,Black Hawk Acquisition Corp,Nasdaq
2000775,BKHAU,Black Hawk Acquisition Corp,Nasdaq
2001557,INVLW,"Innventure, Inc.",OTC
2001699,HPAIW,Helport AI Ltd,Nasdaq
2002038,LEGT-UN,Legato Merger Corp. III,NYSE
2002038,LEGT-WT,Legato Merger Corp. III,NYSE
2002045,GCLWW,GCL Global Holdings Ltd,Nasdaq
2003750,MGSD,"Maitong Sunshine Cultural Development Co., Ltd",OTC
2006291,CCIXU,Churchill Capital Corp IX/Cayman,Nasdaq
2006291,CCIXW,Churchill Capital Corp IX/Cayman,Nasdaq
2006815,VACHU,Voyager Acquisition Corp./Cayman Islands,Nasdaq
2006815,VACHW,Voyager Acquisition Corp./Cayman Islands,Nasdaq
2007191,TLPPF,Telix Pharmaceuticals Ltd,OTC
2007360,PRXXF,Paradox Interactive AB/ADR,OTC
2007825,CCCXU,Churchill Capital Corp X/Cayman,Nasdaq
2007825,CCCXW,Churchill Capital Corp X/Cayman,Nasdaq
2008315,ARHUF,AAK AB/ADR,OTC
2009183,TACHU,Titan Acquisition Corp.,Nasdaq
2009183,TACHW,Titan Acquisition Corp.,Nasdaq
2010653,FVNNR,Future Vision II Acquisition Corp.,Nasdaq
2010653,FVNNU,Future Vision II Acquisition Corp.,Nasdaq
2010930,ALFUU,Centurion Acquisition Corp.,Nasdaq
2010930,ALFUW,Centurion Acquisition Corp.,Nasdaq
2011674,YDESW,YD Bio Ltd,Nasdaq
2012318,IPCXR,Inflection Point Acquisition Corp. III,Nasdaq
2012318,IPCXU,Inflection Point Acquisition Corp. III,Nasdaq
2012807,RFAIR,RF Acquisition Corp II,Nasdaq
2012807,RFAIU,RF Acquisition Corp II,Nasdaq
2012964,AAM-UN,AA Mission Acquisition Corp.,NYSE
2012964,AAM-WT,AA Mission Acquisition Corp.,NYSE
2013003,PMCUF,Pro Medicus Ltd./ADR,OTC
2013186,TNMWF,TNL Mediagene,OTC
2013807,FOXXW,Foxx Development Holdings Inc.,Nasdaq
2014145,MNYFF,"Money Forward, Inc./ADR",OTC
2014254,FSTWF,FST Corp.,OTC
2014982,SIMAU,SIM Acquisition Corp. I,Nasdaq
2014982,SIMAW,SIM Acquisition Corp. I,Nasdaq
2015502,LPAAU,Launch One Acquisition Corp.,Nasdaq
2015502,LPAAW,Launch One Acquisition Corp.,Nasdaq
2015947,SBXD-UN,SilverBox Corp IV,NYSE
2015947,SBXD-WT,SilverBox Corp IV,NYSE
2015955,CUBWU,Lionheart Holdings,Nasdaq
2015955,CUBWW,Lionheart Holdings,Nasdaq
2016072,MBAVU,M3-Brigade Acquisition V Corp.,Nasdaq
2016072,MBAVW,M3-Brigade Acquisition V Corp.,Nasdaq
2016221,MACIU,Melar Acquisition Corp. I/Cayman,Nasdaq
2016221,MACIW,Melar Acquisition Corp. I/Cayman,Nasdaq
2017950,DTSQR,DT Cloud Star Acquisition Corp,Nasdaq
2017950,DTSQU,DT Cloud Star Acquisition Corp,Nasdaq
2018139,TYHOF,Toyota Tsusho Corporation/ADR,OTC
2018145,RDACR,Rising Dragon Acquisition Corp.,Nasdaq
2018145,RDACU,Rising Dragon Acquisition Corp.,Nasdaq
2018463,BRETF,Brazilian Rare Earths Limited/ADR,OTC
2018852,STTPF,SCHOTT Pharma AG & Co. KGaA/ADR,OTC
2019040,TYNPF,Nippon Sanso Holdings Corporation/ADR,OTC
2019367,ATHNF,Athens International Airport SA/ADR,OTC
2019435,BGLWW,Blue Gold Ltd,Nasdaq
2019804,IMSRW,Terrestrial Energy Inc. /DE/,Nasdaq
2020385,TAVIR,Tavia Acquisition Corp.,Nasdaq
2020385,TAVIU,Tavia Acquisition Corp.,Nasdaq
2020414,EDVGF,Endeavour Group Limited/ADR,OTC
2020737,CBRA,"Caring Brands, Inc.",OTC
2020987,YHNAR,YHN Acquisition I Ltd,Nasdaq
2020987,YHNAU,YHN Acquisition I Ltd,Nasdaq
2021042,FTW-UN,EQV Ventures Acquisition Corp.,NYSE
2021042,FTW-WT,EQV Ventures Acquisition Corp.,NYSE
2021390,GDERF,Galderma Group AG/ADR,OTC
2021938,SNNRF,Sunrise Communications AG,OTC
2021938,SNRBY,Sunrise Communications AG,OTC
2022059,AGMWF,"Silver Mountain Resources, Inc.",OTC
2022308,KIDZW,"Classover Holdings, Inc.",Nasdaq
2022416,SLXNW,Silexion Therapeutics Corp,Nasdaq
2023676,LPBBU,Launch Two Acquisition Corp.,Nasdaq
2023676,LPBBW,Launch Two Acquisition Corp.,Nasdaq
2023730,GIGGU,GigCapital7 Corp.,Nasdaq
2023730,GIGGW,GigCapital7 Corp.,Nasdaq
2023870,LACHF,Lapco Holdings Limited/ADR,OTC
2024203,CAPNR,Cayson Acquisition Corp,Nasdaq
2024203,CAPNU,Cayson Acquisition Corp,Nasdaq
2024459,CHARR,Charlton Aria Acquisition Corp,Nasdaq
2024459,CHARU,Charlton Aria Acquisition Corp,Nasdaq
2024460,CHPGR,ChampionsGate Acquisition Corp,Nasdaq
2024460,CHPGU,ChampionsGate Acquisition Corp,Nasdaq
2025341,POLEU,Andretti Acquisition Corp. II,Nasdaq
2025341,POLEW,Andretti Acquisition Corp. II,Nasdaq
2025396,VCICU,Vine Hill Capital Investment Corp.,Nasdaq
2025396,VCICW,Vine Hill Capital Investment Corp.,Nasdaq
2025401,FERAR,Fifth Era Acquisition Corp I,Nasdaq
2025401,FERAU,Fifth Era Acquisition Corp I,Nasdaq
2025608,SOUL-RI,Soulpower Acquisition Corp.,NYSE
2025608,SOUL-UN,Soulpower Acquisition Corp.,NYSE
2025878,TYBB,TriUnity Business Services Ltd,OTC
2026514,NAMMW,Namib Minerals,Nasdaq
2026767,ALISR,Calisa Acquisition Corp,Nasdaq
2026767,ALISU,Calisa Acquisition Corp,Nasdaq
2027329,OPTHF,Optimi Health Corp.,OTC
2027330,SGIPF,"Sugi Holdings Co., Ltd./ADR",OTC
2028027,NTWOU,Newbury Street II Acquisition Corp,Nasdaq
2028027,NTWOW,Newbury Street II Acquisition Corp,Nasdaq
2028201,COLAR,Columbus Acquisition Corp/Cayman Islands,Nasdaq
2028201,COLAU,Columbus Acquisition Corp/Cayman Islands,Nasdaq
2028293,RAINW,"Rain Enhancement Technologies Holdco, Inc.",Nasdaq
2028336,NUAIW,"New ERA Energy & Digital, Inc.",Nasdaq
2028355,IPEXR,Inflection Point Acquisition Corp. V,Nasdaq
2028355,IPEXU,Inflection Point Acquisition Corp. V,Nasdaq
2028516,ATIIU,Archimedes Tech SPAC Partners II Co.,Nasdaq
2028516,ATIIW,Archimedes Tech SPAC Partners II Co.,Nasdaq
2028614,DMAAR,Drugs Made In America Acquisition Corp.,Nasdaq
2028614,DMAAU,Drugs Made In America Acquisition Corp.,Nasdaq
2028699,ETHMU,Dynamix Corp,Nasdaq
2028699,ETHMW,Dynamix Corp,Nasdaq
2028707,BACQR,INFLECTION POINT ACQUISITION CORP. IV,Nasdaq
2028707,BACQU,INFLECTION POINT ACQUISITION CORP. IV,Nasdaq
2028735,SPEGR,Silver Pegasus Acquisition Corp.,Nasdaq
2028735,SPEGU,Silver Pegasus Acquisition Corp.,Nasdaq
2028935,FACTU,FACT II Acquisition Corp.,Nasdaq
2028935,FACTW,FACT II Acquisition Corp.,Nasdaq
2029472,PUIGF,Puig Brands S.A./ADR,OTC
2029492,MLACR,Mountain Lake Acquisition Corp.,Nasdaq
2029492,MLACU,Mountain Lake Acquisition Corp.,Nasdaq
2029586,BLNH,"Blue Line Holdings, Inc.",OTC
2029769,OACCU,Oaktree Acquisition Corp. III Life Sciences,Nasdaq
2029769,OACCW,Oaktree Acquisition Corp. III Life Sciences,Nasdaq
2029969,VRBCF,Virbac SA/ADR,OTC
2029970,LABFF,"Laboratorios Farmaceuticos Rovi, S.A./ADR",OTC
2029976,KFIIR,K&F GROWTH ACQUISITION CORP. II,Nasdaq
2029976,KFIIU,K&F GROWTH ACQUISITION CORP. II,Nasdaq
2030482,PLMKU,"Plum Acquisition Corp, IV",Nasdaq
2030482,PLMKW,"Plum Acquisition Corp, IV",Nasdaq
2030663,SZZLR,Sizzle Acquisition Corp. II,Nasdaq
2030663,SZZLU,Sizzle Acquisition Corp. II,Nasdaq
2030829,PGACR,PANTAGES CAPITAL ACQUSITION Corp,Nasdaq
2030829,PGACU,PANTAGES CAPITAL ACQUSITION Corp,Nasdaq
2031561,ALDFU,Aldel Financial II Inc.,Nasdaq
2031561,ALDFW,Aldel Financial II Inc.,Nasdaq
2032379,WLACU,Willow Lane Acquisition Corp.,Nasdaq
2032379,WLACW,Willow Lane Acquisition Corp.,Nasdaq
2032399,MICLF,Mycronic AB/ADR,OTC
2032517,STKTF,Sectra AB/ADR,OTC
2032528,DRDBU,Roman DBDR Acquisition Corp. II,Nasdaq
2032528,DRDBW,Roman DBDR Acquisition Corp. II,Nasdaq
2032732,AEHGS,"Arrived Homes 5, LLC",OTC
2032732,ALOIS,"Arrived Homes 5, LLC",OTC
2032732,AVPKS,"Arrived Homes 5, LLC",OTC
2032732,AVSBS,"Arrived Homes 5, LLC",OTC
2032950,HSPTR,Horizon Space Acquisition II Corp.,Nasdaq
2032950,HSPTU,Horizon Space Acquisition II Corp.,Nasdaq
2032966,TICAW,"TIC Solutions, Inc.",OTC
2033019,KOKSF,Kokusai Electric Corporation/ADR,OTC
2033122,TACOU,Berto Acquisition Corp.,Nasdaq
2033122,TACOW,Berto Acquisition Corp.,Nasdaq
2033383,FUSEW,Fusemachines Inc.,Nasdaq
2033593,SVCCU,Stellar V Capital Corp. (Cayman Islands),Nasdaq
2033593,SVCCW,Stellar V Capital Corp. (Cayman Islands),Nasdaq
2033770,DAICW,"CID Holdco, Inc.",Nasdaq
2033991,TVACU,Texas Ventures Acquisition III Corp,Nasdaq
2033991,TVACW,Texas Ventures Acquisition III Corp,Nasdaq
2034037,SDHIR,Siddhi Acquisition Corp (Cayman Islands),Nasdaq
2034037,SDHIU,Siddhi Acquisition Corp (Cayman Islands),Nasdaq
2034300,DGMDF,Digital Domain Holdings Limited/ADR,OTC
2034313,OBAWU,Oxley Bridge Acquisition Ltd,Nasdaq
2034313,OBAWW,Oxley Bridge Acquisition Ltd,Nasdaq
2034334,AACBR,Artius II Acquisition Inc.,Nasdaq
2034334,AACBU,Artius II Acquisition Inc.,Nasdaq
2034520,GIBOW,GIBO HOLDINGS Ltd,Nasdaq
2035016,RIBBR,Ribbon Acquisition Corp.,Nasdaq
2035016,RIBBU,Ribbon Acquisition Corp.,Nasdaq
2035173,RTACU,Renatus Tactical Acquisition Corp I,Nasdaq
2035173,RTACW,Renatus Tactical Acquisition Corp I,Nasdaq
2035644,RANGR,Range Capital Acquisition Corp.,Nasdaq
2035644,RANGU,Range Capital Acquisition Corp.,Nasdaq
2036973,UYSCR,UY Scuti Acquisition Corp.,Nasdaq
2036973,UYSCU,UY Scuti Acquisition Corp.,Nasdaq
2037431,PELIR,Pelican Acquisition Corp,Nasdaq
2037431,PELIU,Pelican Acquisition Corp,Nasdaq
2037786,USRED,Tactical Resources Corp.,OTC
2038439,VWAVW,"VisionWave Holdings, Inc.",Nasdaq
2038919,DWWYF,Dowway Holdings Limited/ADR,OTC
2038958,MANDF,Mandatum Oyj/ADR,OTC
2039058,JACS-RI,Jackson Acquisition Co II,NYSE
2039058,JACS-UN,Jackson Acquisition Co II,NYSE
2039784,MGCOF,"Midea Group Co., Ltd./ADR",OTC
2040381,PACHU,Pioneer Acquisition I Corp,Nasdaq
2040381,PACHW,Pioneer Acquisition I Corp,Nasdaq
2040475,DMIIR,Drugs Made In America Acquisition II Corp.,Nasdaq
2040475,DMIIU,Drugs Made In America Acquisition II Corp.,Nasdaq
2041047,IPODU,Dune Acquisition Corp II,Nasdaq
2041047,IPODW,Dune Acquisition Corp II,Nasdaq
2041493,ALUB-UN,Alussa Energy Acquisition Corp. II,NYSE
2041531,BDTB,Bodhi Tree Biotechnology Inc,OTC
2041918,LTMGF,Lottomatica Group S.p.A./ADR,OTC
2042182,OYSER,Oyster Enterprises II Acquisition Corp,Nasdaq
2042182,OYSEU,Oyster Enterprises II Acquisition Corp,Nasdaq
2042187,KYFGF,Kyoto Financial Group Inc/ADR,OTC
2042292,BDCIU,BTC Development Corp.,Nasdaq
2042292,BDCIW,BTC Development Corp.,Nasdaq
2042460,HAVAR,Harvard Ave Acquisition Corp,Nasdaq
2042460,HAVAU,Harvard Ave Acquisition Corp,Nasdaq
2042556,SPGDF,Springer Nature AG & Co. KGaA/ADR,OTC
2042902,EVAC-UN,EQV Ventures Acquisition Corp. II,NYSE
2042902,EVAC-WT,EQV Ventures Acquisition Corp. II,NYSE
2043424,FKURF,Fujikura Ltd/ADR,OTC
2043508,LKSPR,Lake Superior Acquisition Corp,Nasdaq
2043508,LKSPU,Lake Superior Acquisition Corp,Nasdaq
2043630,APACR,StoneBridge Acquisition II Corp,Nasdaq
2043630,APACU,StoneBridge Acquisition II Corp,Nasdaq
2043699,NHICU,NewHold Investment Corp. III,Nasdaq
2043699,NHICW,NewHold Investment Corp. III,Nasdaq
2043766,GTERR,Globa Terra Acquisition Corp,Nasdaq
2043766,GTERU,Globa Terra Acquisition Corp,Nasdaq
2043766,GTERW,Globa Terra Acquisition Corp,Nasdaq
2044009,XRPNU,Armada Acquisition Corp. II,Nasdaq
2044009,XRPNW,Armada Acquisition Corp. II,Nasdaq
2044523,ORIQU,Origin Investment Corp I,Nasdaq
2044523,ORIQW,Origin Investment Corp I,Nasdaq
2044635,GSHRU,Gesher Acquisition Corp. II,Nasdaq
2044635,GSHRW,Gesher Acquisition Corp. II,Nasdaq
2044863,TKMEF,"Tokyo Metro Co., Ltd./ADR",OTC
2045473,COPL-UN,Copley Acquisition Corp,NYSE
2045473,COPL-WT,Copley Acquisition Corp,NYSE
2046098,ALEGF,ALLEGRO.EU SA/ADR,OTC
2047177,CHECU,Chenghe Acquisition III Co.,Nasdaq
2047177,CHECW,Chenghe Acquisition III Co.,Nasdaq
2047455,QSEAR,Quartzsea Acquisition Corp,Nasdaq
2047455,QSEAU,Quartzsea Acquisition Corp,Nasdaq
2047497,RAC-UN,Rithm Acquisition Corp.,NYSE
2047497,RAC-WT,Rithm Acquisition Corp.,NYSE
2048270,SMFRF,"Sumitomo Forestry Co., Ltd./ADR",OTC
2048948,NPACU,New Providence Acquisition Corp. III/Cayman,Nasdaq
2048948,NPACW,New Providence Acquisition Corp. III/Cayman,Nasdaq
2048951,LOKVU,Live Oak Acquisition Corp. V,Nasdaq
2048951,LOKVW,Live Oak Acquisition Corp. V,Nasdaq
2048958,SUNXF,Stardust Solar Energy Inc.,OTC
2049248,LCCCR,Lakeshore Acquisition III Corp.,Nasdaq
2049248,LCCCU,Lakeshore Acquisition III Corp.,Nasdaq
2049662,CGCTU,Cartesian Growth Corp III,Nasdaq
2049662,CGCTW,Cartesian Growth Corp III,Nasdaq
2050501,BLUWU,Blue Water Acquisition Corp. III,Nasdaq
2050501,BLUWW,Blue Water Acquisition Corp. III,Nasdaq
2051380,PEW-WT,GrabAGun Digital Holdings Inc.,NYSE
2051587,BSAAR,BEST SPAC I Acquisition Corp.,Nasdaq
2051587,BSAAU,BEST SPAC I Acquisition Corp.,Nasdaq
2052161,RAAQU,Real Asset Acquisition Corp.,Nasdaq
2052161,RAAQW,Real Asset Acquisition Corp.,Nasdaq
2052162,DAAQU,Digital Asset Acquisition Corp.,Nasdaq
2052162,DAAQW,Digital Asset Acquisition Corp.,Nasdaq
2052243,TWLVU,Twelve Seas Investment Co III/Cayman,Nasdaq
2052547,EGHAR,EGH Acquisition Corp.,Nasdaq
2052547,EGHAU,EGH Acquisition Corp.,Nasdaq
2053383,KXHCF,Kioxia Holdings Corporation/ADR,OTC
2053411,PCPPF,PC Partner Group Ltd/ADR,OTC
2053456,TGE-WT,Generation Essentials Group,NYSE
2053799,KCHVR,Kochav Defense Acquisition Corp.,Nasdaq
2053799,KCHVU,Kochav Defense Acquisition Corp.,Nasdaq
2053843,YSHLF,Yangzijiang Shipbuilding Holdings Ltd/ADR,OTC
2053927,WTGUR,Wintergreen Acquisition Corp.,Nasdaq
2053927,WTGUU,Wintergreen Acquisition Corp.,Nasdaq
2054174,CHACR,Crane Harbor Acquisition Corp.,Nasdaq
2054174,CHACU,Crane Harbor Acquisition Corp.,Nasdaq
2054272,ONCHU,1RT Acquisition Corp.,Nasdaq
2054272,ONCHW,1RT Acquisition Corp.,Nasdaq
2054876,NMPAR,NMP Acquisition Corp.,Nasdaq
2054876,NMPAU,NMP Acquisition Corp.,Nasdaq
2055337,ASBRF,"Asahi Group Holdings, Ltd./ADR",OTC
2055459,RDAGU,Republic Digital Acquisition Co,Nasdaq
2055459,RDAGW,Republic Digital Acquisition Co,Nasdaq
2055879,VNMEU,Vendome Acquisition Corp I,Nasdaq
2055879,VNMEW,Vendome Acquisition Corp I,Nasdaq
2055896,FCHRF,Georg Fischer AG/ADR,OTC
2056634,PCAPU,ProCap Acquisition Corp,Nasdaq
2056634,PCAPW,ProCap Acquisition Corp,Nasdaq
2057030,AXINR,Axiom Intelligence Acquisition Corp 1,Nasdaq
2057030,AXINU,Axiom Intelligence Acquisition Corp 1,Nasdaq
2057043,WENNU,WEN Acquisition Corp,Nasdaq
2057043,WENNW,WEN Acquisition Corp,Nasdaq
2057463,GLIBK,"GCI Liberty, Inc.",Nasdaq
2057463,GLIBR,"GCI Liberty, Inc.",Nasdaq
2058359,CRAQR,Cal Redwood Acquisition Corp.,Nasdaq
2058359,CRAQU,Cal Redwood Acquisition Corp.,Nasdaq
2059033,FIGXU,FIGX Capital Acquisition Corp.,Nasdaq
2059033,FIGXW,FIGX Capital Acquisition Corp.,Nasdaq
2059165,SSEAR,STARRY SEA ACQUISITION CORP,Nasdaq
2059165,SSEAU,STARRY SEA ACQUISITION CORP,Nasdaq
2059654,BACCR,Blue Acquisition Corp/Cayman,Nasdaq
2059654,BACCU,Blue Acquisition Corp/Cayman,Nasdaq
2059986,ONWRF,Onward Medical N.V./ADR,OTC
2060217,HRZRF,"Horizon Robotics, Inc./ADR",OTC
2060337,JENA-RI,JENA ACQUISITION Corp II,NYSE
2060337,JENA-UN,JENA ACQUISITION Corp II,NYSE
2060863,NGHLF,Nightingale Health Plc,OTC
2061379,LWACU,LightWave Acquisition Corp.,Nasdaq
2061379,LWACW,LightWave Acquisition Corp.,Nasdaq
2061473,PMTRU,Perimeter Acquisition Corp. I,Nasdaq
2061473,PMTRW,Perimeter Acquisition Corp. I,Nasdaq
2061911,MXUGF,Mixue Bingcheng Co Ltd/ADR,OTC
2062440,KYIVW,Kyivstar Group Ltd.,Nasdaq
2062522,GMWKF,GAMES WORKSHOP GROUP PLC/ADR,OTC
2062803,IDPUF,IDP Education Ltd./ADR,OTC
2062807,MGHTF,Mercury NZ Ltd./ADR,OTC
2063116,SCSKF,SCSK Corporation/ADR,OTC
2063413,SPHXF,SM Prime Holdings Inc./ADR,OTC
2063417,MDDNF,Meridian Energy Ltd/ADR,OTC
2063675,LSHGF,Louis Hachette Group/ADR,OTC
2063685,PSBAF,PT Sumber Alfaria Trijaya Tbk/ADR,OTC
2063816,INACR,Indigo Acquisition Corp.,Nasdaq
2063816,INACU,Indigo Acquisition Corp.,Nasdaq
2064177,BPACU,Blueport Acquisition Ltd,Nasdaq
2064355,BCSS-UN,Bain Capital GSS Investment Corp.,NYSE
2064355,BCSS-WT,Bain Capital GSS Investment Corp.,NYSE
2064658,MCGAU,Yorkville Acquisition Corp.,Nasdaq
2064658,MCGAW,Yorkville Acquisition Corp.,Nasdaq
2064683,CCIIU,Cohen Circle Acquisition Corp. II,Nasdaq
2064683,CCIIW,Cohen Circle Acquisition Corp. II,Nasdaq
2065660,DNACF,"DeNA Co., Ltd./ADR",OTC
2065779,BCARU,D. Boral ARC Acquisition I Corp.,Nasdaq
2065779,BCARW,D. Boral ARC Acquisition I Corp.,Nasdaq
2065932,FLNCF,Freelancer Ltd,OTC
2065948,SOCAU,Solarius Capital Acquisition Corp.,Nasdaq
2065948,SOCAW,Solarius Capital Acquisition Corp.,Nasdaq
2066600,SCXBF,SCB X Public Co Ltd,OTC
2066601,TOKCF,"Tokyo Ohka Kogyo Co., Ltd./ADR",OTC
2067592,MKLYR,McKinley Acquisition Corp,Nasdaq
2067592,MKLYU,McKinley Acquisition Corp,Nasdaq
2068440,LPUGF,Laopu Gold Co. Ltd./ADR,OTC
2068454,KOYNU,"CSLM Digital Asset Acquisition Corp III, Ltd",Nasdaq
2068454,KOYNW,"CSLM Digital Asset Acquisition Corp III, Ltd",Nasdaq
2069238,PAII-UN,Pyrophyte Acquisition Corp. II,NYSE
2069238,PAII-WT,Pyrophyte Acquisition Corp. II,NYSE
2069856,HCMAU,HCM III ACQUISITION CORP.,Nasdaq
2069856,HCMAW,HCM III ACQUISITION CORP.,Nasdaq
2070570,REECF,Reece Limited/ADR,OTC
2070602,HVMCU,Highview Merger Corp.,Nasdaq
2070602,HVMCW,Highview Merger Corp.,Nasdaq
2070829,CTATF,"Contemporary Amperex Technology Co., Limited/ADR",OTC
2070887,CRACR,Crown Reserve Acquisition Corp. I,Nasdaq
2070887,CRACU,Crown Reserve Acquisition Corp. I,Nasdaq
2070887,CRACW,Crown Reserve Acquisition Corp. I,Nasdaq
2070900,QUMSR,Quantumsphere Acquisition Corp,Nasdaq
2070900,QUMSU,Quantumsphere Acquisition Corp,Nasdaq
2071868,JNGHF,"Jiangsu Hengrui Pharmaceuticals Co., Ltd./ADR",OTC
2071881,TRMLF,Tourmaline Oil Corp/ADR,OTC
2071911,CPRHF,Capital Power Corp/ADR,OTC
2071911,CPWPF,Capital Power Corp/ADR,OTC
2071911,CPXWF,Capital Power Corp/ADR,OTC
2071912,PREKF,PrairieSky Royalty Ltd/ADR,OTC
2071913,GBNXF,Gibson Energy Inc/ADR,OTC
2072098,TMTNF,Toromont Industries Ltd./ADR,OTC
2072389,NPICF,Northland Power Inc./ADR,OTC
2072389,NPIFF,Northland Power Inc./ADR,OTC
2072404,GSRFR,GSR IV Acquisition Corp.,Nasdaq
2072404,GSRFU,GSR IV Acquisition Corp.,Nasdaq
2073268,BIREF,Birchcliff Energy Ltd./ADR,OTC
2073340,TLNCU,Talon Capital Corp.,Nasdaq
2073340,TLNCW,Talon Capital Corp.,Nasdaq
2073553,AIIA-RI,AI Infrastructure Acquisition Corp.,NYSE
2073553,AIIA-UN,AI Infrastructure Acquisition Corp.,NYSE
2073615,ELEEF,Element Fleet Management Corp./ADR,OTC
2073620,PARXF,Parex Resources Inc./ADR,OTC
2073638,FINGF,Finning International Inc./ADR,OTC
2073655,TPZEF,Topaz Energy Corp./ADR,OTC
2073669,HNSPF,Hansoh Pharmaceutical Group Co Limited/ADR,OTC
2073804,TCLHF,TCL Electronics Holdings Limited/ADR,OTC
2073893,DLMAF,Dollarama Inc./ADR,OTC
2073901,TNEYF,Tamarack Valley Energy Ltd./ADR,OTC
2073913,NNWWF,North West Co Inc./ADR,OTC
2073928,MBVIU,M3-Brigade Acquisition VI Corp.,Nasdaq
2073928,MBVIW,M3-Brigade Acquisition VI Corp.,Nasdaq
2073972,LWSCF,Sienna Senior Living Inc./ADR,OTC
2074059,WIPKF,Winpak Ltd./ADR,OTC
2074157,SVAUF,StorageVault Canada Inc./ADR,OTC
2074697,FCRS-UN,FutureCrest Acquisition Corp.,NYSE
2074697,FCRS-WT,FutureCrest Acquisition Corp.,NYSE
2074850,SVACU,Spring Valley Acquisition Corp. III,Nasdaq
2074850,SVACW,Spring Valley Acquisition Corp. III,Nasdaq
2074872,KRSP-UN,Rice Acquisition Corp 3,NYSE
2074872,KRSP-WT,Rice Acquisition Corp 3,NYSE
2074878,NWAX-UN,New America Acquisition I Corp.,NYSE
2075068,IGACU,Invest Green Acquisition Corp,Nasdaq
2075141,SRBEF,VusionGroup,OTC
2075310,BLZRU,Trailblazer Acquisition Corp.,Nasdaq
2075310,BLZRW,Trailblazer Acquisition Corp.,Nasdaq
2075336,YCY-UN,AA Mission Acquisition Corp. II,NYSE
2075336,YCY-WT,AA Mission Acquisition Corp. II,NYSE
2075349,TNDEF,Top End Energy Ltd/ADR,OTC
2075474,GPTGF,GPT Group/ADR,OTC
2075816,EMISR,Emmis Acquisition Corp.,Nasdaq
2075877,BKPKF,Bank Pekao S.A./ADR,OTC
2075918,CSCCF,Capstone Copper Corp./ADR,OTC
2076163,BRRWW,"ProCap Financial, Inc.",Nasdaq
2076192,WSTNU,Westin Acquisition Corp,Nasdaq
2076427,LATAU,Galata Acquisition Corp. II,Nasdaq
2076427,LATAW,Galata Acquisition Corp. II,Nasdaq
2076616,TDWDR,Tailwind 2.0 Acquisition Corp.,Nasdaq
2076616,TDWDU,Tailwind 2.0 Acquisition Corp.,Nasdaq
2076739,SCIIU,SC II Acquisition Corp.,Nasdaq
2077010,OTGAU,OTG Acquisition Corp. I,Nasdaq
2077010,OTGAW,OTG Acquisition Corp. I,Nasdaq
2077033,MMTXU,Miluna Acquisition Corp,Nasdaq
2077033,MMTXW,Miluna Acquisition Corp,Nasdaq
2077146,OBIIF,"OBIC Co., Ltd./ADR",OTC
2077242,STLJF,Stella-Jones Inc./ADR,OTC
2077954,EVOXU,Evolution Global Acquisition Corp,Nasdaq
2077954,EVOXW,Evolution Global Acquisition Corp,Nasdaq
2078653,RNGTU,Range Capital Acquisition Corp II,Nasdaq
2078653,RNGTW,Range Capital Acquisition Corp II,Nasdaq
2079106,LAFAR,LaFayette Acquisition Corp.,Nasdaq
2079106,LAFAU,LaFayette Acquisition Corp.,Nasdaq
2079253,APXTU,Apex Treasury Corp,Nasdaq
2079253,APXTW,Apex Treasury Corp,Nasdaq
2079292,DYORU,Insight Digital Partners II,Nasdaq
2079292,DYORW,Insight Digital Partners II,Nasdaq
2079706,MBGCF,"Mitsubishi Gas Chemical Company, Inc./ADR",OTC
2080019,GIWWR,GigCapital8 Corp.,Nasdaq
2080019,GIWWU,GigCapital8 Corp.,Nasdaq
2080023,VACI-UN,Viking Acquisition Corp I,NYSE
2080023,VACI-WT,Viking Acquisition Corp I,NYSE
2080985,ITHAU,ITHAX Acquisition Corp III,Nasdaq
2081125,DNMXU,Dynamix Corp III,Nasdaq
2081125,DNMXW,Dynamix Corp III,Nasdaq
2081468,MESHU,Meshflow Acquisition Corp,Nasdaq
2081532,BLRKU,Bluerock Acquisition Corp.,Nasdaq
2081909,SBXE-UN,SilverBox Corp V,NYSE
2082141,AVVOF,Avio S.p.A./ADR,OTC
2082149,DSACU,Daedalus Special Acquisition Corp.,Nasdaq
2082542,BIXIU,Bitcoin Infrastructure Acquisition Corp Ltd,Nasdaq
2082844,SAC-UN,Safeguard Acquisition Corp.,NYSE
2083221,SPIWF,SPIE SA/ADR,OTC
2083689,AEAQU,Activate Energy Acquisition Corp.,Nasdaq
2084563,LFACU,Leapfrog Acquisition Corp,Nasdaq
2085208,DUTBF,Duality Biotherapeutics Inc/ADR,OTC
2085236,AMVIF,AUMOVIO SE,OTC
2085408,GPACU,General Purpose Acquisition Corp.,Nasdaq
2087500,NHKGF,NHK Spring Co. Ltd/ADR,OTC
2087840,ZJLMF,"Zhejiang Leapmotor Technology Co., Ltd./ADR",OTC
2087843,GGPSF,Greatland Resources Limited/ADR,OTC
2087844,MSOKF,Mitsui-Soko Holdings Co Limited/ADR,OTC
2087852,SBKLF,Sumitomo Bakelite Co Limited/ADR,OTC
2087856,AIKCF,Aica Kogyo Co Limited/ADR,OTC
2088339,OBIBF,"OBIC Business Consultants Co., Ltd./ADR",OTC
2088749,KBONU,Karbon Capital Partners Corp.,Nasdaq
2088776,ZSHOF,"Zensho Holdings Co., Ltd./ADR",OTC
2088827,HRIBF,"Horiba, Ltd./ADR",OTC
2089174,PCCOF,Paltac Corporation/ADR,OTC
2089488,SVNHF,SUNEVISION HOLDINGS/ADR,OTC
2089499,GLVHF,GLENVEAGH PROPERTIES PLC/ADR,OTC
2089506,TOETF,TOSEI CORP/ADR,OTC
2089509,JELLF,JEOL LTD/ADR,OTC
2090231,MTLPF,Metlen Energy & Metals PLC/ADR,OTC
2091585,LKYRF,Locksley Resources Limited/ADR,OTC
2091663,CNDHF,CONDUIT HOLDINGS LTD/ADR,OTC
2092248,NGSCF,"Nagase & Co., Ltd./ADR",OTC
2092252,RNGOF,"Rengo Co., Ltd./ADR",OTC
2092258,AWTRF,Air Water Inc./ADR,OTC
2093654,ZJNGF,Zijin Gold International Co Limited/ADR,OTC
2093667,MAWAF,"Maruwa Co., Ltd./ADR",OTC
2093856,APXCF,APEX CRITICAL METALS CORP.,OTC
2093907,RNKGF,RENK Group AG/ADR,OTC
2094201,DPCDF,DPC DASH LTD/ADR,OTC
2094691,OBCKF,Ottobock SE & Co. KGaA/ADR,OTC
2098425,BGTCF,"Beijing Geekplus Technology Co., Ltd./ADR",OTC
