session_seq,session_date,close_time_et,close_at
1,2009-01-02,16:00:00,2009-01-02T16:00:00-05:00
2,2009-01-05,16:00:00,2009-01-05T16:00:00-05:00
3,2009-01-06,16:00:00,2009-01-06T16:00:00-05:00
4,2009-01-07,16:00:00,2009-01-07T16:00:00-05:00
5,2009-01-08,16:00:00,2009-01-08T16:00:00-05:00
6,2009-01-09,16:00:00,2009-01-09T16:00:00-05:00
7,2009-01-12,16:00:00,2009-01-12T16:00:00-05:00
8,2009-01-13,16:00:00,2009-01-13T16:00:00-05:00
9,2009-01-14,16:00:00,2009-01-14T16:00:00-05:00
10,2009-01-15,16:00:00,2009-01-15T16:00:00-05:00
11,2009-01-16,16:00:00,2009-01-16T16:00:00-05:00
12,2009-01-20,16:00:00,2009-01-20T16:00:00-05:00
13,2009-01-21,16:00:00,2009-01-21T16:00:00-05:00
14,2009-01-22,16:00:00,2009-01-22T16:00:00-05:00
15,2009-01-23,16:00:00,2009-01-23T16:00:00-05:00
16,2009-01-26,16:00:00,2009-01-26T16:00:00-05:00
17,2009-01-27,16:00:00,2009-01-27T16:00:00-05:00
18,2009-01-28,16:00:00,2009-01-28T16:00:00-05:00
19,2009-01-29,16:00:00,2009-01-29T16:00:00-05:00
20,2009-01-30,16:00:00,2009-01-30T16:00:00-05:00
21,2009-02-02,16:00:00,2009-02-02T16:00:00-05:00
22,2009-02-03,16:00:00,2009-02-03T16:00:00-05:00
23,2009-02-04,16:00:00,2009-02-04T16:00:00-05:00
24,2009-02-05,16:00:00,2009-02-05T16:00:00-05:00
25,2009-02-06,16:00:00,2009-02-06T16:00:00-05:00
26,2009-02-09,16:00:00,2009-02-09T16:00:00-05:00
27,2009-02-10,16:00:00,2009-02-10T16:00:00-05:00
28,2009-02-11,16:00:00,2009-02-11T16:00:00-05:00
29,2009-02-12,16:00:00,2009-02-12T16:00:00-05:00
30,2009-02-13,16:00:00,2009-02-13T16:00:00-05:00
31,2009-02-17,16:00:00,2009-02-17T16:00:00-05:00
32,2009-02-18,16:00:00,2009-02-18T16:00:00-05:00
33,2009-02-19,16:00:00,2009-02-19T16:00:00-05:00
34,2009-02-20,16:00:00,2009-02-20T16:00:00-05:00
35,2009-02-23,16:00:00,2009-02-23T16:00:00-05:00
36,2009-02-24,16:00:00,2009-02-24T16:00:00-05:00
37,2009-02-25,16:00:00,2009-02-25T16:00:00-05:00
38,2009-02-26,16:00:00,2009-02-26T16:00:00-05:00
39,2009-02-27,16:00:00,2009-02-27T16:00:00-05:00
40,2009-03-02,16:00:00,2009-03-02T16:00:00-05:00
41,2009-03-03,16:00:00,2009-03-03T16:00:00-05:00
42,2009-03-04,16:00:00,2009-03-04T16:00:00-05:00
43,2009-03-05,16:00:00,2009-03-05T16:00:00-05:00
44,2009-03-06,16:00:00,2009-03-06T16:00:00-05:00
45,2009-03-09,16:00:00,2009-03-09T16:00:00-04:00
46,2009-03-10,16:00:00,2009-03-10T16:00:00-04:00
47,2009-03-11,16:00:00,2009-03-11T16:00:00-04:00
48,2009-03-12,16:00:00,2009-03-12T16:00:00-04:00
49,2009-03-13,16:00:00,2009-03-13T16:00:00-04:00
50,2009-03-16,16:00:00,2009-03-16T16:00:00-04:00
51,2009-03-17,16:00:00,2009-03-17T16:00:00-04:00
52,2009-03-18,16:00:00,2009-03-18T16:00:00-04:00
53,2009-03-19,16:00:00,2009-03-19T16:00:00-04:00
54,2009-03-20,16:00:00,2009-03-20T16:00:00-04:00
55,2009-03-23,16:00:00,2009-03-23T16:00:00-04:00
56,2009-03-24,16:00:00,2009-03-24T16:00:00-04:00
57,2009-03-25,16:00:00,2009-03-25T16:00:00-04:00
58,2009-03-26,16:00:00,2009-03-26T16:00:00-04:00
59,2009-03-27,16:00:00,2009-03-27T16:00:00-04:00
60,2009-03-30,16:00:00,2009-03-30T16:00:00-04:00
61,2009-03-31,16:00:00,2009-03-31T16:00:00-04:00
62,2009-04-01,16:00:00,2009-04-01T16:00:00-04:00
63,2009-04-02,16:00:00,2009-04-02T16:00:00-04:00
64,2009-04-03,16:00:00,2009-04-03T16:00:00-04:00
65,2009-04-06,16:00:00,2009-04-06T16:00:00-04:00
66,2009-04-07,16:00:00,2009-04-07T16:00:00-04:00
67,2009-04-08,16:00:00,2009-04-08T16:00:00-04:00
68,2009-04-09,16:00:00,2009-04-09T16:00:00-04:00
69,2009-04-13,16:00:00,2009-04-13T16:00:00-04:00
70,2009-04-14,16:00:00,2009-04-14T16:00:00-04:00
71,2009-04-15,16:00:00,2009-04-15T16:00:00-04:00
72,2009-04-16,16:00:00,2009-04-16T16:00:00-04:00
73,2009-04-17,16:00:00,2009-04-17T16:00:00-04:00
74,2009-04-20,16:00:00,2009-04-20T16:00:00-04:00
75,2009-04-21,16:00:00,2009-04-21T16:00:00-04:00
76,2009-04-22,16:00:00,2009-04-22T16:00:00-04:00
77,2009-04-23,16:00:00,2009-04-23T16:00:00-04:00
78,2009-04-24,16:00:00,2009-04-24T16:00:00-04:00
79,2009-04-27,16:00:00,2009-04-27T16:00:00-04:00
80,2009-04-28,16:00:00,2009-04-28T16:00:00-04:00
81,2009-04-29,16:00:00,2009-04-29T16:00:00-04:00
82,2009-04-30,16:00:00,2009-04-30T16:00:00-04:00
83,2009-05-01,16:00:00,2009-05-01T16:00:00-04:00
84,2009-05-04,16:00:00,2009-05-04T16:00:00-04:00
85,2009-05-05,16:00:00,2009-05-05T16:00:00-04:00
86,2009-05-06,16:00:00,2009-05-06T16:00:00-04:00
87,2009-05-07,16:00:00,2009-05-07T16:00:00-04:00
88,2009-05-08,16:00:00,2009-05-08T16:00:00-04:00
89,2009-05-11,16:00:00,2009-05-11T16:00:00-04:00
90,2009-05-12,16:00:00,2009-05-12T16:00:00-04:00
91,2009-05-13,16:00:00,2009-05-13T16:00:00-04:00
92,2009-05-14,16:00:00,2009-05-14T16:00:00-04:00
93,2009-05-15,16:00:00,2009-05-15T16:00:00-04:00
94,2009-05-18,16:00:00,2009-05-18T16:00:00-04:00
95,2009-05-19,16:00:00,2009-05-19T16:00:00-04:00
96,2009-05-20,16:00:00,2009-05-20T16:00:00-04:00
97,2009-05-21,16:00:00,2009-05-21T16:00:00-04:00
98,2009-05-22,16:00:00,2009-05-22T16:00:00-04:00
99,2009-05-26,16:00:00,2009-05-26T16:00:00-04:00
100,2009-05-27,16:00:00,2009-05-27T16:00:00-04:00
101,2009-05-28,16:00:00,2009-05-28T16:00:00-04:00
102,2009-05-29,16:00:00,2009-05-29T16:00:00-04:00
103,2009-06-01,16:00:00,2009-06-01T16:00:00-04:00
104,2009-06-02,16:00:00,2009-06-02T16:00:00-04:00
105,2009-06-03,16:00:00,2009-06-03T16:00:00-04:00
106,2009-06-04,16:00:00,2009-06-04T16:00:00-04:00
107,2009-06-05,16:00:00,2009-06-05T16:00:00-04:00
108,2009-06-08,16:00:00,2009-06-08T16:00:00-04:00
109,2009-06-09,16:00:00,2009-06-09T16:00:00-04:00
110,2009-06-10,16:00:00,2009-06-10T16:00:00-04:00
111,2009-06-11,16:00:00,2009-06-11T16:00:00-04:00
112,2009-06-12,16:00:00,2009-06-12T16:00:00-04:00
113,2009-06-15,16:00:00,2009-06-15T16:00:00-04:00
114,2009-06-16,16:00:00,2009-06-16T16:00:00-04:00
115,2009-06-17,16:00:00,2009-06-17T16:00:00-04:00
116,2009-06-18,16:00:00,2009-06-18T16:00:00-04:00
117,2009-06-19,16:00:00,2009-06-19T16:00:00-04:00
118,2009-06-22,16:00:00,2009-06-22T16:00:00-04:00
119,2009-06-23,16:00:00,2009-06-23T16:00:00-04:00
120,2009-06-24,16:00:00,2009-06-24T16:00:00-04:00
121,2009-06-25,16:00:00,2009-06-25T16:00:00-04:00
122,2009-06-26,16:00:00,2009-06-26T16:00:00-04:00
123,2009-06-29,16:00:00,2009-06-29T16:00:00-04:00
124,2009-06-30,16:00:00,2009-06-30T16:00:00-04:00
125,2009-07-01,16:00:00,2009-07-01T16:00:00-04:00
126,2009-07-02,16:00:00,2009-07-02T16:00:00-04:00
127,2009-07-06,16:00:00,2009-07-06T16:00:00-04:00
128,2009-07-07,16:00:00,2009-07-07T16:00:00-04:00
129,2009-07-08,16:00:00,2009-07-08T16:00:00-04:00
130,2009-07-09,16:00:00,2009-07-09T16:00:00-04:00
131,2009-07-10,16:00:00,2009-07-10T16:00:00-04:00
132,2009-07-13,16:00:00,2009-07-13T16:00:00-04:00
133,2009-07-14,16:00:00,2009-07-14T16:00:00-04:00
134,2009-07-15,16:00:00,2009-07-15T16:00:00-04:00
135,2009-07-16,16:00:00,2009-07-16T16:00:00-04:00
136,2009-07-17,16:00:00,2009-07-17T16:00:00-04:00
137,2009-07-20,16:00:00,2009-07-20T16:00:00-04:00
138,2009-07-21,16:00:00,2009-07-21T16:00:00-04:00
139,2009-07-22,16:00:00,2009-07-22T16:00:00-04:00
140,2009-07-23,16:00:00,2009-07-23T16:00:00-04:00
141,2009-07-24,16:00:00,2009-07-24T16:00:00-04:00
142,2009-07-27,16:00:00,2009-07-27T16:00:00-04:00
143,2009-07-28,16:00:00,2009-07-28T16:00:00-04:00
144,2009-07-29,16:00:00,2009-07-29T16:00:00-04:00
145,2009-07-30,16:00:00,2009-07-30T16:00:00-04:00
146,2009-07-31,16:00:00,2009-07-31T16:00:00-04:00
147,2009-08-03,16:00:00,2009-08-03T16:00:00-04:00
148,2009-08-04,16:00:00,2009-08-04T16:00:00-04:00
149,2009-08-05,16:00:00,2009-08-05T16:00:00-04:00
150,2009-08-06,16:00:00,2009-08-06T16:00:00-04:00
151,2009-08-07,16:00:00,2009-08-07T16:00:00-04:00
152,2009-08-10,16:00:00,2009-08-10T16:00:00-04:00
153,2009-08-11,16:00:00,2009-08-11T16:00:00-04:00
154,2009-08-12,16:00:00,2009-08-12T16:00:00-04:00
155,2009-08-13,16:00:00,2009-08-13T16:00:00-04:00
156,2009-08-14,16:00:00,2009-08-14T16:00:00-04:00
157,2009-08-17,16:00:00,2009-08-17T16:00:00-04:00
158,2009-08-18,16:00:00,2009-08-18T16:00:00-04:00
159,2009-08-19,16:00:00,2009-08-19T16:00:00-04:00
160,2009-08-20,16:00:00,2009-08-20T16:00:00-04:00
161,2009-08-21,16:00:00,2009-08-21T16:00:00-04:00
162,2009-08-24,16:00:00,2009-08-24T16:00:00-04:00
163,2009-08-25,16:00:00,2009-08-25T16:00:00-04:00
164,2009-08-26,16:00:00,2009-08-26T16:00:00-04:00
165,2009-08-27,16:00:00,2009-08-27T16:00:00-04:00
166,2009-08-28,16:00:00,2009-08-28T16:00:00-04:00
167,2009-08-31,16:00:00,2009-08-31T16:00:00-04:00
168,2009-09-01,16:00:00,2009-09-01T16:00:00-04:00
169,2009-09-02,16:00:00,2009-09-02T16:00:00-04:00
170,2009-09-03,16:00:00,2009-09-03T16:00:00-04:00
171,2009-09-04,16:00:00,2009-09-04T16:00:00-04:00
172,2009-09-08,16:00:00,2009-09-08T16:00:00-04:00
173,2009-09-09,16:00:00,2009-09-09T16:00:00-04:00
174,2009-09-10,16:00:00,2009-09-10T16:00:00-04:00
175,2009-09-11,16:00:00,2009-09-11T16:00:00-04:00
176,2009-09-14,16:00:00,2009-09-14T16:00:00-04:00
177,2009-09-15,16:00:00,2009-09-15T16:00:00-04:00
178,2009-09-16,16:00:00,2009-09-16T16:00:00-04:00
179,2009-09-17,16:00:00,2009-09-17T16:00:00-04:00
180,2009-09-18,16:00:00,2009-09-18T16:00:00-04:00
181,2009-09-21,16:00:00,2009-09-21T16:00:00-04:00
182,2009-09-22,16:00:00,2009-09-22T16:00:00-04:00
183,2009-09-23,16:00:00,2009-09-23T16:00:00-04:00
184,2009-09-24,16:00:00,2009-09-24T16:00:00-04:00
185,2009-09-25,16:00:00,2009-09-25T16:00:00-04:00
186,2009-09-28,16:00:00,2009-09-28T16:00:00-04:00
187,2009-09-29,16:00:00,2009-09-29T16:00:00-04:00
188,2009-09-30,16:00:00,2009-09-30T16:00:00-04:00
189,2009-10-01,16:00:00,2009-10-01T16:00:00-04:00
190,2009-10-02,16:00:00,2009-10-02T16:00:00-04:00
191,2009-10-05,16:00:00,2009-10-05T16:00:00-04:00
192,2009-10-06,16:00:00,2009-10-06T16:00:00-04:00
193,2009-10-07,16:00:00,2009-10-07T16:00:00-04:00
194,2009-10-08,16:00:00,2009-10-08T16:00:00-04:00
195,2009-10-09,16:00:00,2009-10-09T16:00:00-04:00
196,2009-10-12,16:00:00,2009-10-12T16:00:00-04:00
197,2009-10-13,16:00:00,2009-10-13T16:00:00-04:00
198,2009-10-14,16:00:00,2009-10-14T16:00:00-04:00
199,2009-10-15,16:00:00,2009-10-15T16:00:00-04:00
200,2009-10-16,16:00:00,2009-10-16T16:00:00-04:00
201,2009-10-19,16:00:00,2009-10-19T16:00:00-04:00
202,2009-10-20,16:00:00,2009-10-20T16:00:00-04:00
203,2009-10-21,16:00:00,2009-10-21T16:00:00-04:00
204,2009-10-22,16:00:00,2009-10-22T16:00:00-04:00
205,2009-10-23,16:00:00,2009-10-23T16:00:00-04:00
206,2009-10-26,16:00:00,2009-10-26T16:00:00-04:00
207,2009-10-27,16:00:00,2009-10-27T16:00:00-04:00
208,2009-10-28,16:00:00,2009-10-28T16:00:00-04:00
209,2009-10-29,16:00:00,2009-10-29T16:00:00-04:00
210,2009-10-30,16:00:00,2009-10-30T16:00:00-04:00
211,2009-11-02,16:00:00,2009-11-02T16:00:00-05:00
212,2009-11-03,16:00:00,2009-11-03T16:00:00-05:00
213,2009-11-04,16:00:00,2009-11-04T16:00:00-05:00
214,2009-11-05,16:00:00,2009-11-05T16:00:00-05:00
215,2009-11-06,16:00:00,2009-11-06T16:00:00-05:00
216,2009-11-09,16:00:00,2009-11-09T16:00:00-05:00
217,2009-11-10,16:00:00,2009-11-10T16:00:00-05:00
218,2009-11-11,16:00:00,2009-11-11T16:00:00-05:00
219,2009-11-12,16:00:00,2009-11-12T16:00:00-05:00
220,2009-11-13,16:00:00,2009-11-13T16:00:00-05:00
221,2009-11-16,16:00:00,2009-11-16T16:00:00-05:00
222,2009-11-17,16:00:00,2009-11-17T16:00:00-05:00
223,2009-11-18,16:00:00,2009-11-18T16:00:00-05:00
224,2009-11-19,16:00:00,2009-11-19T16:00:00-05:00
225,2009-11-20,16:00:00,2009-11-20T16:00:00-05:00
226,2009-11-23,16:00:00,2009-11-23T16:00:00-05:00
227,2009-11-24,16:00:00,2009-11-24T16:00:00-05:00
228,2009-11-25,16:00:00,2009-11-25T16:00:00-05:00
229,2009-11-27,13:00:00,2009-11-27T13:00:00-05:00
230,2009-11-30,16:00:00,2009-11-30T16:00:00-05:00
231,2009-12-01,16:00:00,2009-12-01T16:00:00-05:00
232,2009-12-02,16:00:00,2009-12-02T16:00:00-05:00
233,2009-12-03,16:00:00,2009-12-03T16:00:00-05:00
234,2009-12-04,16:00:00,2009-12-04T16:00:00-05:00
235,2009-12-07,16:00:00,2009-12-07T16:00:00-05:00
236,2009-12-08,16:00:00,2009-12-08T16:00:00-05:00
237,2009-12-09,16:00:00,2009-12-09T16:00:00-05:00
238,2009-12-10,16:00:00,2009-12-10T16:00:00-05:00
239,2009-12-11,16:00:00,2009-12-11T16:00:00-05:00
240,2009-12-14,16:00:00,2009-12-14T16:00:00-05:00
241,2009-12-15,16:00:00,2009-12-15T16:00:00-05:00
242,2009-12-16,16:00:00,2009-12-16T16:00:00-05:00
243,2009-12-17,16:00:00,2009-12-17T16:00:00-05:00
244,2009-12-18,16:00:00,2009-12-18T16:00:00-05:00
245,2009-12-21,16:00:00,2009-12-21T16:00:00-05:00
246,2009-12-22,16:00:00,2009-12-22T16:00:00-05:00
247,2009-12-23,16:00:00,2009-12-23T16:00:00-05:00
248,2009-12-24,13:00:00,2009-12-24T13:00:00-05:00
249,2009-12-28,16:00:00,2009-12-28T16:00:00-05:00
250,2009-12-29,16:00:00,2009-12-29T16:00:00-05:00
251,2009-12-30,16:00:00,2009-12-30T16:00:00-05:00
252,2009-12-31,16:00:00,2009-12-31T16:00:00-05:00
253,2010-01-04,16:00:00,2010-01-04T16:00:00-05:00
254,2010-01-05,16:00:00,2010-01-05T16:00:00-05:00
255,2010-01-06,16:00:00,2010-01-06T16:00:00-05:00
256,2010-01-07,16:00:00,2010-01-07T16:00:00-05:00
257,2010-01-08,16:00:00,2010-01-08T16:00:00-05:00
258,2010-01-11,16:00:00,2010-01-11T16:00:00-05:00
259,2010-01-12,16:00:00,2010-01-12T16:00:00-05:00
260,2010-01-13,16:00:00,2010-01-13T16:00:00-05:00
261,2010-01-14,16:00:00,2010-01-14T16:00:00-05:00
262,2010-01-15,16:00:00,2010-01-15T16:00:00-05:00
263,2010-01-19,16:00:00,2010-01-19T16:00:00-05:00
264,2010-01-20,16:00:00,2010-01-20T16:00:00-05:00
265,2010-01-21,16:00:00,2010-01-21T16:00:00-05:00
266,2010-01-22,16:00:00,2010-01-22T16:00:00-05:00
267,2010-01-25,16:00:00,2010-01-25T16:00:00-05:00
268,2010-01-26,16:00:00,2010-01-26T16:00:00-05:00
269,2010-01-27,16:00:00,2010-01-27T16:00:00-05:00
270,2010-01-28,16:00:00,2010-01-28T16:00:00-05:00
271,2010-01-29,16:00:00,2010-01-29T16:00:00-05:00
272,2010-02-01,16:00:00,2010-02-01T16:00:00-05:00
273,2010-02-02,16:00:00,2010-02-02T16:00:00-05:00
274,2010-02-03,16:00:00,2010-02-03T16:00:00-05:00
275,2010-02-04,16:00:00,2010-02-04T16:00:00-05:00
276,2010-02-05,16:00:00,2010-02-05T16:00:00-05:00
277,2010-02-08,16:00:00,2010-02-08T16:00:00-05:00
278,2010-02-09,16:00:00,2010-02-09T16:00:00-05:00
279,2010-02-10,16:00:00,2010-02-10T16:00:00-05:00
280,2010-02-11,16:00:00,2010-02-11T16:00:00-05:00
281,2010-02-12,16:00:00,2010-02-12T16:00:00-05:00
282,2010-02-16,16:00:00,2010-02-16T16:00:00-05:00
283,2010-02-17,16:00:00,2010-02-17T16:00:00-05:00
284,2010-02-18,16:00:00,2010-02-18T16:00:00-05:00
285,2010-02-19,16:00:00,2010-02-19T16:00:00-05:00
286,2010-02-22,16:00:00,2010-02-22T16:00:00-05:00
287,2010-02-23,16:00:00,2010-02-23T16:00:00-05:00
288,2010-02-24,16:00:00,2010-02-24T16:00:00-05:00
289,2010-02-25,16:00:00,2010-02-25T16:00:00-05:00
290,2010-02-26,16:00:00,2010-02-26T16:00:00-05:00
291,2010-03-01,16:00:00,2010-03-01T16:00:00-05:00
292,2010-03-02,16:00:00,2010-03-02T16:00:00-05:00
293,2010-03-03,16:00:00,2010-03-03T16:00:00-05:00
294,2010-03-04,16:00:00,2010-03-04T16:00:00-05:00
295,2010-03-05,16:00:00,2010-03-05T16:00:00-05:00
296,2010-03-08,16:00:00,2010-03-08T16:00:00-05:00
297,2010-03-09,16:00:00,2010-03-09T16:00:00-05:00
298,2010-03-10,16:00:00,2010-03-10T16:00:00-05:00
299,2010-03-11,16:00:00,2010-03-11T16:00:00-05:00
300,2010-03-12,16:00:00,2010-03-12T16:00:00-05:00
301,2010-03-15,16:00:00,2010-03-15T16:00:00-04:00
302,2010-03-16,16:00:00,2010-03-16T16:00:00-04:00
303,2010-03-17,16:00:00,2010-03-17T16:00:00-04:00
304,2010-03-18,16:00:00,2010-03-18T16:00:00-04:00
305,2010-03-19,16:00:00,2010-03-19T16:00:00-04:00
306,2010-03-22,16:00:00,2010-03-22T16:00:00-04:00
307,2010-03-23,16:00:00,2010-03-23T16:00:00-04:00
308,2010-03-24,16:00:00,2010-03-24T16:00:00-04:00
309,2010-03-25,16:00:00,2010-03-25T16:00:00-04:00
310,2010-03-26,16:00:00,2010-03-26T16:00:00-04:00
311,2010-03-29,16:00:00,2010-03-29T16:00:00-04:00
312,2010-03-30,16:00:00,2010-03-30T16:00:00-04:00
313,2010-03-31,16:00:00,2010-03-31T16:00:00-04:00
314,2010-04-01,16:00:00,2010-04-01T16:00:00-04:00
315,2010-04-05,16:00:00,2010-04-05T16:00:00-04:00
316,2010-04-06,16:00:00,2010-04-06T16:00:00-04:00
317,2010-04-07,16:00:00,2010-04-07T16:00:00-04:00
318,2010-04-08,16:00:00,2010-04-08T16:00:00-04:00
319,2010-04-09,16:00:00,2010-04-09T16:00:00-04:00
320,2010-04-12,16:00:00,2010-04-12T16:00:00-04:00
321,2010-04-13,16:00:00,2010-04-13T16:00:00-04:00
322,2010-04-14,16:00:00,2010-04-14T16:00:00-04:00
323,2010-04-15,16:00:00,2010-04-15T16:00:00-04:00
324,2010-04-16,16:00:00,2010-04-16T16:00:00-04:00
325,2010-04-19,16:00:00,2010-04-19T16:00:00-04:00
326,2010-04-20,16:00:00,2010-04-20T16:00:00-04:00
327,2010-04-21,16:00:00,2010-04-21T16:00:00-04:00
328,2010-04-22,16:00:00,2010-04-22T16:00:00-04:00
329,2010-04-23,16:00:00,2010-04-23T16:00:00-04:00
330,2010-04-26,16:00:00,2010-04-26T16:00:00-04:00
331,2010-04-27,16:00:00,2010-04-27T16:00:00-04:00
332,2010-04-28,16:00:00,2010-04-28T16:00:00-04:00
333,2010-04-29,16:00:00,2010-04-29T16:00:00-04:00
334,2010-04-30,16:00:00,2010-04-30T16:00:00-04:00
335,2010-05-03,16:00:00,2010-05-03T16:00:00-04:00
336,2010-05-04,16:00:00,2010-05-04T16:00:00-04:00
337,2010-05-05,16:00:00,2010-05-05T16:00:00-04:00
338,2010-05-06,16:00:00,2010-05-06T16:00:00-04:00
339,2010-05-07,16:00:00,2010-05-07T16:00:00-04:00
340,2010-05-10,16:00:00,2010-05-10T16:00:00-04:00
341,2010-05-11,16:00:00,2010-05-11T16:00:00-04:00
342,2010-05-12,16:00:00,2010-05-12T16:00:00-04:00
343,2010-05-13,16:00:00,2010-05-13T16:00:00-04:00
344,2010-05-14,16:00:00,2010-05-14T16:00:00-04:00
345,2010-05-17,16:00:00,2010-05-17T16:00:00-04:00
346,2010-05-18,16:00:00,2010-05-18T16:00:00-04:00
347,2010-05-19,16:00:00,2010-05-19T16:00:00-04:00
348,2010-05-20,16:00:00,2010-05-20T16:00:00-04:00
349,2010-05-21,16:00:00,2010-05-21T16:00:00-04:00
350,2010-05-24,16:00:00,2010-05-24T16:00:00-04:00
351,2010-05-25,16:00:00,2010-05-25T16:00:00-04:00
352,2010-05-26,16:00:00,2010-05-26T16:00:00-04:00
353,2010-05-27,16:00:00,2010-05-27T16:00:00-04:00
354,2010-05-28,16:00:00,2010-05-28T16:00:00-04:00
355,2010-06-01,16:00:00,2010-06-01T16:00:00-04:00
356,2010-06-02,16:00:00,2010-06-02T16:00:00-04:00
357,2010-06-03,16:00:00,2010-06-03T16:00:00-04:00
358,2010-06-04,16:00:00,2010-06-04T16:00:00-04:00
359,2010-06-07,16:00:00,2010-06-07T16:00:00-04:00
360,2010-06-08,16:00:00,2010-06-08T16:00:00-04:00
361,2010-06-09,16:00:00,2010-06-09T16:00:00-04:00
362,2010-06-10,16:00:00,2010-06-10T16:00:00-04:00
363,2010-06-11,16:00:00,2010-06-11T16:00:00-04:00
364,2010-06-14,16:00:00,2010-06-14T16:00:00-04:00
365,2010-06-15,16:00:00,2010-06-15T16:00:00-04:00
366,2010-06-16,16:00:00,2010-06-16T16:00:00-04:00
367,2010-06-17,16:00:00,2010-06-17T16:00:00-04:00
368,2010-06-18,16:00:00,2010-06-18T16:00:00-04:00
369,2010-06-21,16:00:00,2010-06-21T16:00:00-04:00
370,2010-06-22,16:00:00,2010-06-22T16:00:00-04:00
371,2010-06-23,16:00:00,2010-06-23T16:00:00-04:00
372,2010-06-24,16:00:00,2010-06-24T16:00:00-04:00
373,2010-06-25,16:00:00,2010-06-25T16:00:00-04:00
374,2010-06-28,16:00:00,2010-06-28T16:00:00-04:00
375,2010-06-29,16:00:00,2010-06-29T16:00:00-04:00
376,2010-06-30,16:00:00,2010-06-30T16:00:00-04:00
377,2010-07-01,16:00:00,2010-07-01T16:00:00-04:00
378,2010-07-02,16:00:00,2010-07-02T16:00:00-04:00
379,2010-07-06,16:00:00,2010-07-06T16:00:00-04:00
380,2010-07-07,16:00:00,2010-07-07T16:00:00-04:00
381,2010-07-08,16:00:00,2010-07-08T16:00:00-04:00
382,2010-07-09,16:00:00,2010-07-09T16:00:00-04:00
383,2010-07-12,16:00:00,2010-07-12T16:00:00-04:00
384,2010-07-13,16:00:00,2010-07-13T16:00:00-04:00
385,2010-07-14,16:00:00,2010-07-14T16:00:00-04:00
386,2010-07-15,16:00:00,2010-07-15T16:00:00-04:00
387,2010-07-16,16:00:00,2010-07-16T16:00:00-04:00
388,2010-07-19,16:00:00,2010-07-19T16:00:00-04:00
389,2010-07-20,16:00:00,2010-07-20T16:00:00-04:00
390,2010-07-21,16:00:00,2010-07-21T16:00:00-04:00
391,2010-07-22,16:00:00,2010-07-22T16:00:00-04:00
392,2010-07-23,16:00:00,2010-07-23T16:00:00-04:00
393,2010-07-26,16:00:00,2010-07-26T16:00:00-04:00
394,2010-07-27,16:00:00,2010-07-27T16:00:00-04:00
395,2010-07-28,16:00:00,2010-07-28T16:00:00-04:00
396,2010-07-29,16:00:00,2010-07-29T16:00:00-04:00
397,2010-07-30,16:00:00,2010-07-30T16:00:00-04:00
398,2010-08-02,16:00:00,2010-08-02T16:00:00-04:00
399,2010-08-03,16:00:00,2010-08-03T16:00:00-04:00
400,2010-08-04,16:00:00,2010-08-04T16:00:00-04:00
401,2010-08-05,16:00:00,2010-08-05T16:00:00-04:00
402,2010-08-06,16:00:00,2010-08-06T16:00:00-04:00
403,2010-08-09,16:00:00,2010-08-09T16:00:00-04:00
404,2010-08-10,16:00:00,2010-08-10T16:00:00-04:00
405,2010-08-11,16:00:00,2010-08-11T16:00:00-04:00
406,2010-08-12,16:00:00,2010-08-12T16:00:00-04:00
407,2010-08-13,16:00:00,2010-08-13T16:00:00-04:00
408,2010-08-16,16:00:00,2010-08-16T16:00:00-04:00
409,2010-08-17,16:00:00,2010-08-17T16:00:00-04:00
410,2010-08-18,16:00:00,2010-08-18T16:00:00-04:00
411,2010-08-19,16:00:00,2010-08-19T16:00:00-04:00
412,2010-08-20,16:00:00,2010-08-20T16:00:00-04:00
413,2010-08-23,16:00:00,2010-08-23T16:00:00-04:00
414,2010-08-24,16:00:00,2010-08-24T16:00:00-04:00
415,2010-08-25,16:00:00,2010-08-25T16:00:00-04:00
416,2010-08-26,16:00:00,2010-08-26T16:00:00-04:00
417,2010-08-27,16:00:00,2010-08-27T16:00:00-04:00
418,2010-08-30,16:00:00,2010-08-30T16:00:00-04:00
419,2010-08-31,16:00:00,2010-08-31T16:00:00-04:00
420,2010-09-01,16:00:00,2010-09-01T16:00:00-04:00
421,2010-09-02,16:00:00,2010-09-02T16:00:00-04:00
422,2010-09-03,16:00:00,2010-09-03T16:00:00-04:00
423,2010-09-07,16:00:00,2010-09-07T16:00:00-04:00
424,2010-09-08,16:00:00,2010-09-08T16:00:00-04:00
425,2010-09-09,16:00:00,2010-09-09T16:00:00-04:00
426,2010-09-10,16:00:00,2010-09-10T16:00:00-04:00
427,2010-09-13,16:00:00,2010-09-13T16:00:00-04:00
428,2010-09-14,16:00:00,2010-09-14T16:00:00-04:00
429,2010-09-15,16:00:00,2010-09-15T16:00:00-04:00
430,2010-09-16,16:00:00,2010-09-16T16:00:00-04:00
431,2010-09-17,16:00:00,2010-09-17T16:00:00-04:00
432,2010-09-20,16:00:00,2010-09-20T16:00:00-04:00
433,2010-09-21,16:00:00,2010-09-21T16:00:00-04:00
434,2010-09-22,16:00:00,2010-09-22T16:00:00-04:00
435,2010-09-23,16:00:00,2010-09-23T16:00:00-04:00
436,2010-09-24,16:00:00,2010-09-24T16:00:00-04:00
437,2010-09-27,16:00:00,2010-09-27T16:00:00-04:00
438,2010-09-28,16:00:00,2010-09-28T16:00:00-04:00
439,2010-09-29,16:00:00,2010-09-29T16:00:00-04:00
440,2010-09-30,16:00:00,2010-09-30T16:00:00-04:00
441,2010-10-01,16:00:00,2010-10-01T16:00:00-04:00
442,2010-10-04,16:00:00,2010-10-04T16:00:00-04:00
443,2010-10-05,16:00:00,2010-10-05T16:00:00-04:00
444,2010-10-06,16:00:00,2010-10-06T16:00:00-04:00
445,2010-10-07,16:00:00,2010-10-07T16:00:00-04:00
446,2010-10-08,16:00:00,2010-10-08T16:00:00-04:00
447,2010-10-11,16:00:00,2010-10-11T16:00:00-04:00
448,2010-10-12,16:00:00,2010-10-12T16:00:00-04:00
449,2010-10-13,16:00:00,2010-10-13T16:00:00-04:00
450,2010-10-14,16:00:00,2010-10-14T16:00:00-04:00
451,2010-10-15,16:00:00,2010-10-15T16:00:00-04:00
452,2010-10-18,16:00:00,2010-10-18T16:00:00-04:00
453,2010-10-19,16:00:00,2010-10-19T16:00:00-04:00
454,2010-10-20,16:00:00,2010-10-20T16:00:00-04:00
455,2010-10-21,16:00:00,2010-10-21T16:00:00-04:00
456,2010-10-22,16:00:00,2010-10-22T16:00:00-04:00
457,2010-10-25,16:00:00,2010-10-25T16:00:00-04:00
458,2010-10-26,16:00:00,2010-10-26T16:00:00-04:00
459,2010-10-27,16:00:00,2010-10-27T16:00:00-04:00
460,2010-10-28,16:00:00,2010-10-28T16:00:00-04:00
461,2010-10-29,16:00:00,2010-10-29T16:00:00-04:00
462,2010-11-01,16:00:00,2010-11-01T16:00:00-04:00
463,2010-11-02,16:00:00,2010-11-02T16:00:00-04:00
464,2010-11-03,16:00:00,2010-11-03T16:00:00-04:00
465,2010-11-04,16:00:00,2010-11-04T16:00:00-04:00
466,2010-11-05,16:00:00,2010-11-05T16:00:00-04:00
467,2010-11-08,16:00:00,2010-11-08T16:00:00-05:00
468,2010-11-09,16:00:00,2010-11-09T16:00:00-05:00
469,2010-11-10,16:00:00,2010-11-10T16:00:00-05:00
470,2010-11-11,16:00:00,2010-11-11T16:00:00-05:00
471,2010-11-12,16:00:00,2010-11-12T16:00:00-05:00
472,2010-11-15,16:00:00,2010-11-15T16:00:00-05:00
473,2010-11-16,16:00:00,2010-11-16T16:00:00-05:00
474,2010-11-17,16:00:00,2010-11-17T16:00:00-05:00
475,2010-11-18,16:00:00,2010-11-18T16:00:00-05:00
476,2010-11-19,16:00:00,2010-11-19T16:00:00-05:00
477,2010-11-22,16:00:00,2010-11-22T16:00:00-05:00
478,2010-11-23,16:00:00,2010-11-23T16:00:00-05:00
479,2010-11-24,16:00:00,2010-11-24T16:00:00-05:00
480,2010-11-26,13:00:00,2010-11-26T13:00:00-05:00
481,2010-11-29,16:00:00,2010-11-29T16:00:00-05:00
482,2010-11-30,16:00:00,2010-11-30T16:00:00-05:00
483,2010-12-01,16:00:00,2010-12-01T16:00:00-05:00
484,2010-12-02,16:00:00,2010-12-02T16:00:00-05:00
485,2010-12-03,16:00:00,2010-12-03T16:00:00-05:00
486,2010-12-06,16:00:00,2010-12-06T16:00:00-05:00
487,2010-12-07,16:00:00,2010-12-07T16:00:00-05:00
488,2010-12-08,16:00:00,2010-12-08T16:00:00-05:00
489,2010-12-09,16:00:00,2010-12-09T16:00:00-05:00
490,2010-12-10,16:00:00,2010-12-10T16:00:00-05:00
491,2010-12-13,16:00:00,2010-12-13T16:00:00-05:00
492,2010-12-14,16:00:00,2010-12-14T16:00:00-05:00
493,2010-12-15,16:00:00,2010-12-15T16:00:00-05:00
494,2010-12-16,16:00:00,2010-12-16T16:00:00-05:00
495,2010-12-17,16:00:00,2010-12-17T16:00:00-05:00
496,2010-12-20,16:00:00,2010-12-20T16:00:00-05:00
497,2010-12-21,16:00:00,2010-12-21T16:00:00-05:00
498,2010-12-22,16:00:00,2010-12-22T16:00:00-05:00
499,2010-12-23,16:00:00,2010-12-23T16:00:00-05:00
500,2010-12-27,16:00:00,2010-12-27T16:00:00-05:00
501,2010-12-28,16:00:00,2010-12-28T16:00:00-05:00
502,2010-12-29,16:00:00,2010-12-29T16:00:00-05:00
503,2010-12-30,16:00:00,2010-12-30T16:00:00-05:00
504,2010-12-31,16:00:00,2010-12-31T16:00:00-05:00
505,2011-01-03,16:00:00,2011-01-03T16:00:00-05:00
506,2011-01-04,16:00:00,2011-01-04T16:00:00-05:00
507,2011-01-05,16:00:00,2011-01-05T16:00:00-05:00
508,2011-01-06,16:00:00,2011-01-06T16:00:00-05:00
509,2011-01-07,16:00:00,2011-01-07T16:00:00-05:00
510,2011-01-10,16:00:00,2011-01-10T16:00:00-05:00
511,2011-01-11,16:00:00,2011-01-11T16:00:00-05:00
512,2011-01-12,16:00:00,2011-01-12T16:00:00-05:00
513,2011-01-13,16:00:00,2011-01-13T16:00:00-05:00
514,2011-01-14,16:00:00,2011-01-14T16:00:00-05:00
515,2011-01-18,16:00:00,2011-01-18T16:00:00-05:00
516,2011-01-19,16:00:00,2011-01-19T16:00:00-05:00
517,2011-01-20,16:00:00,2011-01-20T16:00:00-05:00
518,2011-01-21,16:00:00,2011-01-21T16:00:00-05:00
519,2011-01-24,16:00:00,2011-01-24T16:00:00-05:00
520,2011-01-25,16:00:00,2011-01-25T16:00:00-05:00
521,2011-01-26,16:00:00,2011-01-26T16:00:00-05:00
522,2011-01-27,16:00:00,2011-01-27T16:00:00-05:00
523,2011-01-28,16:00:00,2011-01-28T16:00:00-05:00
524,2011-01-31,16:00:00,2011-01-31T16:00:00-05:00
525,2011-02-01,16:00:00,2011-02-01T16:00:00-05:00
526,2011-02-02,16:00:00,2011-02-02T16:00:00-05:00
527,2011-02-03,16:00:00,2011-02-03T16:00:00-05:00
528,2011-02-04,16:00:00,2011-02-04T16:00:00-05:00
529,2011-02-07,16:00:00,2011-02-07T16:00:00-05:00
530,2011-02-08,16:00:00,2011-02-08T16:00:00-05:00
531,2011-02-09,16:00:00,2011-02-09T16:00:00-05:00
532,2011-02-10,16:00:00,2011-02-10T16:00:00-05:00
533,2011-02-11,16:00:00,2011-02-11T16:00:00-05:00
534,2011-02-14,16:00:00,2011-02-14T16:00:00-05:00
535,2011-02-15,16:00:00,2011-02-15T16:00:00-05:00
536,2011-02-16,16:00:00,2011-02-16T16:00:00-05:00
537,2011-02-17,16:00:00,2011-02-17T16:00:00-05:00
538,2011-02-18,16:00:00,2011-02-18T16:00:00-05:00
539,2011-02-22,16:00:00,2011-02-22T16:00:00-05:00
540,2011-02-23,16:00:00,2011-02-23T16:00:00-05:00
541,2011-02-24,16:00:00,2011-02-24T16:00:00-05:00
542,2011-02-25,16:00:00,2011-02-25T16:00:00-05:00
543,2011-02-28,16:00:00,2011-02-28T16:00:00-05:00
544,2011-03-01,16:00:00,2011-03-01T16:00:00-05:00
545,2011-03-02,16:00:00,2011-03-02T16:00:00-05:00
546,2011-03-03,16:00:00,2011-03-03T16:00:00-05:00
547,2011-03-04,16:00:00,2011-03-04T16:00:00-05:00
548,2011-03-07,16:00:00,2011-03-07T16:00:00-05:00
549,2011-03-08,16:00:00,2011-03-08T16:00:00-05:00
550,2011-03-09,16:00:00,2011-03-09T16:00:00-05:00
551,2011-03-10,16:00:00,2011-03-10T16:00:00-05:00
552,2011-03-11,16:00:00,2011-03-11T16:00:00-05:00
553,2011-03-14,16:00:00,2011-03-14T16:00:00-04:00
554,2011-03-15,16:00:00,2011-03-15T16:00:00-04:00
555,2011-03-16,16:00:00,2011-03-16T16:00:00-04:00
556,2011-03-17,16:00:00,2011-03-17T16:00:00-04:00
557,2011-03-18,16:00:00,2011-03-18T16:00:00-04:00
558,2011-03-21,16:00:00,2011-03-21T16:00:00-04:00
559,2011-03-22,16:00:00,2011-03-22T16:00:00-04:00
560,2011-03-23,16:00:00,2011-03-23T16:00:00-04:00
561,2011-03-24,16:00:00,2011-03-24T16:00:00-04:00
562,2011-03-25,16:00:00,2011-03-25T16:00:00-04:00
563,2011-03-28,16:00:00,2011-03-28T16:00:00-04:00
564,2011-03-29,16:00:00,2011-03-29T16:00:00-04:00
565,2011-03-30,16:00:00,2011-03-30T16:00:00-04:00
566,2011-03-31,16:00:00,2011-03-31T16:00:00-04:00
567,2011-04-01,16:00:00,2011-04-01T16:00:00-04:00
568,2011-04-04,16:00:00,2011-04-04T16:00:00-04:00
569,2011-04-05,16:00:00,2011-04-05T16:00:00-04:00
570,2011-04-06,16:00:00,2011-04-06T16:00:00-04:00
571,2011-04-07,16:00:00,2011-04-07T16:00:00-04:00
572,2011-04-08,16:00:00,2011-04-08T16:00:00-04:00
573,2011-04-11,16:00:00,2011-04-11T16:00:00-04:00
574,2011-04-12,16:00:00,2011-04-12T16:00:00-04:00
575,2011-04-13,16:00:00,2011-04-13T16:00:00-04:00
576,2011-04-14,16:00:00,2011-04-14T16:00:00-04:00
577,2011-04-15,16:00:00,2011-04-15T16:00:00-04:00
578,2011-04-18,16:00:00,2011-04-18T16:00:00-04:00
579,2011-04-19,16:00:00,2011-04-19T16:00:00-04:00
580,2011-04-20,16:00:00,2011-04-20T16:00:00-04:00
581,2011-04-21,16:00:00,2011-04-21T16:00:00-04:00
582,2011-04-25,16:00:00,2011-04-25T16:00:00-04:00
583,2011-04-26,16:00:00,2011-04-26T16:00:00-04:00
584,2011-04-27,16:00:00,2011-04-27T16:00:00-04:00
585,2011-04-28,16:00:00,2011-04-28T16:00:00-04:00
586,2011-04-29,16:00:00,2011-04-29T16:00:00-04:00
587,2011-05-02,16:00:00,2011-05-02T16:00:00-04:00
588,2011-05-03,16:00:00,2011-05-03T16:00:00-04:00
589,2011-05-04,16:00:00,2011-05-04T16:00:00-04:00
590,2011-05-05,16:00:00,2011-05-05T16:00:00-04:00
591,2011-05-06,16:00:00,2011-05-06T16:00:00-04:00
592,2011-05-09,16:00:00,2011-05-09T16:00:00-04:00
593,2011-05-10,16:00:00,2011-05-10T16:00:00-04:00
594,2011-05-11,16:00:00,2011-05-11T16:00:00-04:00
595,2011-05-12,16:00:00,2011-05-12T16:00:00-04:00
596,2011-05-13,16:00:00,2011-05-13T16:00:00-04:00
597,2011-05-16,16:00:00,2011-05-16T16:00:00-04:00
598,2011-05-17,16:00:00,2011-05-17T16:00:00-04:00
599,2011-05-18,16:00:00,2011-05-18T16:00:00-04:00
600,2011-05-19,16:00:00,2011-05-19T16:00:00-04:00
601,2011-05-20,16:00:00,2011-05-20T16:00:00-04:00
602,2011-05-23,16:00:00,2011-05-23T16:00:00-04:00
603,2011-05-24,16:00:00,2011-05-24T16:00:00-04:00
604,2011-05-25,16:00:00,2011-05-25T16:00:00-04:00
605,2011-05-26,16:00:00,2011-05-26T16:00:00-04:00
606,2011-05-27,16:00:00,2011-05-27T16:00:00-04:00
607,2011-05-31,16:00:00,2011-05-31T16:00:00-04:00
608,2011-06-01,16:00:00,2011-06-01T16:00:00-04:00
609,2011-06-02,16:00:00,2011-06-02T16:00:00-04:00
610,2011-06-03,16:00:00,2011-06-03T16:00:00-04:00
611,2011-06-06,16:00:00,2011-06-06T16:00:00-04:00
612,2011-06-07,16:00:00,2011-06-07T16:00:00-04:00
613,2011-06-08,16:00:00,2011-06-08T16:00:00-04:00
614,2011-06-09,16:00:00,2011-06-09T16:00:00-04:00
615,2011-06-10,16:00:00,2011-06-10T16:00:00-04:00
616,2011-06-13,16:00:00,2011-06-13T16:00:00-04:00
617,2011-06-14,16:00:00,2011-06-14T16:00:00-04:00
618,2011-06-15,16:00:00,2011-06-15T16:00:00-04:00
619,2011-06-16,16:00:00,2011-06-16T16:00:00-04:00
620,2011-06-17,16:00:00,2011-06-17T16:00:00-04:00
621,2011-06-20,16:00:00,2011-06-20T16:00:00-04:00
622,2011-06-21,16:00:00,2011-06-21T16:00:00-04:00
623,2011-06-22,16:00:00,2011-06-22T16:00:00-04:00
624,2011-06-23,16:00:00,2011-06-23T16:00:00-04:00
625,2011-06-24,16:00:00,2011-06-24T16:00:00-04:00
626,2011-06-27,16:00:00,2011-06-27T16:00:00-04:00
627,2011-06-28,16:00:00,2011-06-28T16:00:00-04:00
628,2011-06-29,16:00:00,2011-06-29T16:00:00-04:00
629,2011-06-30,16:00:00,2011-06-30T16:00:00-04:00
630,2011-07-01,16:00:00,2011-07-01T16:00:00-04:00
631,2011-07-05,16:00:00,2011-07-05T16:00:00-04:00
632,2011-07-06,16:00:00,2011-07-06T16:00:00-04:00
633,2011-07-07,16:00:00,2011-07-07T16:00:00-04:00
634,2011-07-08,16:00:00,2011-07-08T16:00:00-04:00
635,2011-07-11,16:00:00,2011-07-11T16:00:00-04:00
636,2011-07-12,16:00:00,2011-07-12T16:00:00-04:00
637,2011-07-13,16:00:00,2011-07-13T16:00:00-04:00
638,2011-07-14,16:00:00,2011-07-14T16:00:00-04:00
639,2011-07-15,16:00:00,2011-07-15T16:00:00-04:00
640,2011-07-18,16:00:00,2011-07-18T16:00:00-04:00
641,2011-07-19,16:00:00,2011-07-19T16:00:00-04:00
642,2011-07-20,16:00:00,2011-07-20T16:00:00-04:00
643,2011-07-21,16:00:00,2011-07-21T16:00:00-04:00
644,2011-07-22,16:00:00,2011-07-22T16:00:00-04:00
645,2011-07-25,16:00:00,2011-07-25T16:00:00-04:00
646,2011-07-26,16:00:00,2011-07-26T16:00:00-04:00
647,2011-07-27,16:00:00,2011-07-27T16:00:00-04:00
648,2011-07-28,16:00:00,2011-07-28T16:00:00-04:00
649,2011-07-29,16:00:00,2011-07-29T16:00:00-04:00
650,2011-08-01,16:00:00,2011-08-01T16:00:00-04:00
651,2011-08-02,16:00:00,2011-08-02T16:00:00-04:00
652,2011-08-03,16:00:00,2011-08-03T16:00:00-04:00
653,2011-08-04,16:00:00,2011-08-04T16:00:00-04:00
654,2011-08-05,16:00:00,2011-08-05T16:00:00-04:00
655,2011-08-08,16:00:00,2011-08-08T16:00:00-04:00
656,2011-08-09,16:00:00,2011-08-09T16:00:00-04:00
657,2011-08-10,16:00:00,2011-08-10T16:00:00-04:00
658,2011-08-11,16:00:00,2011-08-11T16:00:00-04:00
659,2011-08-12,16:00:00,2011-08-12T16:00:00-04:00
660,2011-08-15,16:00:00,2011-08-15T16:00:00-04:00
661,2011-08-16,16:00:00,2011-08-16T16:00:00-04:00
662,2011-08-17,16:00:00,2011-08-17T16:00:00-04:00
663,2011-08-18,16:00:00,2011-08-18T16:00:00-04:00
664,2011-08-19,16:00:00,2011-08-19T16:00:00-04:00
665,2011-08-22,16:00:00,2011-08-22T16:00:00-04:00
666,2011-08-23,16:00:00,2011-08-23T16:00:00-04:00
667,2011-08-24,16:00:00,2011-08-24T16:00:00-04:00
668,2011-08-25,16:00:00,2011-08-25T16:00:00-04:00
669,2011-08-26,16:00:00,2011-08-26T16:00:00-04:00
670,2011-08-29,16:00:00,2011-08-29T16:00:00-04:00
671,2011-08-30,16:00:00,2011-08-30T16:00:00-04:00
672,2011-08-31,16:00:00,2011-08-31T16:00:00-04:00
673,2011-09-01,16:00:00,2011-09-01T16:00:00-04:00
674,2011-09-02,16:00:00,2011-09-02T16:00:00-04:00
675,2011-09-06,16:00:00,2011-09-06T16:00:00-04:00
676,2011-09-07,16:00:00,2011-09-07T16:00:00-04:00
677,2011-09-08,16:00:00,2011-09-08T16:00:00-04:00
678,2011-09-09,16:00:00,2011-09-09T16:00:00-04:00
679,2011-09-12,16:00:00,2011-09-12T16:00:00-04:00
680,2011-09-13,16:00:00,2011-09-13T16:00:00-04:00
681,2011-09-14,16:00:00,2011-09-14T16:00:00-04:00
682,2011-09-15,16:00:00,2011-09-15T16:00:00-04:00
683,2011-09-16,16:00:00,2011-09-16T16:00:00-04:00
684,2011-09-19,16:00:00,2011-09-19T16:00:00-04:00
685,2011-09-20,16:00:00,2011-09-20T16:00:00-04:00
686,2011-09-21,16:00:00,2011-09-21T16:00:00-04:00
687,2011-09-22,16:00:00,2011-09-22T16:00:00-04:00
688,2011-09-23,16:00:00,2011-09-23T16:00:00-04:00
689,2011-09-26,16:00:00,2011-09-26T16:00:00-04:00
690,2011-09-27,16:00:00,2011-09-27T16:00:00-04:00
691,2011-09-28,16:00:00,2011-09-28T16:00:00-04:00
692,2011-09-29,16:00:00,2011-09-29T16:00:00-04:00
693,2011-09-30,16:00:00,2011-09-30T16:00:00-04:00
694,2011-10-03,16:00:00,2011-10-03T16:00:00-04:00
695,2011-10-04,16:00:00,2011-10-04T16:00:00-04:00
696,2011-10-05,16:00:00,2011-10-05T16:00:00-04:00
697,2011-10-06,16:00:00,2011-10-06T16:00:00-04:00
698,2011-10-07,16:00:00,2011-10-07T16:00:00-04:00
699,2011-10-10,16:00:00,2011-10-10T16:00:00-04:00
700,2011-10-11,16:00:00,2011-10-11T16:00:00-04:00
701,2011-10-12,16:00:00,2011-10-12T16:00:00-04:00
702,2011-10-13,16:00:00,2011-10-13T16:00:00-04:00
703,2011-10-14,16:00:00,2011-10-14T16:00:00-04:00
704,2011-10-17,16:00:00,2011-10-17T16:00:00-04:00
705,2011-10-18,16:00:00,2011-10-18T16:00:00-04:00
706,2011-10-19,16:00:00,2011-10-19T16:00:00-04:00
707,2011-10-20,16:00:00,2011-10-20T16:00:00-04:00
708,2011-10-21,16:00:00,2011-10-21T16:00:00-04:00
709,2011-10-24,16:00:00,2011-10-24T16:00:00-04:00
710,2011-10-25,16:00:00,2011-10-25T16:00:00-04:00
711,2011-10-26,16:00:00,2011-10-26T16:00:00-04:00
712,2011-10-27,16:00:00,2011-10-27T16:00:00-04:00
713,2011-10-28,16:00:00,2011-10-28T16:00:00-04:00
714,2011-10-31,16:00:00,2011-10-31T16:00:00-04:00
715,2011-11-01,16:00:00,2011-11-01T16:00:00-04:00
716,2011-11-02,16:00:00,2011-11-02T16:00:00-04:00
717,2011-11-03,16:00:00,2011-11-03T16:00:00-04:00
718,2011-11-04,16:00:00,2011-11-04T16:00:00-04:00
719,2011-11-07,16:00:00,2011-11-07T16:00:00-05:00
720,2011-11-08,16:00:00,2011-11-08T16:00:00-05:00
721,2011-11-09,16:00:00,2011-11-09T16:00:00-05:00
722,2011-11-10,16:00:00,2011-11-10T16:00:00-05:00
723,2011-11-11,16:00:00,2011-11-11T16:00:00-05:00
724,2011-11-14,16:00:00,2011-11-14T16:00:00-05:00
725,2011-11-15,16:00:00,2011-11-15T16:00:00-05:00
726,2011-11-16,16:00:00,2011-11-16T16:00:00-05:00
727,2011-11-17,16:00:00,2011-11-17T16:00:00-05:00
728,2011-11-18,16:00:00,2011-11-18T16:00:00-05:00
729,2011-11-21,16:00:00,2011-11-21T16:00:00-05:00
730,2011-11-22,16:00:00,2011-11-22T16:00:00-05:00
731,2011-11-23,16:00:00,2011-11-23T16:00:00-05:00
732,2011-11-25,13:00:00,2011-11-25T13:00:00-05:00
733,2011-11-28,16:00:00,2011-11-28T16:00:00-05:00
734,2011-11-29,16:00:00,2011-11-29T16:00:00-05:00
735,2011-11-30,16:00:00,2011-11-30T16:00:00-05:00
736,2011-12-01,16:00:00,2011-12-01T16:00:00-05:00
737,2011-12-02,16:00:00,2011-12-02T16:00:00-05:00
738,2011-12-05,16:00:00,2011-12-05T16:00:00-05:00
739,2011-12-06,16:00:00,2011-12-06T16:00:00-05:00
740,2011-12-07,16:00:00,2011-12-07T16:00:00-05:00
741,2011-12-08,16:00:00,2011-12-08T16:00:00-05:00
742,2011-12-09,16:00:00,2011-12-09T16:00:00-05:00
743,2011-12-12,16:00:00,2011-12-12T16:00:00-05:00
744,2011-12-13,16:00:00,2011-12-13T16:00:00-05:00
745,2011-12-14,16:00:00,2011-12-14T16:00:00-05:00
746,2011-12-15,16:00:00,2011-12-15T16:00:00-05:00
747,2011-12-16,16:00:00,2011-12-16T16:00:00-05:00
748,2011-12-19,16:00:00,2011-12-19T16:00:00-05:00
749,2011-12-20,16:00:00,2011-12-20T16:00:00-05:00
750,2011-12-21,16:00:00,2011-12-21T16:00:00-05:00
751,2011-12-22,16:00:00,2011-12-22T16:00:00-05:00
752,2011-12-23,16:00:00,2011-12-23T16:00:00-05:00
753,2011-12-27,16:00:00,2011-12-27T16:00:00-05:00
754,2011-12-28,16:00:00,2011-12-28T16:00:00-05:00
755,2011-12-29,16:00:00,2011-12-29T16:00:00-05:00
756,2011-12-30,16:00:00,2011-12-30T16:00:00-05:00
757,2012-01-03,16:00:00,2012-01-03T16:00:00-05:00
758,2012-01-04,16:00:00,2012-01-04T16:00:00-05:00
759,2012-01-05,16:00:00,2012-01-05T16:00:00-05:00
760,2012-01-06,16:00:00,2012-01-06T16:00:00-05:00
761,2012-01-09,16:00:00,2012-01-09T16:00:00-05:00
762,2012-01-10,16:00:00,2012-01-10T16:00:00-05:00
763,2012-01-11,16:00:00,2012-01-11T16:00:00-05:00
764,2012-01-12,16:00:00,2012-01-12T16:00:00-05:00
765,2012-01-13,16:00:00,2012-01-13T16:00:00-05:00
766,2012-01-17,16:00:00,2012-01-17T16:00:00-05:00
767,2012-01-18,16:00:00,2012-01-18T16:00:00-05:00
768,2012-01-19,16:00:00,2012-01-19T16:00:00-05:00
769,2012-01-20,16:00:00,2012-01-20T16:00:00-05:00
770,2012-01-23,16:00:00,2012-01-23T16:00:00-05:00
771,2012-01-24,16:00:00,2012-01-24T16:00:00-05:00
772,2012-01-25,16:00:00,2012-01-25T16:00:00-05:00
773,2012-01-26,16:00:00,2012-01-26T16:00:00-05:00
774,2012-01-27,16:00:00,2012-01-27T16:00:00-05:00
775,2012-01-30,16:00:00,2012-01-30T16:00:00-05:00
776,2012-01-31,16:00:00,2012-01-31T16:00:00-05:00
777,2012-02-01,16:00:00,2012-02-01T16:00:00-05:00
778,2012-02-02,16:00:00,2012-02-02T16:00:00-05:00
779,2012-02-03,16:00:00,2012-02-03T16:00:00-05:00
780,2012-02-06,16:00:00,2012-02-06T16:00:00-05:00
781,2012-02-07,16:00:00,2012-02-07T16:00:00-05:00
782,2012-02-08,16:00:00,2012-02-08T16:00:00-05:00
783,2012-02-09,16:00:00,2012-02-09T16:00:00-05:00
784,2012-02-10,16:00:00,2012-02-10T16:00:00-05:00
785,2012-02-13,16:00:00,2012-02-13T16:00:00-05:00
786,2012-02-14,16:00:00,2012-02-14T16:00:00-05:00
787,2012-02-15,16:00:00,2012-02-15T16:00:00-05:00
788,2012-02-16,16:00:00,2012-02-16T16:00:00-05:00
789,2012-02-17,16:00:00,2012-02-17T16:00:00-05:00
790,2012-02-21,16:00:00,2012-02-21T16:00:00-05:00
791,2012-02-22,16:00:00,2012-02-22T16:00:00-05:00
792,2012-02-23,16:00:00,2012-02-23T16:00:00-05:00
793,2012-02-24,16:00:00,2012-02-24T16:00:00-05:00
794,2012-02-27,16:00:00,2012-02-27T16:00:00-05:00
795,2012-02-28,16:00:00,2012-02-28T16:00:00-05:00
796,2012-02-29,16:00:00,2012-02-29T16:00:00-05:00
797,2012-03-01,16:00:00,2012-03-01T16:00:00-05:00
798,2012-03-02,16:00:00,2012-03-02T16:00:00-05:00
799,2012-03-05,16:00:00,2012-03-05T16:00:00-05:00
800,2012-03-06,16:00:00,2012-03-06T16:00:00-05:00
801,2012-03-07,16:00:00,2012-03-07T16:00:00-05:00
802,2012-03-08,16:00:00,2012-03-08T16:00:00-05:00
803,2012-03-09,16:00:00,2012-03-09T16:00:00-05:00
804,2012-03-12,16:00:00,2012-03-12T16:00:00-04:00
805,2012-03-13,16:00:00,2012-03-13T16:00:00-04:00
806,2012-03-14,16:00:00,2012-03-14T16:00:00-04:00
807,2012-03-15,16:00:00,2012-03-15T16:00:00-04:00
808,2012-03-16,16:00:00,2012-03-16T16:00:00-04:00
809,2012-03-19,16:00:00,2012-03-19T16:00:00-04:00
810,2012-03-20,16:00:00,2012-03-20T16:00:00-04:00
811,2012-03-21,16:00:00,2012-03-21T16:00:00-04:00
812,2012-03-22,16:00:00,2012-03-22T16:00:00-04:00
813,2012-03-23,16:00:00,2012-03-23T16:00:00-04:00
814,2012-03-26,16:00:00,2012-03-26T16:00:00-04:00
815,2012-03-27,16:00:00,2012-03-27T16:00:00-04:00
816,2012-03-28,16:00:00,2012-03-28T16:00:00-04:00
817,2012-03-29,16:00:00,2012-03-29T16:00:00-04:00
818,2012-03-30,16:00:00,2012-03-30T16:00:00-04:00
819,2012-04-02,16:00:00,2012-04-02T16:00:00-04:00
820,2012-04-03,16:00:00,2012-04-03T16:00:00-04:00
821,2012-04-04,16:00:00,2012-04-04T16:00:00-04:00
822,2012-04-05,16:00:00,2012-04-05T16:00:00-04:00
823,2012-04-09,16:00:00,2012-04-09T16:00:00-04:00
824,2012-04-10,16:00:00,2012-04-10T16:00:00-04:00
825,2012-04-11,16:00:00,2012-04-11T16:00:00-04:00
826,2012-04-12,16:00:00,2012-04-12T16:00:00-04:00
827,2012-04-13,16:00:00,2012-04-13T16:00:00-04:00
828,2012-04-16,16:00:00,2012-04-16T16:00:00-04:00
829,2012-04-17,16:00:00,2012-04-17T16:00:00-04:00
830,2012-04-18,16:00:00,2012-04-18T16:00:00-04:00
831,2012-04-19,16:00:00,2012-04-19T16:00:00-04:00
832,2012-04-20,16:00:00,2012-04-20T16:00:00-04:00
833,2012-04-23,16:00:00,2012-04-23T16:00:00-04:00
834,2012-04-24,16:00:00,2012-04-24T16:00:00-04:00
835,2012-04-25,16:00:00,2012-04-25T16:00:00-04:00
836,2012-04-26,16:00:00,2012-04-26T16:00:00-04:00
837,2012-04-27,16:00:00,2012-04-27T16:00:00-04:00
838,2012-04-30,16:00:00,2012-04-30T16:00:00-04:00
839,2012-05-01,16:00:00,2012-05-01T16:00:00-04:00
840,2012-05-02,16:00:00,2012-05-02T16:00:00-04:00
841,2012-05-03,16:00:00,2012-05-03T16:00:00-04:00
842,2012-05-04,16:00:00,2012-05-04T16:00:00-04:00
843,2012-05-07,16:00:00,2012-05-07T16:00:00-04:00
844,2012-05-08,16:00:00,2012-05-08T16:00:00-04:00
845,2012-05-09,16:00:00,2012-05-09T16:00:00-04:00
846,2012-05-10,16:00:00,2012-05-10T16:00:00-04:00
847,2012-05-11,16:00:00,2012-05-11T16:00:00-04:00
848,2012-05-14,16:00:00,2012-05-14T16:00:00-04:00
849,2012-05-15,16:00:00,2012-05-15T16:00:00-04:00
850,2012-05-16,16:00:00,2012-05-16T16:00:00-04:00
851,2012-05-17,16:00:00,2012-05-17T16:00:00-04:00
852,2012-05-18,16:00:00,2012-05-18T16:00:00-04:00
853,2012-05-21,16:00:00,2012-05-21T16:00:00-04:00
854,2012-05-22,16:00:00,2012-05-22T16:00:00-04:00
855,2012-05-23,16:00:00,2012-05-23T16:00:00-04:00
856,2012-05-24,16:00:00,2012-05-24T16:00:00-04:00
857,2012-05-25,16:00:00,2012-05-25T16:00:00-04:00
858,2012-05-29,16:00:00,2012-05-29T16:00:00-04:00
859,2012-05-30,16:00:00,2012-05-30T16:00:00-04:00
860,2012-05-31,16:00:00,2012-05-31T16:00:00-04:00
861,2012-06-01,16:00:00,2012-06-01T16:00:00-04:00
862,2012-06-04,16:00:00,2012-06-04T16:00:00-04:00
863,2012-06-05,16:00:00,2012-06-05T16:00:00-04:00
864,2012-06-06,16:00:00,2012-06-06T16:00:00-04:00
865,2012-06-07,16:00:00,2012-06-07T16:00:00-04:00
866,2012-06-08,16:00:00,2012-06-08T16:00:00-04:00
867,2012-06-11,16:00:00,2012-06-11T16:00:00-04:00
868,2012-06-12,16:00:00,2012-06-12T16:00:00-04:00
869,2012-06-13,16:00:00,2012-06-13T16:00:00-04:00
870,2012-06-14,16:00:00,2012-06-14T16:00:00-04:00
871,2012-06-15,16:00:00,2012-06-15T16:00:00-04:00
872,2012-06-18,16:00:00,2012-06-18T16:00:00-04:00
873,2012-06-19,16:00:00,2012-06-19T16:00:00-04:00
874,2012-06-20,16:00:00,2012-06-20T16:00:00-04:00
875,2012-06-21,16:00:00,2012-06-21T16:00:00-04:00
876,2012-06-22,16:00:00,2012-06-22T16:00:00-04:00
877,2012-06-25,16:00:00,2012-06-25T16:00:00-04:00
878,2012-06-26,16:00:00,2012-06-26T16:00:00-04:00
879,2012-06-27,16:00:00,2012-06-27T16:00:00-04:00
880,2012-06-28,16:00:00,2012-06-28T16:00:00-04:00
881,2012-06-29,16:00:00,2012-06-29T16:00:00-04:00
882,2012-07-02,16:00:00,2012-07-02T16:00:00-04:00
883,2012-07-03,13:00:00,2012-07-03T13:00:00-04:00
884,2012-07-05,16:00:00,2012-07-05T16:00:00-04:00
885,2012-07-06,16:00:00,2012-07-06T16:00:00-04:00
886,2012-07-09,16:00:00,2012-07-09T16:00:00-04:00
887,2012-07-10,16:00:00,2012-07-10T16:00:00-04:00
888,2012-07-11,16:00:00,2012-07-11T16:00:00-04:00
889,2012-07-12,16:00:00,2012-07-12T16:00:00-04:00
890,2012-07-13,16:00:00,2012-07-13T16:00:00-04:00
891,2012-07-16,16:00:00,2012-07-16T16:00:00-04:00
892,2012-07-17,16:00:00,2012-07-17T16:00:00-04:00
893,2012-07-18,16:00:00,2012-07-18T16:00:00-04:00
894,2012-07-19,16:00:00,2012-07-19T16:00:00-04:00
895,2012-07-20,16:00:00,2012-07-20T16:00:00-04:00
896,2012-07-23,16:00:00,2012-07-23T16:00:00-04:00
897,2012-07-24,16:00:00,2012-07-24T16:00:00-04:00
898,2012-07-25,16:00:00,2012-07-25T16:00:00-04:00
899,2012-07-26,16:00:00,2012-07-26T16:00:00-04:00
900,2012-07-27,16:00:00,2012-07-27T16:00:00-04:00
901,2012-07-30,16:00:00,2012-07-30T16:00:00-04:00
902,2012-07-31,16:00:00,2012-07-31T16:00:00-04:00
903,2012-08-01,16:00:00,2012-08-01T16:00:00-04:00
904,2012-08-02,16:00:00,2012-08-02T16:00:00-04:00
905,2012-08-03,16:00:00,2012-08-03T16:00:00-04:00
906,2012-08-06,16:00:00,2012-08-06T16:00:00-04:00
907,2012-08-07,16:00:00,2012-08-07T16:00:00-04:00
908,2012-08-08,16:00:00,2012-08-08T16:00:00-04:00
909,2012-08-09,16:00:00,2012-08-09T16:00:00-04:00
910,2012-08-10,16:00:00,2012-08-10T16:00:00-04:00
911,2012-08-13,16:00:00,2012-08-13T16:00:00-04:00
912,2012-08-14,16:00:00,2012-08-14T16:00:00-04:00
913,2012-08-15,16:00:00,2012-08-15T16:00:00-04:00
914,2012-08-16,16:00:00,2012-08-16T16:00:00-04:00
915,2012-08-17,16:00:00,2012-08-17T16:00:00-04:00
916,2012-08-20,16:00:00,2012-08-20T16:00:00-04:00
917,2012-08-21,16:00:00,2012-08-21T16:00:00-04:00
918,2012-08-22,16:00:00,2012-08-22T16:00:00-04:00
919,2012-08-23,16:00:00,2012-08-23T16:00:00-04:00
920,2012-08-24,16:00:00,2012-08-24T16:00:00-04:00
921,2012-08-27,16:00:00,2012-08-27T16:00:00-04:00
922,2012-08-28,16:00:00,2012-08-28T16:00:00-04:00
923,2012-08-29,16:00:00,2012-08-29T16:00:00-04:00
924,2012-08-30,16:00:00,2012-08-30T16:00:00-04:00
925,2012-08-31,16:00:00,2012-08-31T16:00:00-04:00
926,2012-09-04,16:00:00,2012-09-04T16:00:00-04:00
927,2012-09-05,16:00:00,2012-09-05T16:00:00-04:00
928,2012-09-06,16:00:00,2012-09-06T16:00:00-04:00
929,2012-09-07,16:00:00,2012-09-07T16:00:00-04:00
930,2012-09-10,16:00:00,2012-09-10T16:00:00-04:00
931,2012-09-11,16:00:00,2012-09-11T16:00:00-04:00
932,2012-09-12,16:00:00,2012-09-12T16:00:00-04:00
933,2012-09-13,16:00:00,2012-09-13T16:00:00-04:00
934,2012-09-14,16:00:00,2012-09-14T16:00:00-04:00
935,2012-09-17,16:00:00,2012-09-17T16:00:00-04:00
936,2012-09-18,16:00:00,2012-09-18T16:00:00-04:00
937,2012-09-19,16:00:00,2012-09-19T16:00:00-04:00
938,2012-09-20,16:00:00,2012-09-20T16:00:00-04:00
939,2012-09-21,16:00:00,2012-09-21T16:00:00-04:00
940,2012-09-24,16:00:00,2012-09-24T16:00:00-04:00
941,2012-09-25,16:00:00,2012-09-25T16:00:00-04:00
942,2012-09-26,16:00:00,2012-09-26T16:00:00-04:00
943,2012-09-27,16:00:00,2012-09-27T16:00:00-04:00
944,2012-09-28,16:00:00,2012-09-28T16:00:00-04:00
945,2012-10-01,16:00:00,2012-10-01T16:00:00-04:00
946,2012-10-02,16:00:00,2012-10-02T16:00:00-04:00
947,2012-10-03,16:00:00,2012-10-03T16:00:00-04:00
948,2012-10-04,16:00:00,2012-10-04T16:00:00-04:00
949,2012-10-05,16:00:00,2012-10-05T16:00:00-04:00
950,2012-10-08,16:00:00,2012-10-08T16:00:00-04:00
951,2012-10-09,16:00:00,2012-10-09T16:00:00-04:00
952,2012-10-10,16:00:00,2012-10-10T16:00:00-04:00
953,2012-10-11,16:00:00,2012-10-11T16:00:00-04:00
954,2012-10-12,16:00:00,2012-10-12T16:00:00-04:00
955,2012-10-15,16:00:00,2012-10-15T16:00:00-04:00
956,2012-10-16,16:00:00,2012-10-16T16:00:00-04:00
957,2012-10-17,16:00:00,2012-10-17T16:00:00-04:00
958,2012-10-18,16:00:00,2012-10-18T16:00:00-04:00
959,2012-10-19,16:00:00,2012-10-19T16:00:00-04:00
960,2012-10-22,16:00:00,2012-10-22T16:00:00-04:00
961,2012-10-23,16:00:00,2012-10-23T16:00:00-04:00
962,2012-10-24,16:00:00,2012-10-24T16:00:00-04:00
963,2012-10-25,16:00:00,2012-10-25T16:00:00-04:00
964,2012-10-26,16:00:00,2012-10-26T16:00:00-04:00
965,2012-10-31,16:00:00,2012-10-31T16:00:00-04:00
966,2012-11-01,16:00:00,2012-11-01T16:00:00-04:00
967,2012-11-02,16:00:00,2012-11-02T16:00:00-04:00
968,2012-11-05,16:00:00,2012-11-05T16:00:00-05:00
969,2012-11-06,16:00:00,2012-11-06T16:00:00-05:00
970,2012-11-07,16:00:00,2012-11-07T16:00:00-05:00
971,2012-11-08,16:00:00,2012-11-08T16:00:00-05:00
972,2012-11-09,16:00:00,2012-11-09T16:00:00-05:00
973,2012-11-12,16:00:00,2012-11-12T16:00:00-05:00
974,2012-11-13,16:00:00,2012-11-13T16:00:00-05:00
975,2012-11-14,16:00:00,2012-11-14T16:00:00-05:00
976,2012-11-15,16:00:00,2012-11-15T16:00:00-05:00
977,2012-11-16,16:00:00,2012-11-16T16:00:00-05:00
978,2012-11-19,16:00:00,2012-11-19T16:00:00-05:00
979,2012-11-20,16:00:00,2012-11-20T16:00:00-05:00
980,2012-11-21,16:00:00,2012-11-21T16:00:00-05:00
981,2012-11-23,13:00:00,2012-11-23T13:00:00-05:00
982,2012-11-26,16:00:00,2012-11-26T16:00:00-05:00
983,2012-11-27,16:00:00,2012-11-27T16:00:00-05:00
984,2012-11-28,16:00:00,2012-11-28T16:00:00-05:00
985,2012-11-29,16:00:00,2012-11-29T16:00:00-05:00
986,2012-11-30,16:00:00,2012-11-30T16:00:00-05:00
987,2012-12-03,16:00:00,2012-12-03T16:00:00-05:00
988,2012-12-04,16:00:00,2012-12-04T16:00:00-05:00
989,2012-12-05,16:00:00,2012-12-05T16:00:00-05:00
990,2012-12-06,16:00:00,2012-12-06T16:00:00-05:00
991,2012-12-07,16:00:00,2012-12-07T16:00:00-05:00
992,2012-12-10,16:00:00,2012-12-10T16:00:00-05:00
993,2012-12-11,16:00:00,2012-12-11T16:00:00-05:00
994,2012-12-12,16:00:00,2012-12-12T16:00:00-05:00
995,2012-12-13,16:00:00,2012-12-13T16:00:00-05:00
996,2012-12-14,16:00:00,2012-12-14T16:00:00-05:00
997,2012-12-17,16:00:00,2012-12-17T16:00:00-05:00
998,2012-12-18,16:00:00,2012-12-18T16:00:00-05:00
999,2012-12-19,16:00:00,2012-12-19T16:00:00-05:00
1000,2012-12-20,16:00:00,2012-12-20T16:00:00-05:00
1001,2012-12-21,16:00:00,2012-12-21T16:00:00-05:00
1002,2012-12-24,13:00:00,2012-12-24T13:00:00-05:00
1003,2012-12-26,16:00:00,2012-12-26T16:00:00-05:00
1004,2012-12-27,16:00:00,2012-12-27T16:00:00-05:00
1005,2012-12-28,16:00:00,2012-12-28T16:00:00-05:00
1006,2012-12-31,16:00:00,2012-12-31T16:00:00-05:00
1007,2013-01-02,16:00:00,2013-01-02T16:00:00-05:00
1008,2013-01-03,16:00:00,2013-01-03T16:00:00-05:00
1009,2013-01-04,16:00:00,2013-01-04T16:00:00-05:00
1010,2013-01-07,16:00:00,2013-01-07T16:00:00-05:00
1011,2013-01-08,16:00:00,2013-01-08T16:00:00-05:00
1012,2013-01-09,16:00:00,2013-01-09T16:00:00-05:00
1013,2013-01-10,16:00:00,2013-01-10T16:00:00-05:00
1014,2013-01-11,16:00:00,2013-01-11T16:00:00-05:00
1015,2013-01-14,16:00:00,2013-01-14T16:00:00-05:00
1016,2013-01-15,16:00:00,2013-01-15T16:00:00-05:00
1017,2013-01-16,16:00:00,2013-01-16T16:00:00-05:00
1018,2013-01-17,16:00:00,2013-01-17T16:00:00-05:00
1019,2013-01-18,16:00:00,2013-01-18T16:00:00-05:00
1020,2013-01-22,16:00:00,2013-01-22T16:00:00-05:00
1021,2013-01-23,16:00:00,2013-01-23T16:00:00-05:00
1022,2013-01-24,16:00:00,2013-01-24T16:00:00-05:00
1023,2013-01-25,16:00:00,2013-01-25T16:00:00-05:00
1024,2013-01-28,16:00:00,2013-01-28T16:00:00-05:00
1025,2013-01-29,16:00:00,2013-01-29T16:00:00-05:00
1026,2013-01-30,16:00:00,2013-01-30T16:00:00-05:00
1027,2013-01-31,16:00:00,2013-01-31T16:00:00-05:00
1028,2013-02-01,16:00:00,2013-02-01T16:00:00-05:00
1029,2013-02-04,16:00:00,2013-02-04T16:00:00-05:00
1030,2013-02-05,16:00:00,2013-02-05T16:00:00-05:00
1031,2013-02-06,16:00:00,2013-02-06T16:00:00-05:00
1032,2013-02-07,16:00:00,2013-02-07T16:00:00-05:00
1033,2013-02-08,16:00:00,2013-02-08T16:00:00-05:00
1034,2013-02-11,16:00:00,2013-02-11T16:00:00-05:00
1035,2013-02-12,16:00:00,2013-02-12T16:00:00-05:00
1036,2013-02-13,16:00:00,2013-02-13T16:00:00-05:00
1037,2013-02-14,16:00:00,2013-02-14T16:00:00-05:00
1038,2013-02-15,16:00:00,2013-02-15T16:00:00-05:00
1039,2013-02-19,16:00:00,2013-02-19T16:00:00-05:00
1040,2013-02-20,16:00:00,2013-02-20T16:00:00-05:00
1041,2013-02-21,16:00:00,2013-02-21T16:00:00-05:00
1042,2013-02-22,16:00:00,2013-02-22T16:00:00-05:00
1043,2013-02-25,16:00:00,2013-02-25T16:00:00-05:00
1044,2013-02-26,16:00:00,2013-02-26T16:00:00-05:00
1045,2013-02-27,16:00:00,2013-02-27T16:00:00-05:00
1046,2013-02-28,16:00:00,2013-02-28T16:00:00-05:00
1047,2013-03-01,16:00:00,2013-03-01T16:00:00-05:00
1048,2013-03-04,16:00:00,2013-03-04T16:00:00-05:00
1049,2013-03-05,16:00:00,2013-03-05T16:00:00-05:00
1050,2013-03-06,16:00:00,2013-03-06T16:00:00-05:00
1051,2013-03-07,16:00:00,2013-03-07T16:00:00-05:00
1052,2013-03-08,16:00:00,2013-03-08T16:00:00-05:00
1053,2013-03-11,16:00:00,2013-03-11T16:00:00-04:00
1054,2013-03-12,16:00:00,2013-03-12T16:00:00-04:00
1055,2013-03-13,16:00:00,2013-03-13T16:00:00-04:00
1056,2013-03-14,16:00:00,2013-03-14T16:00:00-04:00
1057,2013-03-15,16:00:00,2013-03-15T16:00:00-04:00
1058,2013-03-18,16:00:00,2013-03-18T16:00:00-04:00
1059,2013-03-19,16:00:00,2013-03-19T16:00:00-04:00
1060,2013-03-20,16:00:00,2013-03-20T16:00:00-04:00
1061,2013-03-21,16:00:00,2013-03-21T16:00:00-04:00
1062,2013-03-22,16:00:00,2013-03-22T16:00:00-04:00
1063,2013-03-25,16:00:00,2013-03-25T16:00:00-04:00
1064,2013-03-26,16:00:00,2013-03-26T16:00:00-04:00
1065,2013-03-27,16:00:00,2013-03-27T16:00:00-04:00
1066,2013-03-28,16:00:00,2013-03-28T16:00:00-04:00
1067,2013-04-01,16:00:00,2013-04-01T16:00:00-04:00
1068,2013-04-02,16:00:00,2013-04-02T16:00:00-04:00
1069,2013-04-03,16:00:00,2013-04-03T16:00:00-04:00
1070,2013-04-04,16:00:00,2013-04-04T16:00:00-04:00
1071,2013-04-05,16:00:00,2013-04-05T16:00:00-04:00
1072,2013-04-08,16:00:00,2013-04-08T16:00:00-04:00
1073,2013-04-09,16:00:00,2013-04-09T16:00:00-04:00
1074,2013-04-10,16:00:00,2013-04-10T16:00:00-04:00
1075,2013-04-11,16:00:00,2013-04-11T16:00:00-04:00
1076,2013-04-12,16:00:00,2013-04-12T16:00:00-04:00
1077,2013-04-15,16:00:00,2013-04-15T16:00:00-04:00
1078,2013-04-16,16:00:00,2013-04-16T16:00:00-04:00
1079,2013-04-17,16:00:00,2013-04-17T16:00:00-04:00
1080,2013-04-18,16:00:00,2013-04-18T16:00:00-04:00
1081,2013-04-19,16:00:00,2013-04-19T16:00:00-04:00
1082,2013-04-22,16:00:00,2013-04-22T16:00:00-04:00
1083,2013-04-23,16:00:00,2013-04-23T16:00:00-04:00
1084,2013-04-24,16:00:00,2013-04-24T16:00:00-04:00
1085,2013-04-25,16:00:00,2013-04-25T16:00:00-04:00
1086,2013-04-26,16:00:00,2013-04-26T16:00:00-04:00
1087,2013-04-29,16:00:00,2013-04-29T16:00:00-04:00
1088,2013-04-30,16:00:00,2013-04-30T16:00:00-04:00
1089,2013-05-01,16:00:00,2013-05-01T16:00:00-04:00
1090,2013-05-02,16:00:00,2013-05-02T16:00:00-04:00
1091,2013-05-03,16:00:00,2013-05-03T16:00:00-04:00
1092,2013-05-06,16:00:00,2013-05-06T16:00:00-04:00
1093,2013-05-07,16:00:00,2013-05-07T16:00:00-04:00
1094,2013-05-08,16:00:00,2013-05-08T16:00:00-04:00
1095,2013-05-09,16:00:00,2013-05-09T16:00:00-04:00
1096,2013-05-10,16:00:00,2013-05-10T16:00:00-04:00
1097,2013-05-13,16:00:00,2013-05-13T16:00:00-04:00
1098,2013-05-14,16:00:00,2013-05-14T16:00:00-04:00
1099,2013-05-15,16:00:00,2013-05-15T16:00:00-04:00
1100,2013-05-16,16:00:00,2013-05-16T16:00:00-04:00
1101,2013-05-17,16:00:00,2013-05-17T16:00:00-04:00
1102,2013-05-20,16:00:00,2013-05-20T16:00:00-04:00
1103,2013-05-21,16:00:00,2013-05-21T16:00:00-04:00
1104,2013-05-22,16:00:00,2013-05-22T16:00:00-04:00
1105,2013-05-23,16:00:00,2013-05-23T16:00:00-04:00
1106,2013-05-24,16:00:00,2013-05-24T16:00:00-04:00
1107,2013-05-28,16:00:00,2013-05-28T16:00:00-04:00
1108,2013-05-29,16:00:00,2013-05-29T16:00:00-04:00
1109,2013-05-30,16:00:00,2013-05-30T16:00:00-04:00
1110,2013-05-31,16:00:00,2013-05-31T16:00:00-04:00
1111,2013-06-03,16:00:00,2013-06-03T16:00:00-04:00
1112,2013-06-04,16:00:00,2013-06-04T16:00:00-04:00
1113,2013-06-05,16:00:00,2013-06-05T16:00:00-04:00
1114,2013-06-06,16:00:00,2013-06-06T16:00:00-04:00
1115,2013-06-07,16:00:00,2013-06-07T16:00:00-04:00
1116,2013-06-10,16:00:00,2013-06-10T16:00:00-04:00
1117,2013-06-11,16:00:00,2013-06-11T16:00:00-04:00
1118,2013-06-12,16:00:00,2013-06-12T16:00:00-04:00
1119,2013-06-13,16:00:00,2013-06-13T16:00:00-04:00
1120,2013-06-14,16:00:00,2013-06-14T16:00:00-04:00
1121,2013-06-17,16:00:00,2013-06-17T16:00:00-04:00
1122,2013-06-18,16:00:00,2013-06-18T16:00:00-04:00
1123,2013-06-19,16:00:00,2013-06-19T16:00:00-04:00
1124,2013-06-20,16:00:00,2013-06-20T16:00:00-04:00
1125,2013-06-21,16:00:00,2013-06-21T16:00:00-04:00
1126,2013-06-24,16:00:00,2013-06-24T16:00:00-04:00
1127,2013-06-25,16:00:00,2013-06-25T16:00:00-04:00
1128,2013-06-26,16:00:00,2013-06-26T16:00:00-04:00
1129,2013-06-27,16:00:00,2013-06-27T16:00:00-04:00
1130,2013-06-28,16:00:00,2013-06-28T16:00:00-04:00
1131,2013-07-01,16:00:00,2013-07-01T16:00:00-04:00
1132,2013-07-02,16:00:00,2013-07-02T16:00:00-04:00
1133,2013-07-03,13:00:00,2013-07-03T13:00:00-04:00
1134,2013-07-05,16:00:00,2013-07-05T16:00:00-04:00
1135,2013-07-08,16:00:00,2013-07-08T16:00:00-04:00
1136,2013-07-09,16:00:00,2013-07-09T16:00:00-04:00
1137,2013-07-10,16:00:00,2013-07-10T16:00:00-04:00
1138,2013-07-11,16:00:00,2013-07-11T16:00:00-04:00
1139,2013-07-12,16:00:00,2013-07-12T16:00:00-04:00
1140,2013-07-15,16:00:00,2013-07-15T16:00:00-04:00
1141,2013-07-16,16:00:00,2013-07-16T16:00:00-04:00
1142,2013-07-17,16:00:00,2013-07-17T16:00:00-04:00
1143,2013-07-18,16:00:00,2013-07-18T16:00:00-04:00
1144,2013-07-19,16:00:00,2013-07-19T16:00:00-04:00
1145,2013-07-22,16:00:00,2013-07-22T16:00:00-04:00
1146,2013-07-23,16:00:00,2013-07-23T16:00:00-04:00
1147,2013-07-24,16:00:00,2013-07-24T16:00:00-04:00
1148,2013-07-25,16:00:00,2013-07-25T16:00:00-04:00
1149,2013-07-26,16:00:00,2013-07-26T16:00:00-04:00
1150,2013-07-29,16:00:00,2013-07-29T16:00:00-04:00
1151,2013-07-30,16:00:00,2013-07-30T16:00:00-04:00
1152,2013-07-31,16:00:00,2013-07-31T16:00:00-04:00
1153,2013-08-01,16:00:00,2013-08-01T16:00:00-04:00
1154,2013-08-02,16:00:00,2013-08-02T16:00:00-04:00
1155,2013-08-05,16:00:00,2013-08-05T16:00:00-04:00
1156,2013-08-06,16:00:00,2013-08-06T16:00:00-04:00
1157,2013-08-07,16:00:00,2013-08-07T16:00:00-04:00
1158,2013-08-08,16:00:00,2013-08-08T16:00:00-04:00
1159,2013-08-09,16:00:00,2013-08-09T16:00:00-04:00
1160,2013-08-12,16:00:00,2013-08-12T16:00:00-04:00
1161,2013-08-13,16:00:00,2013-08-13T16:00:00-04:00
1162,2013-08-14,16:00:00,2013-08-14T16:00:00-04:00
1163,2013-08-15,16:00:00,2013-08-15T16:00:00-04:00
1164,2013-08-16,16:00:00,2013-08-16T16:00:00-04:00
1165,2013-08-19,16:00:00,2013-08-19T16:00:00-04:00
1166,2013-08-20,16:00:00,2013-08-20T16:00:00-04:00
1167,2013-08-21,16:00:00,2013-08-21T16:00:00-04:00
1168,2013-08-22,16:00:00,2013-08-22T16:00:00-04:00
1169,2013-08-23,16:00:00,2013-08-23T16:00:00-04:00
1170,2013-08-26,16:00:00,2013-08-26T16:00:00-04:00
1171,2013-08-27,16:00:00,2013-08-27T16:00:00-04:00
1172,2013-08-28,16:00:00,2013-08-28T16:00:00-04:00
1173,2013-08-29,16:00:00,2013-08-29T16:00:00-04:00
1174,2013-08-30,16:00:00,2013-08-30T16:00:00-04:00
1175,2013-09-03,16:00:00,2013-09-03T16:00:00-04:00
1176,2013-09-04,16:00:00,2013-09-04T16:00:00-04:00
1177,2013-09-05,16:00:00,2013-09-05T16:00:00-04:00
1178,2013-09-06,16:00:00,2013-09-06T16:00:00-04:00
1179,2013-09-09,16:00:00,2013-09-09T16:00:00-04:00
1180,2013-09-10,16:00:00,2013-09-10T16:00:00-04:00
1181,2013-09-11,16:00:00,2013-09-11T16:00:00-04:00
1182,2013-09-12,16:00:00,2013-09-12T16:00:00-04:00
1183,2013-09-13,16:00:00,2013-09-13T16:00:00-04:00
1184,2013-09-16,16:00:00,2013-09-16T16:00:00-04:00
1185,2013-09-17,16:00:00,2013-09-17T16:00:00-04:00
1186,2013-09-18,16:00:00,2013-09-18T16:00:00-04:00
1187,2013-09-19,16:00:00,2013-09-19T16:00:00-04:00
1188,2013-09-20,16:00:00,2013-09-20T16:00:00-04:00
1189,2013-09-23,16:00:00,2013-09-23T16:00:00-04:00
1190,2013-09-24,16:00:00,2013-09-24T16:00:00-04:00
1191,2013-09-25,16:00:00,2013-09-25T16:00:00-04:00
1192,2013-09-26,16:00:00,2013-09-26T16:00:00-04:00
1193,2013-09-27,16:00:00,2013-09-27T16:00:00-04:00
1194,2013-09-30,16:00:00,2013-09-30T16:00:00-04:00
1195,2013-10-01,16:00:00,2013-10-01T16:00:00-04:00
1196,2013-10-02,16:00:00,2013-10-02T16:00:00-04:00
1197,2013-10-03,16:00:00,2013-10-03T16:00:00-04:00
1198,2013-10-04,16:00:00,2013-10-04T16:00:00-04:00
1199,2013-10-07,16:00:00,2013-10-07T16:00:00-04:00
1200,2013-10-08,16:00:00,2013-10-08T16:00:00-04:00
1201,2013-10-09,16:00:00,2013-10-09T16:00:00-04:00
1202,2013-10-10,16:00:00,2013-10-10T16:00:00-04:00
1203,2013-10-11,16:00:00,2013-10-11T16:00:00-04:00
1204,2013-10-14,16:00:00,2013-10-14T16:00:00-04:00
1205,2013-10-15,16:00:00,2013-10-15T16:00:00-04:00
1206,2013-10-16,16:00:00,2013-10-16T16:00:00-04:00
1207,2013-10-17,16:00:00,2013-10-17T16:00:00-04:00
1208,2013-10-18,16:00:00,2013-10-18T16:00:00-04:00
1209,2013-10-21,16:00:00,2013-10-21T16:00:00-04:00
1210,2013-10-22,16:00:00,2013-10-22T16:00:00-04:00
1211,2013-10-23,16:00:00,2013-10-23T16:00:00-04:00
1212,2013-10-24,16:00:00,2013-10-24T16:00:00-04:00
1213,2013-10-25,16:00:00,2013-10-25T16:00:00-04:00
1214,2013-10-28,16:00:00,2013-10-28T16:00:00-04:00
1215,2013-10-29,16:00:00,2013-10-29T16:00:00-04:00
1216,2013-10-30,16:00:00,2013-10-30T16:00:00-04:00
1217,2013-10-31,16:00:00,2013-10-31T16:00:00-04:00
1218,2013-11-01,16:00:00,2013-11-01T16:00:00-04:00
1219,2013-11-04,16:00:00,2013-11-04T16:00:00-05:00
1220,2013-11-05,16:00:00,2013-11-05T16:00:00-05:00
1221,2013-11-06,16:00:00,2013-11-06T16:00:00-05:00
1222,2013-11-07,16:00:00,2013-11-07T16:00:00-05:00
1223,2013-11-08,16:00:00,2013-11-08T16:00:00-05:00
1224,2013-11-11,16:00:00,2013-11-11T16:00:00-05:00
1225,2013-11-12,16:00:00,2013-11-12T16:00:00-05:00
1226,2013-11-13,16:00:00,2013-11-13T16:00:00-05:00
1227,2013-11-14,16:00:00,2013-11-14T16:00:00-05:00
1228,2013-11-15,16:00:00,2013-11-15T16:00:00-05:00
1229,2013-11-18,16:00:00,2013-11-18T16:00:00-05:00
1230,2013-11-19,16:00:00,2013-11-19T16:00:00-05:00
1231,2013-11-20,16:00:00,2013-11-20T16:00:00-05:00
1232,2013-11-21,16:00:00,2013-11-21T16:00:00-05:00
1233,2013-11-22,16:00:00,2013-11-22T16:00:00-05:00
1234,2013-11-25,16:00:00,2013-11-25T16:00:00-05:00
1235,2013-11-26,16:00:00,2013-11-26T16:00:00-05:00
1236,2013-11-27,16:00:00,2013-11-27T16:00:00-05:00
1237,2013-11-29,13:00:00,2013-11-29T13:00:00-05:00
1238,2013-12-02,16:00:00,2013-12-02T16:00:00-05:00
1239,2013-12-03,16:00:00,2013-12-03T16:00:00-05:00
1240,2013-12-04,16:00:00,2013-12-04T16:00:00-05:00
1241,2013-12-05,16:00:00,2013-12-05T16:00:00-05:00
1242,2013-12-06,16:00:00,2013-12-06T16:00:00-05:00
1243,2013-12-09,16:00:00,2013-12-09T16:00:00-05:00
1244,2013-12-10,16:00:00,2013-12-10T16:00:00-05:00
1245,2013-12-11,16:00:00,2013-12-11T16:00:00-05:00
1246,2013-12-12,16:00:00,2013-12-12T16:00:00-05:00
1247,2013-12-13,16:00:00,2013-12-13T16:00:00-05:00
1248,2013-12-16,16:00:00,2013-12-16T16:00:00-05:00
1249,2013-12-17,16:00:00,2013-12-17T16:00:00-05:00
1250,2013-12-18,16:00:00,2013-12-18T16:00:00-05:00
1251,2013-12-19,16:00:00,2013-12-19T16:00:00-05:00
1252,2013-12-20,16:00:00,2013-12-20T16:00:00-05:00
1253,2013-12-23,16:00:00,2013-12-23T16:00:00-05:00
1254,2013-12-24,13:00:00,2013-12-24T13:00:00-05:00
1255,2013-12-26,16:00:00,2013-12-26T16:00:00-05:00
1256,2013-12-27,16:00:00,2013-12-27T16:00:00-05:00
1257,2013-12-30,16:00:00,2013-12-30T16:00:00-05:00
1258,2013-12-31,16:00:00,2013-12-31T16:00:00-05:00
1259,2014-01-02,16:00:00,2014-01-02T16:00:00-05:00
1260,2014-01-03,16:00:00,2014-01-03T16:00:00-05:00
1261,2014-01-06,16:00:00,2014-01-06T16:00:00-05:00
1262,2014-01-07,16:00:00,2014-01-07T16:00:00-05:00
1263,2014-01-08,16:00:00,2014-01-08T16:00:00-05:00
1264,2014-01-09,16:00:00,2014-01-09T16:00:00-05:00
1265,2014-01-10,16:00:00,2014-01-10T16:00:00-05:00
1266,2014-01-13,16:00:00,2014-01-13T16:00:00-05:00
1267,2014-01-14,16:00:00,2014-01-14T16:00:00-05:00
1268,2014-01-15,16:00:00,2014-01-15T16:00:00-05:00
1269,2014-01-16,16:00:00,2014-01-16T16:00:00-05:00
1270,2014-01-17,16:00:00,2014-01-17T16:00:00-05:00
1271,2014-01-21,16:00:00,2014-01-21T16:00:00-05:00
1272,2014-01-22,16:00:00,2014-01-22T16:00:00-05:00
1273,2014-01-23,16:00:00,2014-01-23T16:00:00-05:00
1274,2014-01-24,16:00:00,2014-01-24T16:00:00-05:00
1275,2014-01-27,16:00:00,2014-01-27T16:00:00-05:00
1276,2014-01-28,16:00:00,2014-01-28T16:00:00-05:00
1277,2014-01-29,16:00:00,2014-01-29T16:00:00-05:00
1278,2014-01-30,16:00:00,2014-01-30T16:00:00-05:00
1279,2014-01-31,16:00:00,2014-01-31T16:00:00-05:00
1280,2014-02-03,16:00:00,2014-02-03T16:00:00-05:00
1281,2014-02-04,16:00:00,2014-02-04T16:00:00-05:00
1282,2014-02-05,16:00:00,2014-02-05T16:00:00-05:00
1283,2014-02-06,16:00:00,2014-02-06T16:00:00-05:00
1284,2014-02-07,16:00:00,2014-02-07T16:00:00-05:00
1285,2014-02-10,16:00:00,2014-02-10T16:00:00-05:00
1286,2014-02-11,16:00:00,2014-02-11T16:00:00-05:00
1287,2014-02-12,16:00:00,2014-02-12T16:00:00-05:00
1288,2014-02-13,16:00:00,2014-02-13T16:00:00-05:00
1289,2014-02-14,16:00:00,2014-02-14T16:00:00-05:00
1290,2014-02-18,16:00:00,2014-02-18T16:00:00-05:00
1291,2014-02-19,16:00:00,2014-02-19T16:00:00-05:00
1292,2014-02-20,16:00:00,2014-02-20T16:00:00-05:00
1293,2014-02-21,16:00:00,2014-02-21T16:00:00-05:00
1294,2014-02-24,16:00:00,2014-02-24T16:00:00-05:00
1295,2014-02-25,16:00:00,2014-02-25T16:00:00-05:00
1296,2014-02-26,16:00:00,2014-02-26T16:00:00-05:00
1297,2014-02-27,16:00:00,2014-02-27T16:00:00-05:00
1298,2014-02-28,16:00:00,2014-02-28T16:00:00-05:00
1299,2014-03-03,16:00:00,2014-03-03T16:00:00-05:00
1300,2014-03-04,16:00:00,2014-03-04T16:00:00-05:00
1301,2014-03-05,16:00:00,2014-03-05T16:00:00-05:00
1302,2014-03-06,16:00:00,2014-03-06T16:00:00-05:00
1303,2014-03-07,16:00:00,2014-03-07T16:00:00-05:00
1304,2014-03-10,16:00:00,2014-03-10T16:00:00-04:00
1305,2014-03-11,16:00:00,2014-03-11T16:00:00-04:00
1306,2014-03-12,16:00:00,2014-03-12T16:00:00-04:00
1307,2014-03-13,16:00:00,2014-03-13T16:00:00-04:00
1308,2014-03-14,16:00:00,2014-03-14T16:00:00-04:00
1309,2014-03-17,16:00:00,2014-03-17T16:00:00-04:00
1310,2014-03-18,16:00:00,2014-03-18T16:00:00-04:00
1311,2014-03-19,16:00:00,2014-03-19T16:00:00-04:00
1312,2014-03-20,16:00:00,2014-03-20T16:00:00-04:00
1313,2014-03-21,16:00:00,2014-03-21T16:00:00-04:00
1314,2014-03-24,16:00:00,2014-03-24T16:00:00-04:00
1315,2014-03-25,16:00:00,2014-03-25T16:00:00-04:00
1316,2014-03-26,16:00:00,2014-03-26T16:00:00-04:00
1317,2014-03-27,16:00:00,2014-03-27T16:00:00-04:00
1318,2014-03-28,16:00:00,2014-03-28T16:00:00-04:00
1319,2014-03-31,16:00:00,2014-03-31T16:00:00-04:00
1320,2014-04-01,16:00:00,2014-04-01T16:00:00-04:00
1321,2014-04-02,16:00:00,2014-04-02T16:00:00-04:00
1322,2014-04-03,16:00:00,2014-04-03T16:00:00-04:00
1323,2014-04-04,16:00:00,2014-04-04T16:00:00-04:00
1324,2014-04-07,16:00:00,2014-04-07T16:00:00-04:00
1325,2014-04-08,16:00:00,2014-04-08T16:00:00-04:00
1326,2014-04-09,16:00:00,2014-04-09T16:00:00-04:00
1327,2014-04-10,16:00:00,2014-04-10T16:00:00-04:00
1328,2014-04-11,16:00:00,2014-04-11T16:00:00-04:00
1329,2014-04-14,16:00:00,2014-04-14T16:00:00-04:00
1330,2014-04-15,16:00:00,2014-04-15T16:00:00-04:00
1331,2014-04-16,16:00:00,2014-04-16T16:00:00-04:00
1332,2014-04-17,16:00:00,2014-04-17T16:00:00-04:00
1333,2014-04-21,16:00:00,2014-04-21T16:00:00-04:00
1334,2014-04-22,16:00:00,2014-04-22T16:00:00-04:00
1335,2014-04-23,16:00:00,2014-04-23T16:00:00-04:00
1336,2014-04-24,16:00:00,2014-04-24T16:00:00-04:00
1337,2014-04-25,16:00:00,2014-04-25T16:00:00-04:00
1338,2014-04-28,16:00:00,2014-04-28T16:00:00-04:00
1339,2014-04-29,16:00:00,2014-04-29T16:00:00-04:00
1340,2014-04-30,16:00:00,2014-04-30T16:00:00-04:00
1341,2014-05-01,16:00:00,2014-05-01T16:00:00-04:00
1342,2014-05-02,16:00:00,2014-05-02T16:00:00-04:00
1343,2014-05-05,16:00:00,2014-05-05T16:00:00-04:00
1344,2014-05-06,16:00:00,2014-05-06T16:00:00-04:00
1345,2014-05-07,16:00:00,2014-05-07T16:00:00-04:00
1346,2014-05-08,16:00:00,2014-05-08T16:00:00-04:00
1347,2014-05-09,16:00:00,2014-05-09T16:00:00-04:00
1348,2014-05-12,16:00:00,2014-05-12T16:00:00-04:00
1349,2014-05-13,16:00:00,2014-05-13T16:00:00-04:00
1350,2014-05-14,16:00:00,2014-05-14T16:00:00-04:00
1351,2014-05-15,16:00:00,2014-05-15T16:00:00-04:00
1352,2014-05-16,16:00:00,2014-05-16T16:00:00-04:00
1353,2014-05-19,16:00:00,2014-05-19T16:00:00-04:00
1354,2014-05-20,16:00:00,2014-05-20T16:00:00-04:00
1355,2014-05-21,16:00:00,2014-05-21T16:00:00-04:00
1356,2014-05-22,16:00:00,2014-05-22T16:00:00-04:00
1357,2014-05-23,16:00:00,2014-05-23T16:00:00-04:00
1358,2014-05-27,16:00:00,2014-05-27T16:00:00-04:00
1359,2014-05-28,16:00:00,2014-05-28T16:00:00-04:00
1360,2014-05-29,16:00:00,2014-05-29T16:00:00-04:00
1361,2014-05-30,16:00:00,2014-05-30T16:00:00-04:00
1362,2014-06-02,16:00:00,2014-06-02T16:00:00-04:00
1363,2014-06-03,16:00:00,2014-06-03T16:00:00-04:00
1364,2014-06-04,16:00:00,2014-06-04T16:00:00-04:00
1365,2014-06-05,16:00:00,2014-06-05T16:00:00-04:00
1366,2014-06-06,16:00:00,2014-06-06T16:00:00-04:00
1367,2014-06-09,16:00:00,2014-06-09T16:00:00-04:00
1368,2014-06-10,16:00:00,2014-06-10T16:00:00-04:00
1369,2014-06-11,16:00:00,2014-06-11T16:00:00-04:00
1370,2014-06-12,16:00:00,2014-06-12T16:00:00-04:00
1371,2014-06-13,16:00:00,2014-06-13T16:00:00-04:00
1372,2014-06-16,16:00:00,2014-06-16T16:00:00-04:00
1373,2014-06-17,16:00:00,2014-06-17T16:00:00-04:00
1374,2014-06-18,16:00:00,2014-06-18T16:00:00-04:00
1375,2014-06-19,16:00:00,2014-06-19T16:00:00-04:00
1376,2014-06-20,16:00:00,2014-06-20T16:00:00-04:00
1377,2014-06-23,16:00:00,2014-06-23T16:00:00-04:00
1378,2014-06-24,16:00:00,2014-06-24T16:00:00-04:00
1379,2014-06-25,16:00:00,2014-06-25T16:00:00-04:00
1380,2014-06-26,16:00:00,2014-06-26T16:00:00-04:00
1381,2014-06-27,16:00:00,2014-06-27T16:00:00-04:00
1382,2014-06-30,16:00:00,2014-06-30T16:00:00-04:00
1383,2014-07-01,16:00:00,2014-07-01T16:00:00-04:00
1384,2014-07-02,16:00:00,2014-07-02T16:00:00-04:00
1385,2014-07-03,13:00:00,2014-07-03T13:00:00-04:00
1386,2014-07-07,16:00:00,2014-07-07T16:00:00-04:00
1387,2014-07-08,16:00:00,2014-07-08T16:00:00-04:00
1388,2014-07-09,16:00:00,2014-07-09T16:00:00-04:00
1389,2014-07-10,16:00:00,2014-07-10T16:00:00-04:00
1390,2014-07-11,16:00:00,2014-07-11T16:00:00-04:00
1391,2014-07-14,16:00:00,2014-07-14T16:00:00-04:00
1392,2014-07-15,16:00:00,2014-07-15T16:00:00-04:00
1393,2014-07-16,16:00:00,2014-07-16T16:00:00-04:00
1394,2014-07-17,16:00:00,2014-07-17T16:00:00-04:00
1395,2014-07-18,16:00:00,2014-07-18T16:00:00-04:00
1396,2014-07-21,16:00:00,2014-07-21T16:00:00-04:00
1397,2014-07-22,16:00:00,2014-07-22T16:00:00-04:00
1398,2014-07-23,16:00:00,2014-07-23T16:00:00-04:00
1399,2014-07-24,16:00:00,2014-07-24T16:00:00-04:00
1400,2014-07-25,16:00:00,2014-07-25T16:00:00-04:00
1401,2014-07-28,16:00:00,2014-07-28T16:00:00-04:00
1402,2014-07-29,16:00:00,2014-07-29T16:00:00-04:00
1403,2014-07-30,16:00:00,2014-07-30T16:00:00-04:00
1404,2014-07-31,16:00:00,2014-07-31T16:00:00-04:00
1405,2014-08-01,16:00:00,2014-08-01T16:00:00-04:00
1406,2014-08-04,16:00:00,2014-08-04T16:00:00-04:00
1407,2014-08-05,16:00:00,2014-08-05T16:00:00-04:00
1408,2014-08-06,16:00:00,2014-08-06T16:00:00-04:00
1409,2014-08-07,16:00:00,2014-08-07T16:00:00-04:00
1410,2014-08-08,16:00:00,2014-08-08T16:00:00-04:00
1411,2014-08-11,16:00:00,2014-08-11T16:00:00-04:00
1412,2014-08-12,16:00:00,2014-08-12T16:00:00-04:00
1413,2014-08-13,16:00:00,2014-08-13T16:00:00-04:00
1414,2014-08-14,16:00:00,2014-08-14T16:00:00-04:00
1415,2014-08-15,16:00:00,2014-08-15T16:00:00-04:00
1416,2014-08-18,16:00:00,2014-08-18T16:00:00-04:00
1417,2014-08-19,16:00:00,2014-08-19T16:00:00-04:00
1418,2014-08-20,16:00:00,2014-08-20T16:00:00-04:00
1419,2014-08-21,16:00:00,2014-08-21T16:00:00-04:00
1420,2014-08-22,16:00:00,2014-08-22T16:00:00-04:00
1421,2014-08-25,16:00:00,2014-08-25T16:00:00-04:00
1422,2014-08-26,16:00:00,2014-08-26T16:00:00-04:00
1423,2014-08-27,16:00:00,2014-08-27T16:00:00-04:00
1424,2014-08-28,16:00:00,2014-08-28T16:00:00-04:00
1425,2014-08-29,16:00:00,2014-08-29T16:00:00-04:00
1426,2014-09-02,16:00:00,2014-09-02T16:00:00-04:00
1427,2014-09-03,16:00:00,2014-09-03T16:00:00-04:00
1428,2014-09-04,16:00:00,2014-09-04T16:00:00-04:00
1429,2014-09-05,16:00:00,2014-09-05T16:00:00-04:00
1430,2014-09-08,16:00:00,2014-09-08T16:00:00-04:00
1431,2014-09-09,16:00:00,2014-09-09T16:00:00-04:00
1432,2014-09-10,16:00:00,2014-09-10T16:00:00-04:00
1433,2014-09-11,16:00:00,2014-09-11T16:00:00-04:00
1434,2014-09-12,16:00:00,2014-09-12T16:00:00-04:00
1435,2014-09-15,16:00:00,2014-09-15T16:00:00-04:00
1436,2014-09-16,16:00:00,2014-09-16T16:00:00-04:00
1437,2014-09-17,16:00:00,2014-09-17T16:00:00-04:00
1438,2014-09-18,16:00:00,2014-09-18T16:00:00-04:00
1439,2014-09-19,16:00:00,2014-09-19T16:00:00-04:00
1440,2014-09-22,16:00:00,2014-09-22T16:00:00-04:00
1441,2014-09-23,16:00:00,2014-09-23T16:00:00-04:00
1442,2014-09-24,16:00:00,2014-09-24T16:00:00-04:00
1443,2014-09-25,16:00:00,2014-09-25T16:00:00-04:00
1444,2014-09-26,16:00:00,2014-09-26T16:00:00-04:00
1445,2014-09-29,16:00:00,2014-09-29T16:00:00-04:00
1446,2014-09-30,16:00:00,2014-09-30T16:00:00-04:00
1447,2014-10-01,16:00:00,2014-10-01T16:00:00-04:00
1448,2014-10-02,16:00:00,2014-10-02T16:00:00-04:00
1449,2014-10-03,16:00:00,2014-10-03T16:00:00-04:00
1450,2014-10-06,16:00:00,2014-10-06T16:00:00-04:00
1451,2014-10-07,16:00:00,2014-10-07T16:00:00-04:00
1452,2014-10-08,16:00:00,2014-10-08T16:00:00-04:00
1453,2014-10-09,16:00:00,2014-10-09T16:00:00-04:00
1454,2014-10-10,16:00:00,2014-10-10T16:00:00-04:00
1455,2014-10-13,16:00:00,2014-10-13T16:00:00-04:00
1456,2014-10-14,16:00:00,2014-10-14T16:00:00-04:00
1457,2014-10-15,16:00:00,2014-10-15T16:00:00-04:00
1458,2014-10-16,16:00:00,2014-10-16T16:00:00-04:00
1459,2014-10-17,16:00:00,2014-10-17T16:00:00-04:00
1460,2014-10-20,16:00:00,2014-10-20T16:00:00-04:00
1461,2014-10-21,16:00:00,2014-10-21T16:00:00-04:00
1462,2014-10-22,16:00:00,2014-10-22T16:00:00-04:00
1463,2014-10-23,16:00:00,2014-10-23T16:00:00-04:00
1464,2014-10-24,16:00:00,2014-10-24T16:00:00-04:00
1465,2014-10-27,16:00:00,2014-10-27T16:00:00-04:00
1466,2014-10-28,16:00:00,2014-10-28T16:00:00-04:00
1467,2014-10-29,16:00:00,2014-10-29T16:00:00-04:00
1468,2014-10-30,16:00:00,2014-10-30T16:00:00-04:00
1469,2014-10-31,16:00:00,2014-10-31T16:00:00-04:00
1470,2014-11-03,16:00:00,2014-11-03T16:00:00-05:00
1471,2014-11-04,16:00:00,2014-11-04T16:00:00-05:00
1472,2014-11-05,16:00:00,2014-11-05T16:00:00-05:00
1473,2014-11-06,16:00:00,2014-11-06T16:00:00-05:00
1474,2014-11-07,16:00:00,2014-11-07T16:00:00-05:00
1475,2014-11-10,16:00:00,2014-11-10T16:00:00-05:00
1476,2014-11-11,16:00:00,2014-11-11T16:00:00-05:00
1477,2014-11-12,16:00:00,2014-11-12T16:00:00-05:00
1478,2014-11-13,16:00:00,2014-11-13T16:00:00-05:00
1479,2014-11-14,16:00:00,2014-11-14T16:00:00-05:00
1480,2014-11-17,16:00:00,2014-11-17T16:00:00-05:00
1481,2014-11-18,16:00:00,2014-11-18T16:00:00-05:00
1482,2014-11-19,16:00:00,2014-11-19T16:00:00-05:00
1483,2014-11-20,16:00:00,2014-11-20T16:00:00-05:00
1484,2014-11-21,16:00:00,2014-11-21T16:00:00-05:00
1485,2014-11-24,16:00:00,2014-11-24T16:00:00-05:00
1486,2014-11-25,16:00:00,2014-11-25T16:00:00-05:00
1487,2014-11-26,16:00:00,2014-11-26T16:00:00-05:00
1488,2014-11-28,13:00:00,2014-11-28T13:00:00-05:00
1489,2014-12-01,16:00:00,2014-12-01T16:00:00-05:00
1490,2014-12-02,16:00:00,2014-12-02T16:00:00-05:00
1491,2014-12-03,16:00:00,2014-12-03T16:00:00-05:00
1492,2014-12-04,16:00:00,2014-12-04T16:00:00-05:00
1493,2014-12-05,16:00:00,2014-12-05T16:00:00-05:00
1494,2014-12-08,16:00:00,2014-12-08T16:00:00-05:00
1495,2014-12-09,16:00:00,2014-12-09T16:00:00-05:00
1496,2014-12-10,16:00:00,2014-12-10T16:00:00-05:00
1497,2014-12-11,16:00:00,2014-12-11T16:00:00-05:00
1498,2014-12-12,16:00:00,2014-12-12T16:00:00-05:00
1499,2014-12-15,16:00:00,2014-12-15T16:00:00-05:00
1500,2014-12-16,16:00:00,2014-12-16T16:00:00-05:00
1501,2014-12-17,16:00:00,2014-12-17T16:00:00-05:00
1502,2014-12-18,16:00:00,2014-12-18T16:00:00-05:00
1503,2014-12-19,16:00:00,2014-12-19T16:00:00-05:00
1504,2014-12-22,16:00:00,2014-12-22T16:00:00-05:00
1505,2014-12-23,16:00:00,2014-12-23T16:00:00-05:00
1506,2014-12-24,13:00:00,2014-12-24T13:00:00-05:00
1507,2014-12-26,16:00:00,2014-12-26T16:00:00-05:00
1508,2014-12-29,16:00:00,2014-12-29T16:00:00-05:00
1509,2014-12-30,16:00:00,2014-12-30T16:00:00-05:00
1510,2014-12-31,16:00:00,2014-12-31T16:00:00-05:00
1511,2015-01-02,16:00:00,2015-01-02T16:00:00-05:00
1512,2015-01-05,16:00:00,2015-01-05T16:00:00-05:00
1513,2015-01-06,16:00:00,2015-01-06T16:00:00-05:00
1514,2015-01-07,16:00:00,2015-01-07T16:00:00-05:00
1515,2015-01-08,16:00:00,2015-01-08T16:00:00-05:00
1516,2015-01-09,16:00:00,2015-01-09T16:00:00-05:00
1517,2015-01-12,16:00:00,2015-01-12T16:00:00-05:00
1518,2015-01-13,16:00:00,2015-01-13T16:00:00-05:00
1519,2015-01-14,16:00:00,2015-01-14T16:00:00-05:00
1520,2015-01-15,16:00:00,2015-01-15T16:00:00-05:00
1521,2015-01-16,16:00:00,2015-01-16T16:00:00-05:00
1522,2015-01-20,16:00:00,2015-01-20T16:00:00-05:00
1523,2015-01-21,16:00:00,2015-01-21T16:00:00-05:00
1524,2015-01-22,16:00:00,2015-01-22T16:00:00-05:00
1525,2015-01-23,16:00:00,2015-01-23T16:00:00-05:00
1526,2015-01-26,16:00:00,2015-01-26T16:00:00-05:00
1527,2015-01-27,16:00:00,2015-01-27T16:00:00-05:00
1528,2015-01-28,16:00:00,2015-01-28T16:00:00-05:00
1529,2015-01-29,16:00:00,2015-01-29T16:00:00-05:00
1530,2015-01-30,16:00:00,2015-01-30T16:00:00-05:00
1531,2015-02-02,16:00:00,2015-02-02T16:00:00-05:00
1532,2015-02-03,16:00:00,2015-02-03T16:00:00-05:00
1533,2015-02-04,16:00:00,2015-02-04T16:00:00-05:00
1534,2015-02-05,16:00:00,2015-02-05T16:00:00-05:00
1535,2015-02-06,16:00:00,2015-02-06T16:00:00-05:00
1536,2015-02-09,16:00:00,2015-02-09T16:00:00-05:00
1537,2015-02-10,16:00:00,2015-02-10T16:00:00-05:00
1538,2015-02-11,16:00:00,2015-02-11T16:00:00-05:00
1539,2015-02-12,16:00:00,2015-02-12T16:00:00-05:00
1540,2015-02-13,16:00:00,2015-02-13T16:00:00-05:00
1541,2015-02-17,16:00:00,2015-02-17T16:00:00-05:00
1542,2015-02-18,16:00:00,2015-02-18T16:00:00-05:00
1543,2015-02-19,16:00:00,2015-02-19T16:00:00-05:00
1544,2015-02-20,16:00:00,2015-02-20T16:00:00-05:00
1545,2015-02-23,16:00:00,2015-02-23T16:00:00-05:00
1546,2015-02-24,16:00:00,2015-02-24T16:00:00-05:00
1547,2015-02-25,16:00:00,2015-02-25T16:00:00-05:00
1548,2015-02-26,16:00:00,2015-02-26T16:00:00-05:00
1549,2015-02-27,16:00:00,2015-02-27T16:00:00-05:00
1550,2015-03-02,16:00:00,2015-03-02T16:00:00-05:00
1551,2015-03-03,16:00:00,2015-03-03T16:00:00-05:00
1552,2015-03-04,16:00:00,2015-03-04T16:00:00-05:00
1553,2015-03-05,16:00:00,2015-03-05T16:00:00-05:00
1554,2015-03-06,16:00:00,2015-03-06T16:00:00-05:00
1555,2015-03-09,16:00:00,2015-03-09T16:00:00-04:00
1556,2015-03-10,16:00:00,2015-03-10T16:00:00-04:00
1557,2015-03-11,16:00:00,2015-03-11T16:00:00-04:00
1558,2015-03-12,16:00:00,2015-03-12T16:00:00-04:00
1559,2015-03-13,16:00:00,2015-03-13T16:00:00-04:00
1560,2015-03-16,16:00:00,2015-03-16T16:00:00-04:00
1561,2015-03-17,16:00:00,2015-03-17T16:00:00-04:00
1562,2015-03-18,16:00:00,2015-03-18T16:00:00-04:00
1563,2015-03-19,16:00:00,2015-03-19T16:00:00-04:00
1564,2015-03-20,16:00:00,2015-03-20T16:00:00-04:00
1565,2015-03-23,16:00:00,2015-03-23T16:00:00-04:00
1566,2015-03-24,16:00:00,2015-03-24T16:00:00-04:00
1567,2015-03-25,16:00:00,2015-03-25T16:00:00-04:00
1568,2015-03-26,16:00:00,2015-03-26T16:00:00-04:00
1569,2015-03-27,16:00:00,2015-03-27T16:00:00-04:00
1570,2015-03-30,16:00:00,2015-03-30T16:00:00-04:00
1571,2015-03-31,16:00:00,2015-03-31T16:00:00-04:00
1572,2015-04-01,16:00:00,2015-04-01T16:00:00-04:00
1573,2015-04-02,16:00:00,2015-04-02T16:00:00-04:00
1574,2015-04-06,16:00:00,2015-04-06T16:00:00-04:00
1575,2015-04-07,16:00:00,2015-04-07T16:00:00-04:00
1576,2015-04-08,16:00:00,2015-04-08T16:00:00-04:00
1577,2015-04-09,16:00:00,2015-04-09T16:00:00-04:00
1578,2015-04-10,16:00:00,2015-04-10T16:00:00-04:00
1579,2015-04-13,16:00:00,2015-04-13T16:00:00-04:00
1580,2015-04-14,16:00:00,2015-04-14T16:00:00-04:00
1581,2015-04-15,16:00:00,2015-04-15T16:00:00-04:00
1582,2015-04-16,16:00:00,2015-04-16T16:00:00-04:00
1583,2015-04-17,16:00:00,2015-04-17T16:00:00-04:00
1584,2015-04-20,16:00:00,2015-04-20T16:00:00-04:00
1585,2015-04-21,16:00:00,2015-04-21T16:00:00-04:00
1586,2015-04-22,16:00:00,2015-04-22T16:00:00-04:00
1587,2015-04-23,16:00:00,2015-04-23T16:00:00-04:00
1588,2015-04-24,16:00:00,2015-04-24T16:00:00-04:00
1589,2015-04-27,16:00:00,2015-04-27T16:00:00-04:00
1590,2015-04-28,16:00:00,2015-04-28T16:00:00-04:00
1591,2015-04-29,16:00:00,2015-04-29T16:00:00-04:00
1592,2015-04-30,16:00:00,2015-04-30T16:00:00-04:00
1593,2015-05-01,16:00:00,2015-05-01T16:00:00-04:00
1594,2015-05-04,16:00:00,2015-05-04T16:00:00-04:00
1595,2015-05-05,16:00:00,2015-05-05T16:00:00-04:00
1596,2015-05-06,16:00:00,2015-05-06T16:00:00-04:00
1597,2015-05-07,16:00:00,2015-05-07T16:00:00-04:00
1598,2015-05-08,16:00:00,2015-05-08T16:00:00-04:00
1599,2015-05-11,16:00:00,2015-05-11T16:00:00-04:00
1600,2015-05-12,16:00:00,2015-05-12T16:00:00-04:00
1601,2015-05-13,16:00:00,2015-05-13T16:00:00-04:00
1602,2015-05-14,16:00:00,2015-05-14T16:00:00-04:00
1603,2015-05-15,16:00:00,2015-05-15T16:00:00-04:00
1604,2015-05-18,16:00:00,2015-05-18T16:00:00-04:00
1605,2015-05-19,16:00:00,2015-05-19T16:00:00-04:00
1606,2015-05-20,16:00:00,2015-05-20T16:00:00-04:00
1607,2015-05-21,16:00:00,2015-05-21T16:00:00-04:00
1608,2015-05-22,16:00:00,2015-05-22T16:00:00-04:00
1609,2015-05-26,16:00:00,2015-05-26T16:00:00-04:00
1610,2015-05-27,16:00:00,2015-05-27T16:00:00-04:00
1611,2015-05-28,16:00:00,2015-05-28T16:00:00-04:00
1612,2015-05-29,16:00:00,2015-05-29T16:00:00-04:00
1613,2015-06-01,16:00:00,2015-06-01T16:00:00-04:00
1614,2015-06-02,16:00:00,2015-06-02T16:00:00-04:00
1615,2015-06-03,16:00:00,2015-06-03T16:00:00-04:00
1616,2015-06-04,16:00:00,2015-06-04T16:00:00-04:00
1617,2015-06-05,16:00:00,2015-06-05T16:00:00-04:00
1618,2015-06-08,16:00:00,2015-06-08T16:00:00-04:00
1619,2015-06-09,16:00:00,2015-06-09T16:00:00-04:00
1620,2015-06-10,16:00:00,2015-06-10T16:00:00-04:00
1621,2015-06-11,16:00:00,2015-06-11T16:00:00-04:00
1622,2015-06-12,16:00:00,2015-06-12T16:00:00-04:00
1623,2015-06-15,16:00:00,2015-06-15T16:00:00-04:00
1624,2015-06-16,16:00:00,2015-06-16T16:00:00-04:00
1625,2015-06-17,16:00:00,2015-06-17T16:00:00-04:00
1626,2015-06-18,16:00:00,2015-06-18T16:00:00-04:00
1627,2015-06-19,16:00:00,2015-06-19T16:00:00-04:00
1628,2015-06-22,16:00:00,2015-06-22T16:00:00-04:00
1629,2015-06-23,16:00:00,2015-06-23T16:00:00-04:00
1630,2015-06-24,16:00:00,2015-06-24T16:00:00-04:00
1631,2015-06-25,16:00:00,2015-06-25T16:00:00-04:00
1632,2015-06-26,16:00:00,2015-06-26T16:00:00-04:00
1633,2015-06-29,16:00:00,2015-06-29T16:00:00-04:00
1634,2015-06-30,16:00:00,2015-06-30T16:00:00-04:00
1635,2015-07-01,16:00:00,2015-07-01T16:00:00-04:00
1636,2015-07-02,16:00:00,2015-07-02T16:00:00-04:00
1637,2015-07-06,16:00:00,2015-07-06T16:00:00-04:00
1638,2015-07-07,16:00:00,2015-07-07T16:00:00-04:00
1639,2015-07-08,16:00:00,2015-07-08T16:00:00-04:00
1640,2015-07-09,16:00:00,2015-07-09T16:00:00-04:00
1641,2015-07-10,16:00:00,2015-07-10T16:00:00-04:00
1642,2015-07-13,16:00:00,2015-07-13T16:00:00-04:00
1643,2015-07-14,16:00:00,2015-07-14T16:00:00-04:00
1644,2015-07-15,16:00:00,2015-07-15T16:00:00-04:00
1645,2015-07-16,16:00:00,2015-07-16T16:00:00-04:00
1646,2015-07-17,16:00:00,2015-07-17T16:00:00-04:00
1647,2015-07-20,16:00:00,2015-07-20T16:00:00-04:00
1648,2015-07-21,16:00:00,2015-07-21T16:00:00-04:00
1649,2015-07-22,16:00:00,2015-07-22T16:00:00-04:00
1650,2015-07-23,16:00:00,2015-07-23T16:00:00-04:00
1651,2015-07-24,16:00:00,2015-07-24T16:00:00-04:00
1652,2015-07-27,16:00:00,2015-07-27T16:00:00-04:00
1653,2015-07-28,16:00:00,2015-07-28T16:00:00-04:00
1654,2015-07-29,16:00:00,2015-07-29T16:00:00-04:00
1655,2015-07-30,16:00:00,2015-07-30T16:00:00-04:00
1656,2015-07-31,16:00:00,2015-07-31T16:00:00-04:00
1657,2015-08-03,16:00:00,2015-08-03T16:00:00-04:00
1658,2015-08-04,16:00:00,2015-08-04T16:00:00-04:00
1659,2015-08-05,16:00:00,2015-08-05T16:00:00-04:00
1660,2015-08-06,16:00:00,2015-08-06T16:00:00-04:00
1661,2015-08-07,16:00:00,2015-08-07T16:00:00-04:00
1662,2015-08-10,16:00:00,2015-08-10T16:00:00-04:00
1663,2015-08-11,16:00:00,2015-08-11T16:00:00-04:00
1664,2015-08-12,16:00:00,2015-08-12T16:00:00-04:00
1665,2015-08-13,16:00:00,2015-08-13T16:00:00-04:00
1666,2015-08-14,16:00:00,2015-08-14T16:00:00-04:00
1667,2015-08-17,16:00:00,2015-08-17T16:00:00-04:00
1668,2015-08-18,16:00:00,2015-08-18T16:00:00-04:00
1669,2015-08-19,16:00:00,2015-08-19T16:00:00-04:00
1670,2015-08-20,16:00:00,2015-08-20T16:00:00-04:00
1671,2015-08-21,16:00:00,2015-08-21T16:00:00-04:00
1672,2015-08-24,16:00:00,2015-08-24T16:00:00-04:00
1673,2015-08-25,16:00:00,2015-08-25T16:00:00-04:00
1674,2015-08-26,16:00:00,2015-08-26T16:00:00-04:00
1675,2015-08-27,16:00:00,2015-08-27T16:00:00-04:00
1676,2015-08-28,16:00:00,2015-08-28T16:00:00-04:00
1677,2015-08-31,16:00:00,2015-08-31T16:00:00-04:00
1678,2015-09-01,16:00:00,2015-09-01T16:00:00-04:00
1679,2015-09-02,16:00:00,2015-09-02T16:00:00-04:00
1680,2015-09-03,16:00:00,2015-09-03T16:00:00-04:00
1681,2015-09-04,16:00:00,2015-09-04T16:00:00-04:00
1682,2015-09-08,16:00:00,2015-09-08T16:00:00-04:00
1683,2015-09-09,16:00:00,2015-09-09T16:00:00-04:00
1684,2015-09-10,16:00:00,2015-09-10T16:00:00-04:00
1685,2015-09-11,16:00:00,2015-09-11T16:00:00-04:00
1686,2015-09-14,16:00:00,2015-09-14T16:00:00-04:00
1687,2015-09-15,16:00:00,2015-09-15T16:00:00-04:00
1688,2015-09-16,16:00:00,2015-09-16T16:00:00-04:00
1689,2015-09-17,16:00:00,2015-09-17T16:00:00-04:00
1690,2015-09-18,16:00:00,2015-09-18T16:00:00-04:00
1691,2015-09-21,16:00:00,2015-09-21T16:00:00-04:00
1692,2015-09-22,16:00:00,2015-09-22T16:00:00-04:00
1693,2015-09-23,16:00:00,2015-09-23T16:00:00-04:00
1694,2015-09-24,16:00:00,2015-09-24T16:00:00-04:00
1695,2015-09-25,16:00:00,2015-09-25T16:00:00-04:00
1696,2015-09-28,16:00:00,2015-09-28T16:00:00-04:00
1697,2015-09-29,16:00:00,2015-09-29T16:00:00-04:00
1698,2015-09-30,16:00:00,2015-09-30T16:00:00-04:00
1699,2015-10-01,16:00:00,2015-10-01T16:00:00-04:00
1700,2015-10-02,16:00:00,2015-10-02T16:00:00-04:00
1701,2015-10-05,16:00:00,2015-10-05T16:00:00-04:00
1702,2015-10-06,16:00:00,2015-10-06T16:00:00-04:00
1703,2015-10-07,16:00:00,2015-10-07T16:00:00-04:00
1704,2015-10-08,16:00:00,2015-10-08T16:00:00-04:00
1705,2015-10-09,16:00:00,2015-10-09T16:00:00-04:00
1706,2015-10-12,16:00:00,2015-10-12T16:00:00-04:00
1707,2015-10-13,16:00:00,2015-10-13T16:00:00-04:00
1708,2015-10-14,16:00:00,2015-10-14T16:00:00-04:00
1709,2015-10-15,16:00:00,2015-10-15T16:00:00-04:00
1710,2015-10-16,16:00:00,2015-10-16T16:00:00-04:00
1711,2015-10-19,16:00:00,2015-10-19T16:00:00-04:00
1712,2015-10-20,16:00:00,2015-10-20T16:00:00-04:00
1713,2015-10-21,16:00:00,2015-10-21T16:00:00-04:00
1714,2015-10-22,16:00:00,2015-10-22T16:00:00-04:00
1715,2015-10-23,16:00:00,2015-10-23T16:00:00-04:00
1716,2015-10-26,16:00:00,2015-10-26T16:00:00-04:00
1717,2015-10-27,16:00:00,2015-10-27T16:00:00-04:00
1718,2015-10-28,16:00:00,2015-10-28T16:00:00-04:00
1719,2015-10-29,16:00:00,2015-10-29T16:00:00-04:00
1720,2015-10-30,16:00:00,2015-10-30T16:00:00-04:00
1721,2015-11-02,16:00:00,2015-11-02T16:00:00-05:00
1722,2015-11-03,16:00:00,2015-11-03T16:00:00-05:00
1723,2015-11-04,16:00:00,2015-11-04T16:00:00-05:00
1724,2015-11-05,16:00:00,2015-11-05T16:00:00-05:00
1725,2015-11-06,16:00:00,2015-11-06T16:00:00-05:00
1726,2015-11-09,16:00:00,2015-11-09T16:00:00-05:00
1727,2015-11-10,16:00:00,2015-11-10T16:00:00-05:00
1728,2015-11-11,16:00:00,2015-11-11T16:00:00-05:00
1729,2015-11-12,16:00:00,2015-11-12T16:00:00-05:00
1730,2015-11-13,16:00:00,2015-11-13T16:00:00-05:00
1731,2015-11-16,16:00:00,2015-11-16T16:00:00-05:00
1732,2015-11-17,16:00:00,2015-11-17T16:00:00-05:00
1733,2015-11-18,16:00:00,2015-11-18T16:00:00-05:00
1734,2015-11-19,16:00:00,2015-11-19T16:00:00-05:00
1735,2015-11-20,16:00:00,2015-11-20T16:00:00-05:00
1736,2015-11-23,16:00:00,2015-11-23T16:00:00-05:00
1737,2015-11-24,16:00:00,2015-11-24T16:00:00-05:00
1738,2015-11-25,16:00:00,2015-11-25T16:00:00-05:00
1739,2015-11-27,13:00:00,2015-11-27T13:00:00-05:00
1740,2015-11-30,16:00:00,2015-11-30T16:00:00-05:00
1741,2015-12-01,16:00:00,2015-12-01T16:00:00-05:00
1742,2015-12-02,16:00:00,2015-12-02T16:00:00-05:00
1743,2015-12-03,16:00:00,2015-12-03T16:00:00-05:00
1744,2015-12-04,16:00:00,2015-12-04T16:00:00-05:00
1745,2015-12-07,16:00:00,2015-12-07T16:00:00-05:00
1746,2015-12-08,16:00:00,2015-12-08T16:00:00-05:00
1747,2015-12-09,16:00:00,2015-12-09T16:00:00-05:00
1748,2015-12-10,16:00:00,2015-12-10T16:00:00-05:00
1749,2015-12-11,16:00:00,2015-12-11T16:00:00-05:00
1750,2015-12-14,16:00:00,2015-12-14T16:00:00-05:00
1751,2015-12-15,16:00:00,2015-12-15T16:00:00-05:00
1752,2015-12-16,16:00:00,2015-12-16T16:00:00-05:00
1753,2015-12-17,16:00:00,2015-12-17T16:00:00-05:00
1754,2015-12-18,16:00:00,2015-12-18T16:00:00-05:00
1755,2015-12-21,16:00:00,2015-12-21T16:00:00-05:00
1756,2015-12-22,16:00:00,2015-12-22T16:00:00-05:00
1757,2015-12-23,16:00:00,2015-12-23T16:00:00-05:00
1758,2015-12-24,13:00:00,2015-12-24T13:00:00-05:00
1759,2015-12-28,16:00:00,2015-12-28T16:00:00-05:00
1760,2015-12-29,16:00:00,2015-12-29T16:00:00-05:00
1761,2015-12-30,16:00:00,2015-12-30T16:00:00-05:00
1762,2015-12-31,16:00:00,2015-12-31T16:00:00-05:00
1763,2016-01-04,16:00:00,2016-01-04T16:00:00-05:00
1764,2016-01-05,16:00:00,2016-01-05T16:00:00-05:00
1765,2016-01-06,16:00:00,2016-01-06T16:00:00-05:00
1766,2016-01-07,16:00:00,2016-01-07T16:00:00-05:00
1767,2016-01-08,16:00:00,2016-01-08T16:00:00-05:00
1768,2016-01-11,16:00:00,2016-01-11T16:00:00-05:00
1769,2016-01-12,16:00:00,2016-01-12T16:00:00-05:00
1770,2016-01-13,16:00:00,2016-01-13T16:00:00-05:00
1771,2016-01-14,16:00:00,2016-01-14T16:00:00-05:00
1772,2016-01-15,16:00:00,2016-01-15T16:00:00-05:00
1773,2016-01-19,16:00:00,2016-01-19T16:00:00-05:00
1774,2016-01-20,16:00:00,2016-01-20T16:00:00-05:00
1775,2016-01-21,16:00:00,2016-01-21T16:00:00-05:00
1776,2016-01-22,16:00:00,2016-01-22T16:00:00-05:00
1777,2016-01-25,16:00:00,2016-01-25T16:00:00-05:00
1778,2016-01-26,16:00:00,2016-01-26T16:00:00-05:00
1779,2016-01-27,16:00:00,2016-01-27T16:00:00-05:00
1780,2016-01-28,16:00:00,2016-01-28T16:00:00-05:00
1781,2016-01-29,16:00:00,2016-01-29T16:00:00-05:00
1782,2016-02-01,16:00:00,2016-02-01T16:00:00-05:00
1783,2016-02-02,16:00:00,2016-02-02T16:00:00-05:00
1784,2016-02-03,16:00:00,2016-02-03T16:00:00-05:00
1785,2016-02-04,16:00:00,2016-02-04T16:00:00-05:00
1786,2016-02-05,16:00:00,2016-02-05T16:00:00-05:00
1787,2016-02-08,16:00:00,2016-02-08T16:00:00-05:00
1788,2016-02-09,16:00:00,2016-02-09T16:00:00-05:00
1789,2016-02-10,16:00:00,2016-02-10T16:00:00-05:00
1790,2016-02-11,16:00:00,2016-02-11T16:00:00-05:00
1791,2016-02-12,16:00:00,2016-02-12T16:00:00-05:00
1792,2016-02-16,16:00:00,2016-02-16T16:00:00-05:00
1793,2016-02-17,16:00:00,2016-02-17T16:00:00-05:00
1794,2016-02-18,16:00:00,2016-02-18T16:00:00-05:00
1795,2016-02-19,16:00:00,2016-02-19T16:00:00-05:00
1796,2016-02-22,16:00:00,2016-02-22T16:00:00-05:00
1797,2016-02-23,16:00:00,2016-02-23T16:00:00-05:00
1798,2016-02-24,16:00:00,2016-02-24T16:00:00-05:00
1799,2016-02-25,16:00:00,2016-02-25T16:00:00-05:00
1800,2016-02-26,16:00:00,2016-02-26T16:00:00-05:00
1801,2016-02-29,16:00:00,2016-02-29T16:00:00-05:00
1802,2016-03-01,16:00:00,2016-03-01T16:00:00-05:00
1803,2016-03-02,16:00:00,2016-03-02T16:00:00-05:00
1804,2016-03-03,16:00:00,2016-03-03T16:00:00-05:00
1805,2016-03-04,16:00:00,2016-03-04T16:00:00-05:00
1806,2016-03-07,16:00:00,2016-03-07T16:00:00-05:00
1807,2016-03-08,16:00:00,2016-03-08T16:00:00-05:00
1808,2016-03-09,16:00:00,2016-03-09T16:00:00-05:00
1809,2016-03-10,16:00:00,2016-03-10T16:00:00-05:00
1810,2016-03-11,16:00:00,2016-03-11T16:00:00-05:00
1811,2016-03-14,16:00:00,2016-03-14T16:00:00-04:00
1812,2016-03-15,16:00:00,2016-03-15T16:00:00-04:00
1813,2016-03-16,16:00:00,2016-03-16T16:00:00-04:00
1814,2016-03-17,16:00:00,2016-03-17T16:00:00-04:00
1815,2016-03-18,16:00:00,2016-03-18T16:00:00-04:00
1816,2016-03-21,16:00:00,2016-03-21T16:00:00-04:00
1817,2016-03-22,16:00:00,2016-03-22T16:00:00-04:00
1818,2016-03-23,16:00:00,2016-03-23T16:00:00-04:00
1819,2016-03-24,16:00:00,2016-03-24T16:00:00-04:00
1820,2016-03-28,16:00:00,2016-03-28T16:00:00-04:00
1821,2016-03-29,16:00:00,2016-03-29T16:00:00-04:00
1822,2016-03-30,16:00:00,2016-03-30T16:00:00-04:00
1823,2016-03-31,16:00:00,2016-03-31T16:00:00-04:00
1824,2016-04-01,16:00:00,2016-04-01T16:00:00-04:00
1825,2016-04-04,16:00:00,2016-04-04T16:00:00-04:00
1826,2016-04-05,16:00:00,2016-04-05T16:00:00-04:00
1827,2016-04-06,16:00:00,2016-04-06T16:00:00-04:00
1828,2016-04-07,16:00:00,2016-04-07T16:00:00-04:00
1829,2016-04-08,16:00:00,2016-04-08T16:00:00-04:00
1830,2016-04-11,16:00:00,2016-04-11T16:00:00-04:00
1831,2016-04-12,16:00:00,2016-04-12T16:00:00-04:00
1832,2016-04-13,16:00:00,2016-04-13T16:00:00-04:00
1833,2016-04-14,16:00:00,2016-04-14T16:00:00-04:00
1834,2016-04-15,16:00:00,2016-04-15T16:00:00-04:00
1835,2016-04-18,16:00:00,2016-04-18T16:00:00-04:00
1836,2016-04-19,16:00:00,2016-04-19T16:00:00-04:00
1837,2016-04-20,16:00:00,2016-04-20T16:00:00-04:00
1838,2016-04-21,16:00:00,2016-04-21T16:00:00-04:00
1839,2016-04-22,16:00:00,2016-04-22T16:00:00-04:00
1840,2016-04-25,16:00:00,2016-04-25T16:00:00-04:00
1841,2016-04-26,16:00:00,2016-04-26T16:00:00-04:00
1842,2016-04-27,16:00:00,2016-04-27T16:00:00-04:00
1843,2016-04-28,16:00:00,2016-04-28T16:00:00-04:00
1844,2016-04-29,16:00:00,2016-04-29T16:00:00-04:00
1845,2016-05-02,16:00:00,2016-05-02T16:00:00-04:00
1846,2016-05-03,16:00:00,2016-05-03T16:00:00-04:00
1847,2016-05-04,16:00:00,2016-05-04T16:00:00-04:00
1848,2016-05-05,16:00:00,2016-05-05T16:00:00-04:00
1849,2016-05-06,16:00:00,2016-05-06T16:00:00-04:00
1850,2016-05-09,16:00:00,2016-05-09T16:00:00-04:00
1851,2016-05-10,16:00:00,2016-05-10T16:00:00-04:00
1852,2016-05-11,16:00:00,2016-05-11T16:00:00-04:00
1853,2016-05-12,16:00:00,2016-05-12T16:00:00-04:00
1854,2016-05-13,16:00:00,2016-05-13T16:00:00-04:00
1855,2016-05-16,16:00:00,2016-05-16T16:00:00-04:00
1856,2016-05-17,16:00:00,2016-05-17T16:00:00-04:00
1857,2016-05-18,16:00:00,2016-05-18T16:00:00-04:00
1858,2016-05-19,16:00:00,2016-05-19T16:00:00-04:00
1859,2016-05-20,16:00:00,2016-05-20T16:00:00-04:00
1860,2016-05-23,16:00:00,2016-05-23T16:00:00-04:00
1861,2016-05-24,16:00:00,2016-05-24T16:00:00-04:00
1862,2016-05-25,16:00:00,2016-05-25T16:00:00-04:00
1863,2016-05-26,16:00:00,2016-05-26T16:00:00-04:00
1864,2016-05-27,16:00:00,2016-05-27T16:00:00-04:00
1865,2016-05-31,16:00:00,2016-05-31T16:00:00-04:00
1866,2016-06-01,16:00:00,2016-06-01T16:00:00-04:00
1867,2016-06-02,16:00:00,2016-06-02T16:00:00-04:00
1868,2016-06-03,16:00:00,2016-06-03T16:00:00-04:00
1869,2016-06-06,16:00:00,2016-06-06T16:00:00-04:00
1870,2016-06-07,16:00:00,2016-06-07T16:00:00-04:00
1871,2016-06-08,16:00:00,2016-06-08T16:00:00-04:00
1872,2016-06-09,16:00:00,2016-06-09T16:00:00-04:00
1873,2016-06-10,16:00:00,2016-06-10T16:00:00-04:00
1874,2016-06-13,16:00:00,2016-06-13T16:00:00-04:00
1875,2016-06-14,16:00:00,2016-06-14T16:00:00-04:00
1876,2016-06-15,16:00:00,2016-06-15T16:00:00-04:00
1877,2016-06-16,16:00:00,2016-06-16T16:00:00-04:00
1878,2016-06-17,16:00:00,2016-06-17T16:00:00-04:00
1879,2016-06-20,16:00:00,2016-06-20T16:00:00-04:00
1880,2016-06-21,16:00:00,2016-06-21T16:00:00-04:00
1881,2016-06-22,16:00:00,2016-06-22T16:00:00-04:00
1882,2016-06-23,16:00:00,2016-06-23T16:00:00-04:00
1883,2016-06-24,16:00:00,2016-06-24T16:00:00-04:00
1884,2016-06-27,16:00:00,2016-06-27T16:00:00-04:00
1885,2016-06-28,16:00:00,2016-06-28T16:00:00-04:00
1886,2016-06-29,16:00:00,2016-06-29T16:00:00-04:00
1887,2016-06-30,16:00:00,2016-06-30T16:00:00-04:00
1888,2016-07-01,16:00:00,2016-07-01T16:00:00-04:00
1889,2016-07-05,16:00:00,2016-07-05T16:00:00-04:00
1890,2016-07-06,16:00:00,2016-07-06T16:00:00-04:00
1891,2016-07-07,16:00:00,2016-07-07T16:00:00-04:00
1892,2016-07-08,16:00:00,2016-07-08T16:00:00-04:00
1893,2016-07-11,16:00:00,2016-07-11T16:00:00-04:00
1894,2016-07-12,16:00:00,2016-07-12T16:00:00-04:00
1895,2016-07-13,16:00:00,2016-07-13T16:00:00-04:00
1896,2016-07-14,16:00:00,2016-07-14T16:00:00-04:00
1897,2016-07-15,16:00:00,2016-07-15T16:00:00-04:00
1898,2016-07-18,16:00:00,2016-07-18T16:00:00-04:00
1899,2016-07-19,16:00:00,2016-07-19T16:00:00-04:00
1900,2016-07-20,16:00:00,2016-07-20T16:00:00-04:00
1901,2016-07-21,16:00:00,2016-07-21T16:00:00-04:00
1902,2016-07-22,16:00:00,2016-07-22T16:00:00-04:00
1903,2016-07-25,16:00:00,2016-07-25T16:00:00-04:00
1904,2016-07-26,16:00:00,2016-07-26T16:00:00-04:00
1905,2016-07-27,16:00:00,2016-07-27T16:00:00-04:00
1906,2016-07-28,16:00:00,2016-07-28T16:00:00-04:00
1907,2016-07-29,16:00:00,2016-07-29T16:00:00-04:00
1908,2016-08-01,16:00:00,2016-08-01T16:00:00-04:00
1909,2016-08-02,16:00:00,2016-08-02T16:00:00-04:00
1910,2016-08-03,16:00:00,2016-08-03T16:00:00-04:00
1911,2016-08-04,16:00:00,2016-08-04T16:00:00-04:00
1912,2016-08-05,16:00:00,2016-08-05T16:00:00-04:00
1913,2016-08-08,16:00:00,2016-08-08T16:00:00-04:00
1914,2016-08-09,16:00:00,2016-08-09T16:00:00-04:00
1915,2016-08-10,16:00:00,2016-08-10T16:00:00-04:00
1916,2016-08-11,16:00:00,2016-08-11T16:00:00-04:00
1917,2016-08-12,16:00:00,2016-08-12T16:00:00-04:00
1918,2016-08-15,16:00:00,2016-08-15T16:00:00-04:00
1919,2016-08-16,16:00:00,2016-08-16T16:00:00-04:00
1920,2016-08-17,16:00:00,2016-08-17T16:00:00-04:00
1921,2016-08-18,16:00:00,2016-08-18T16:00:00-04:00
1922,2016-08-19,16:00:00,2016-08-19T16:00:00-04:00
1923,2016-08-22,16:00:00,2016-08-22T16:00:00-04:00
1924,2016-08-23,16:00:00,2016-08-23T16:00:00-04:00
1925,2016-08-24,16:00:00,2016-08-24T16:00:00-04:00
1926,2016-08-25,16:00:00,2016-08-25T16:00:00-04:00
1927,2016-08-26,16:00:00,2016-08-26T16:00:00-04:00
1928,2016-08-29,16:00:00,2016-08-29T16:00:00-04:00
1929,2016-08-30,16:00:00,2016-08-30T16:00:00-04:00
1930,2016-08-31,16:00:00,2016-08-31T16:00:00-04:00
1931,2016-09-01,16:00:00,2016-09-01T16:00:00-04:00
1932,2016-09-02,16:00:00,2016-09-02T16:00:00-04:00
1933,2016-09-06,16:00:00,2016-09-06T16:00:00-04:00
1934,2016-09-07,16:00:00,2016-09-07T16:00:00-04:00
1935,2016-09-08,16:00:00,2016-09-08T16:00:00-04:00
1936,2016-09-09,16:00:00,2016-09-09T16:00:00-04:00
1937,2016-09-12,16:00:00,2016-09-12T16:00:00-04:00
1938,2016-09-13,16:00:00,2016-09-13T16:00:00-04:00
1939,2016-09-14,16:00:00,2016-09-14T16:00:00-04:00
1940,2016-09-15,16:00:00,2016-09-15T16:00:00-04:00
1941,2016-09-16,16:00:00,2016-09-16T16:00:00-04:00
1942,2016-09-19,16:00:00,2016-09-19T16:00:00-04:00
1943,2016-09-20,16:00:00,2016-09-20T16:00:00-04:00
1944,2016-09-21,16:00:00,2016-09-21T16:00:00-04:00
1945,2016-09-22,16:00:00,2016-09-22T16:00:00-04:00
1946,2016-09-23,16:00:00,2016-09-23T16:00:00-04:00
1947,2016-09-26,16:00:00,2016-09-26T16:00:00-04:00
1948,2016-09-27,16:00:00,2016-09-27T16:00:00-04:00
1949,2016-09-28,16:00:00,2016-09-28T16:00:00-04:00
1950,2016-09-29,16:00:00,2016-09-29T16:00:00-04:00
1951,2016-09-30,16:00:00,2016-09-30T16:00:00-04:00
1952,2016-10-03,16:00:00,2016-10-03T16:00:00-04:00
1953,2016-10-04,16:00:00,2016-10-04T16:00:00-04:00
1954,2016-10-05,16:00:00,2016-10-05T16:00:00-04:00
1955,2016-10-06,16:00:00,2016-10-06T16:00:00-04:00
1956,2016-10-07,16:00:00,2016-10-07T16:00:00-04:00
1957,2016-10-10,16:00:00,2016-10-10T16:00:00-04:00
1958,2016-10-11,16:00:00,2016-10-11T16:00:00-04:00
1959,2016-10-12,16:00:00,2016-10-12T16:00:00-04:00
1960,2016-10-13,16:00:00,2016-10-13T16:00:00-04:00
1961,2016-10-14,16:00:00,2016-10-14T16:00:00-04:00
1962,2016-10-17,16:00:00,2016-10-17T16:00:00-04:00
1963,2016-10-18,16:00:00,2016-10-18T16:00:00-04:00
1964,2016-10-19,16:00:00,2016-10-19T16:00:00-04:00
1965,2016-10-20,16:00:00,2016-10-20T16:00:00-04:00
1966,2016-10-21,16:00:00,2016-10-21T16:00:00-04:00
1967,2016-10-24,16:00:00,2016-10-24T16:00:00-04:00
1968,2016-10-25,16:00:00,2016-10-25T16:00:00-04:00
1969,2016-10-26,16:00:00,2016-10-26T16:00:00-04:00
1970,2016-10-27,16:00:00,2016-10-27T16:00:00-04:00
1971,2016-10-28,16:00:00,2016-10-28T16:00:00-04:00
1972,2016-10-31,16:00:00,2016-10-31T16:00:00-04:00
1973,2016-11-01,16:00:00,2016-11-01T16:00:00-04:00
1974,2016-11-02,16:00:00,2016-11-02T16:00:00-04:00
1975,2016-11-03,16:00:00,2016-11-03T16:00:00-04:00
1976,2016-11-04,16:00:00,2016-11-04T16:00:00-04:00
1977,2016-11-07,16:00:00,2016-11-07T16:00:00-05:00
1978,2016-11-08,16:00:00,2016-11-08T16:00:00-05:00
1979,2016-11-09,16:00:00,2016-11-09T16:00:00-05:00
1980,2016-11-10,16:00:00,2016-11-10T16:00:00-05:00
1981,2016-11-11,16:00:00,2016-11-11T16:00:00-05:00
1982,2016-11-14,16:00:00,2016-11-14T16:00:00-05:00
1983,2016-11-15,16:00:00,2016-11-15T16:00:00-05:00
1984,2016-11-16,16:00:00,2016-11-16T16:00:00-05:00
1985,2016-11-17,16:00:00,2016-11-17T16:00:00-05:00
1986,2016-11-18,16:00:00,2016-11-18T16:00:00-05:00
1987,2016-11-21,16:00:00,2016-11-21T16:00:00-05:00
1988,2016-11-22,16:00:00,2016-11-22T16:00:00-05:00
1989,2016-11-23,16:00:00,2016-11-23T16:00:00-05:00
1990,2016-11-25,13:00:00,2016-11-25T13:00:00-05:00
1991,2016-11-28,16:00:00,2016-11-28T16:00:00-05:00
1992,2016-11-29,16:00:00,2016-11-29T16:00:00-05:00
1993,2016-11-30,16:00:00,2016-11-30T16:00:00-05:00
1994,2016-12-01,16:00:00,2016-12-01T16:00:00-05:00
1995,2016-12-02,16:00:00,2016-12-02T16:00:00-05:00
1996,2016-12-05,16:00:00,2016-12-05T16:00:00-05:00
1997,2016-12-06,16:00:00,2016-12-06T16:00:00-05:00
1998,2016-12-07,16:00:00,2016-12-07T16:00:00-05:00
1999,2016-12-08,16:00:00,2016-12-08T16:00:00-05:00
2000,2016-12-09,16:00:00,2016-12-09T16:00:00-05:00
2001,2016-12-12,16:00:00,2016-12-12T16:00:00-05:00
2002,2016-12-13,16:00:00,2016-12-13T16:00:00-05:00
2003,2016-12-14,16:00:00,2016-12-14T16:00:00-05:00
2004,2016-12-15,16:00:00,2016-12-15T16:00:00-05:00
2005,2016-12-16,16:00:00,2016-12-16T16:00:00-05:00
2006,2016-12-19,16:00:00,2016-12-19T16:00:00-05:00
2007,2016-12-20,16:00:00,2016-12-20T16:00:00-05:00
2008,2016-12-21,16:00:00,2016-12-21T16:00:00-05:00
2009,2016-12-22,16:00:00,2016-12-22T16:00:00-05:00
2010,2016-12-23,16:00:00,2016-12-23T16:00:00-05:00
2011,2016-12-27,16:00:00,2016-12-27T16:00:00-05:00
2012,2016-12-28,16:00:00,2016-12-28T16:00:00-05:00
2013,2016-12-29,16:00:00,2016-12-29T16:00:00-05:00
2014,2016-12-30,16:00:00,2016-12-30T16:00:00-05:00
2015,2017-01-03,16:00:00,2017-01-03T16:00:00-05:00
2016,2017-01-04,16:00:00,2017-01-04T16:00:00-05:00
2017,2017-01-05,16:00:00,2017-01-05T16:00:00-05:00
2018,2017-01-06,16:00:00,2017-01-06T16:00:00-05:00
2019,2017-01-09,16:00:00,2017-01-09T16:00:00-05:00
2020,2017-01-10,16:00:00,2017-01-10T16:00:00-05:00
2021,2017-01-11,16:00:00,2017-01-11T16:00:00-05:00
2022,2017-01-12,16:00:00,2017-01-12T16:00:00-05:00
2023,2017-01-13,16:00:00,2017-01-13T16:00:00-05:00
2024,2017-01-17,16:00:00,2017-01-17T16:00:00-05:00
2025,2017-01-18,16:00:00,2017-01-18T16:00:00-05:00
2026,2017-01-19,16:00:00,2017-01-19T16:00:00-05:00
2027,2017-01-20,16:00:00,2017-01-20T16:00:00-05:00
2028,2017-01-23,16:00:00,2017-01-23T16:00:00-05:00
2029,2017-01-24,16:00:00,2017-01-24T16:00:00-05:00
2030,2017-01-25,16:00:00,2017-01-25T16:00:00-05:00
2031,2017-01-26,16:00:00,2017-01-26T16:00:00-05:00
2032,2017-01-27,16:00:00,2017-01-27T16:00:00-05:00
2033,2017-01-30,16:00:00,2017-01-30T16:00:00-05:00
2034,2017-01-31,16:00:00,2017-01-31T16:00:00-05:00
2035,2017-02-01,16:00:00,2017-02-01T16:00:00-05:00
2036,2017-02-02,16:00:00,2017-02-02T16:00:00-05:00
2037,2017-02-03,16:00:00,2017-02-03T16:00:00-05:00
2038,2017-02-06,16:00:00,2017-02-06T16:00:00-05:00
2039,2017-02-07,16:00:00,2017-02-07T16:00:00-05:00
2040,2017-02-08,16:00:00,2017-02-08T16:00:00-05:00
2041,2017-02-09,16:00:00,2017-02-09T16:00:00-05:00
2042,2017-02-10,16:00:00,2017-02-10T16:00:00-05:00
2043,2017-02-13,16:00:00,2017-02-13T16:00:00-05:00
2044,2017-02-14,16:00:00,2017-02-14T16:00:00-05:00
2045,2017-02-15,16:00:00,2017-02-15T16:00:00-05:00
2046,2017-02-16,16:00:00,2017-02-16T16:00:00-05:00
2047,2017-02-17,16:00:00,2017-02-17T16:00:00-05:00
2048,2017-02-21,16:00:00,2017-02-21T16:00:00-05:00
2049,2017-02-22,16:00:00,2017-02-22T16:00:00-05:00
2050,2017-02-23,16:00:00,2017-02-23T16:00:00-05:00
2051,2017-02-24,16:00:00,2017-02-24T16:00:00-05:00
2052,2017-02-27,16:00:00,2017-02-27T16:00:00-05:00
2053,2017-02-28,16:00:00,2017-02-28T16:00:00-05:00
2054,2017-03-01,16:00:00,2017-03-01T16:00:00-05:00
2055,2017-03-02,16:00:00,2017-03-02T16:00:00-05:00
2056,2017-03-03,16:00:00,2017-03-03T16:00:00-05:00
2057,2017-03-06,16:00:00,2017-03-06T16:00:00-05:00
2058,2017-03-07,16:00:00,2017-03-07T16:00:00-05:00
2059,2017-03-08,16:00:00,2017-03-08T16:00:00-05:00
2060,2017-03-09,16:00:00,2017-03-09T16:00:00-05:00
2061,2017-03-10,16:00:00,2017-03-10T16:00:00-05:00
2062,2017-03-13,16:00:00,2017-03-13T16:00:00-04:00
2063,2017-03-14,16:00:00,2017-03-14T16:00:00-04:00
2064,2017-03-15,16:00:00,2017-03-15T16:00:00-04:00
2065,2017-03-16,16:00:00,2017-03-16T16:00:00-04:00
2066,2017-03-17,16:00:00,2017-03-17T16:00:00-04:00
2067,2017-03-20,16:00:00,2017-03-20T16:00:00-04:00
2068,2017-03-21,16:00:00,2017-03-21T16:00:00-04:00
2069,2017-03-22,16:00:00,2017-03-22T16:00:00-04:00
2070,2017-03-23,16:00:00,2017-03-23T16:00:00-04:00
2071,2017-03-24,16:00:00,2017-03-24T16:00:00-04:00
2072,2017-03-27,16:00:00,2017-03-27T16:00:00-04:00
2073,2017-03-28,16:00:00,2017-03-28T16:00:00-04:00
2074,2017-03-29,16:00:00,2017-03-29T16:00:00-04:00
2075,2017-03-30,16:00:00,2017-03-30T16:00:00-04:00
2076,2017-03-31,16:00:00,2017-03-31T16:00:00-04:00
2077,2017-04-03,16:00:00,2017-04-03T16:00:00-04:00
2078,2017-04-04,16:00:00,2017-04-04T16:00:00-04:00
2079,2017-04-05,16:00:00,2017-04-05T16:00:00-04:00
2080,2017-04-06,16:00:00,2017-04-06T16:00:00-04:00
2081,2017-04-07,16:00:00,2017-04-07T16:00:00-04:00
2082,2017-04-10,16:00:00,2017-04-10T16:00:00-04:00
2083,2017-04-11,16:00:00,2017-04-11T16:00:00-04:00
2084,2017-04-12,16:00:00,2017-04-12T16:00:00-04:00
2085,2017-04-13,16:00:00,2017-04-13T16:00:00-04:00
2086,2017-04-17,16:00:00,2017-04-17T16:00:00-04:00
2087,2017-04-18,16:00:00,2017-04-18T16:00:00-04:00
2088,2017-04-19,16:00:00,2017-04-19T16:00:00-04:00
2089,2017-04-20,16:00:00,2017-04-20T16:00:00-04:00
2090,2017-04-21,16:00:00,2017-04-21T16:00:00-04:00
2091,2017-04-24,16:00:00,2017-04-24T16:00:00-04:00
2092,2017-04-25,16:00:00,2017-04-25T16:00:00-04:00
2093,2017-04-26,16:00:00,2017-04-26T16:00:00-04:00
2094,2017-04-27,16:00:00,2017-04-27T16:00:00-04:00
2095,2017-04-28,16:00:00,2017-04-28T16:00:00-04:00
2096,2017-05-01,16:00:00,2017-05-01T16:00:00-04:00
2097,2017-05-02,16:00:00,2017-05-02T16:00:00-04:00
2098,2017-05-03,16:00:00,2017-05-03T16:00:00-04:00
2099,2017-05-04,16:00:00,2017-05-04T16:00:00-04:00
2100,2017-05-05,16:00:00,2017-05-05T16:00:00-04:00
2101,2017-05-08,16:00:00,2017-05-08T16:00:00-04:00
2102,2017-05-09,16:00:00,2017-05-09T16:00:00-04:00
2103,2017-05-10,16:00:00,2017-05-10T16:00:00-04:00
2104,2017-05-11,16:00:00,2017-05-11T16:00:00-04:00
2105,2017-05-12,16:00:00,2017-05-12T16:00:00-04:00
2106,2017-05-15,16:00:00,2017-05-15T16:00:00-04:00
2107,2017-05-16,16:00:00,2017-05-16T16:00:00-04:00
2108,2017-05-17,16:00:00,2017-05-17T16:00:00-04:00
2109,2017-05-18,16:00:00,2017-05-18T16:00:00-04:00
2110,2017-05-19,16:00:00,2017-05-19T16:00:00-04:00
2111,2017-05-22,16:00:00,2017-05-22T16:00:00-04:00
2112,2017-05-23,16:00:00,2017-05-23T16:00:00-04:00
2113,2017-05-24,16:00:00,2017-05-24T16:00:00-04:00
2114,2017-05-25,16:00:00,2017-05-25T16:00:00-04:00
2115,2017-05-26,16:00:00,2017-05-26T16:00:00-04:00
2116,2017-05-30,16:00:00,2017-05-30T16:00:00-04:00
2117,2017-05-31,16:00:00,2017-05-31T16:00:00-04:00
2118,2017-06-01,16:00:00,2017-06-01T16:00:00-04:00
2119,2017-06-02,16:00:00,2017-06-02T16:00:00-04:00
2120,2017-06-05,16:00:00,2017-06-05T16:00:00-04:00
2121,2017-06-06,16:00:00,2017-06-06T16:00:00-04:00
2122,2017-06-07,16:00:00,2017-06-07T16:00:00-04:00
2123,2017-06-08,16:00:00,2017-06-08T16:00:00-04:00
2124,2017-06-09,16:00:00,2017-06-09T16:00:00-04:00
2125,2017-06-12,16:00:00,2017-06-12T16:00:00-04:00
2126,2017-06-13,16:00:00,2017-06-13T16:00:00-04:00
2127,2017-06-14,16:00:00,2017-06-14T16:00:00-04:00
2128,2017-06-15,16:00:00,2017-06-15T16:00:00-04:00
2129,2017-06-16,16:00:00,2017-06-16T16:00:00-04:00
2130,2017-06-19,16:00:00,2017-06-19T16:00:00-04:00
2131,2017-06-20,16:00:00,2017-06-20T16:00:00-04:00
2132,2017-06-21,16:00:00,2017-06-21T16:00:00-04:00
2133,2017-06-22,16:00:00,2017-06-22T16:00:00-04:00
2134,2017-06-23,16:00:00,2017-06-23T16:00:00-04:00
2135,2017-06-26,16:00:00,2017-06-26T16:00:00-04:00
2136,2017-06-27,16:00:00,2017-06-27T16:00:00-04:00
2137,2017-06-28,16:00:00,2017-06-28T16:00:00-04:00
2138,2017-06-29,16:00:00,2017-06-29T16:00:00-04:00
2139,2017-06-30,16:00:00,2017-06-30T16:00:00-04:00
2140,2017-07-03,13:00:00,2017-07-03T13:00:00-04:00
2141,2017-07-05,16:00:00,2017-07-05T16:00:00-04:00
2142,2017-07-06,16:00:00,2017-07-06T16:00:00-04:00
2143,2017-07-07,16:00:00,2017-07-07T16:00:00-04:00
2144,2017-07-10,16:00:00,2017-07-10T16:00:00-04:00
2145,2017-07-11,16:00:00,2017-07-11T16:00:00-04:00
2146,2017-07-12,16:00:00,2017-07-12T16:00:00-04:00
2147,2017-07-13,16:00:00,2017-07-13T16:00:00-04:00
2148,2017-07-14,16:00:00,2017-07-14T16:00:00-04:00
2149,2017-07-17,16:00:00,2017-07-17T16:00:00-04:00
2150,2017-07-18,16:00:00,2017-07-18T16:00:00-04:00
2151,2017-07-19,16:00:00,2017-07-19T16:00:00-04:00
2152,2017-07-20,16:00:00,2017-07-20T16:00:00-04:00
2153,2017-07-21,16:00:00,2017-07-21T16:00:00-04:00
2154,2017-07-24,16:00:00,2017-07-24T16:00:00-04:00
2155,2017-07-25,16:00:00,2017-07-25T16:00:00-04:00
2156,2017-07-26,16:00:00,2017-07-26T16:00:00-04:00
2157,2017-07-27,16:00:00,2017-07-27T16:00:00-04:00
2158,2017-07-28,16:00:00,2017-07-28T16:00:00-04:00
2159,2017-07-31,16:00:00,2017-07-31T16:00:00-04:00
2160,2017-08-01,16:00:00,2017-08-01T16:00:00-04:00
2161,2017-08-02,16:00:00,2017-08-02T16:00:00-04:00
2162,2017-08-03,16:00:00,2017-08-03T16:00:00-04:00
2163,2017-08-04,16:00:00,2017-08-04T16:00:00-04:00
2164,2017-08-07,16:00:00,2017-08-07T16:00:00-04:00
2165,2017-08-08,16:00:00,2017-08-08T16:00:00-04:00
2166,2017-08-09,16:00:00,2017-08-09T16:00:00-04:00
2167,2017-08-10,16:00:00,2017-08-10T16:00:00-04:00
2168,2017-08-11,16:00:00,2017-08-11T16:00:00-04:00
2169,2017-08-14,16:00:00,2017-08-14T16:00:00-04:00
2170,2017-08-15,16:00:00,2017-08-15T16:00:00-04:00
2171,2017-08-16,16:00:00,2017-08-16T16:00:00-04:00
2172,2017-08-17,16:00:00,2017-08-17T16:00:00-04:00
2173,2017-08-18,16:00:00,2017-08-18T16:00:00-04:00
2174,2017-08-21,16:00:00,2017-08-21T16:00:00-04:00
2175,2017-08-22,16:00:00,2017-08-22T16:00:00-04:00
2176,2017-08-23,16:00:00,2017-08-23T16:00:00-04:00
2177,2017-08-24,16:00:00,2017-08-24T16:00:00-04:00
2178,2017-08-25,16:00:00,2017-08-25T16:00:00-04:00
2179,2017-08-28,16:00:00,2017-08-28T16:00:00-04:00
2180,2017-08-29,16:00:00,2017-08-29T16:00:00-04:00
2181,2017-08-30,16:00:00,2017-08-30T16:00:00-04:00
2182,2017-08-31,16:00:00,2017-08-31T16:00:00-04:00
2183,2017-09-01,16:00:00,2017-09-01T16:00:00-04:00
2184,2017-09-05,16:00:00,2017-09-05T16:00:00-04:00
2185,2017-09-06,16:00:00,2017-09-06T16:00:00-04:00
2186,2017-09-07,16:00:00,2017-09-07T16:00:00-04:00
2187,2017-09-08,16:00:00,2017-09-08T16:00:00-04:00
2188,2017-09-11,16:00:00,2017-09-11T16:00:00-04:00
2189,2017-09-12,16:00:00,2017-09-12T16:00:00-04:00
2190,2017-09-13,16:00:00,2017-09-13T16:00:00-04:00
2191,2017-09-14,16:00:00,2017-09-14T16:00:00-04:00
2192,2017-09-15,16:00:00,2017-09-15T16:00:00-04:00
2193,2017-09-18,16:00:00,2017-09-18T16:00:00-04:00
2194,2017-09-19,16:00:00,2017-09-19T16:00:00-04:00
2195,2017-09-20,16:00:00,2017-09-20T16:00:00-04:00
2196,2017-09-21,16:00:00,2017-09-21T16:00:00-04:00
2197,2017-09-22,16:00:00,2017-09-22T16:00:00-04:00
2198,2017-09-25,16:00:00,2017-09-25T16:00:00-04:00
2199,2017-09-26,16:00:00,2017-09-26T16:00:00-04:00
2200,2017-09-27,16:00:00,2017-09-27T16:00:00-04:00
2201,2017-09-28,16:00:00,2017-09-28T16:00:00-04:00
2202,2017-09-29,16:00:00,2017-09-29T16:00:00-04:00
2203,2017-10-02,16:00:00,2017-10-02T16:00:00-04:00
2204,2017-10-03,16:00:00,2017-10-03T16:00:00-04:00
2205,2017-10-04,16:00:00,2017-10-04T16:00:00-04:00
2206,2017-10-05,16:00:00,2017-10-05T16:00:00-04:00
2207,2017-10-06,16:00:00,2017-10-06T16:00:00-04:00
2208,2017-10-09,16:00:00,2017-10-09T16:00:00-04:00
2209,2017-10-10,16:00:00,2017-10-10T16:00:00-04:00
2210,2017-10-11,16:00:00,2017-10-11T16:00:00-04:00
2211,2017-10-12,16:00:00,2017-10-12T16:00:00-04:00
2212,2017-10-13,16:00:00,2017-10-13T16:00:00-04:00
2213,2017-10-16,16:00:00,2017-10-16T16:00:00-04:00
2214,2017-10-17,16:00:00,2017-10-17T16:00:00-04:00
2215,2017-10-18,16:00:00,2017-10-18T16:00:00-04:00
2216,2017-10-19,16:00:00,2017-10-19T16:00:00-04:00
2217,2017-10-20,16:00:00,2017-10-20T16:00:00-04:00
2218,2017-10-23,16:00:00,2017-10-23T16:00:00-04:00
2219,2017-10-24,16:00:00,2017-10-24T16:00:00-04:00
2220,2017-10-25,16:00:00,2017-10-25T16:00:00-04:00
2221,2017-10-26,16:00:00,2017-10-26T16:00:00-04:00
2222,2017-10-27,16:00:00,2017-10-27T16:00:00-04:00
2223,2017-10-30,16:00:00,2017-10-30T16:00:00-04:00
2224,2017-10-31,16:00:00,2017-10-31T16:00:00-04:00
2225,2017-11-01,16:00:00,2017-11-01T16:00:00-04:00
2226,2017-11-02,16:00:00,2017-11-02T16:00:00-04:00
2227,2017-11-03,16:00:00,2017-11-03T16:00:00-04:00
2228,2017-11-06,16:00:00,2017-11-06T16:00:00-05:00
2229,2017-11-07,16:00:00,2017-11-07T16:00:00-05:00
2230,2017-11-08,16:00:00,2017-11-08T16:00:00-05:00
2231,2017-11-09,16:00:00,2017-11-09T16:00:00-05:00
2232,2017-11-10,16:00:00,2017-11-10T16:00:00-05:00
2233,2017-11-13,16:00:00,2017-11-13T16:00:00-05:00
2234,2017-11-14,16:00:00,2017-11-14T16:00:00-05:00
2235,2017-11-15,16:00:00,2017-11-15T16:00:00-05:00
2236,2017-11-16,16:00:00,2017-11-16T16:00:00-05:00
2237,2017-11-17,16:00:00,2017-11-17T16:00:00-05:00
2238,2017-11-20,16:00:00,2017-11-20T16:00:00-05:00
2239,2017-11-21,16:00:00,2017-11-21T16:00:00-05:00
2240,2017-11-22,16:00:00,2017-11-22T16:00:00-05:00
2241,2017-11-24,13:00:00,2017-11-24T13:00:00-05:00
2242,2017-11-27,16:00:00,2017-11-27T16:00:00-05:00
2243,2017-11-28,16:00:00,2017-11-28T16:00:00-05:00
2244,2017-11-29,16:00:00,2017-11-29T16:00:00-05:00
2245,2017-11-30,16:00:00,2017-11-30T16:00:00-05:00
2246,2017-12-01,16:00:00,2017-12-01T16:00:00-05:00
2247,2017-12-04,16:00:00,2017-12-04T16:00:00-05:00
2248,2017-12-05,16:00:00,2017-12-05T16:00:00-05:00
2249,2017-12-06,16:00:00,2017-12-06T16:00:00-05:00
2250,2017-12-07,16:00:00,2017-12-07T16:00:00-05:00
2251,2017-12-08,16:00:00,2017-12-08T16:00:00-05:00
2252,2017-12-11,16:00:00,2017-12-11T16:00:00-05:00
2253,2017-12-12,16:00:00,2017-12-12T16:00:00-05:00
2254,2017-12-13,16:00:00,2017-12-13T16:00:00-05:00
2255,2017-12-14,16:00:00,2017-12-14T16:00:00-05:00
2256,2017-12-15,16:00:00,2017-12-15T16:00:00-05:00
2257,2017-12-18,16:00:00,2017-12-18T16:00:00-05:00
2258,2017-12-19,16:00:00,2017-12-19T16:00:00-05:00
2259,2017-12-20,16:00:00,2017-12-20T16:00:00-05:00
2260,2017-12-21,16:00:00,2017-12-21T16:00:00-05:00
2261,2017-12-22,16:00:00,2017-12-22T16:00:00-05:00
2262,2017-12-26,16:00:00,2017-12-26T16:00:00-05:00
2263,2017-12-27,16:00:00,2017-12-27T16:00:00-05:00
2264,2017-12-28,16:00:00,2017-12-28T16:00:00-05:00
2265,2017-12-29,16:00:00,2017-12-29T16:00:00-05:00
2266,2018-01-02,16:00:00,2018-01-02T16:00:00-05:00
2267,2018-01-03,16:00:00,2018-01-03T16:00:00-05:00
2268,2018-01-04,16:00:00,2018-01-04T16:00:00-05:00
2269,2018-01-05,16:00:00,2018-01-05T16:00:00-05:00
2270,2018-01-08,16:00:00,2018-01-08T16:00:00-05:00
2271,2018-01-09,16:00:00,2018-01-09T16:00:00-05:00
2272,2018-01-10,16:00:00,2018-01-10T16:00:00-05:00
2273,2018-01-11,16:00:00,2018-01-11T16:00:00-05:00
2274,2018-01-12,16:00:00,2018-01-12T16:00:00-05:00
2275,2018-01-16,16:00:00,2018-01-16T16:00:00-05:00
2276,2018-01-17,16:00:00,2018-01-17T16:00:00-05:00
2277,2018-01-18,16:00:00,2018-01-18T16:00:00-05:00
2278,2018-01-19,16:00:00,2018-01-19T16:00:00-05:00
2279,2018-01-22,16:00:00,2018-01-22T16:00:00-05:00
2280,2018-01-23,16:00:00,2018-01-23T16:00:00-05:00
2281,2018-01-24,16:00:00,2018-01-24T16:00:00-05:00
2282,2018-01-25,16:00:00,2018-01-25T16:00:00-05:00
2283,2018-01-26,16:00:00,2018-01-26T16:00:00-05:00
2284,2018-01-29,16:00:00,2018-01-29T16:00:00-05:00
2285,2018-01-30,16:00:00,2018-01-30T16:00:00-05:00
2286,2018-01-31,16:00:00,2018-01-31T16:00:00-05:00
2287,2018-02-01,16:00:00,2018-02-01T16:00:00-05:00
2288,2018-02-02,16:00:00,2018-02-02T16:00:00-05:00
2289,2018-02-05,16:00:00,2018-02-05T16:00:00-05:00
2290,2018-02-06,16:00:00,2018-02-06T16:00:00-05:00
2291,2018-02-07,16:00:00,2018-02-07T16:00:00-05:00
2292,2018-02-08,16:00:00,2018-02-08T16:00:00-05:00
2293,2018-02-09,16:00:00,2018-02-09T16:00:00-05:00
2294,2018-02-12,16:00:00,2018-02-12T16:00:00-05:00
2295,2018-02-13,16:00:00,2018-02-13T16:00:00-05:00
2296,2018-02-14,16:00:00,2018-02-14T16:00:00-05:00
2297,2018-02-15,16:00:00,2018-02-15T16:00:00-05:00
2298,2018-02-16,16:00:00,2018-02-16T16:00:00-05:00
2299,2018-02-20,16:00:00,2018-02-20T16:00:00-05:00
2300,2018-02-21,16:00:00,2018-02-21T16:00:00-05:00
2301,2018-02-22,16:00:00,2018-02-22T16:00:00-05:00
2302,2018-02-23,16:00:00,2018-02-23T16:00:00-05:00
2303,2018-02-26,16:00:00,2018-02-26T16:00:00-05:00
2304,2018-02-27,16:00:00,2018-02-27T16:00:00-05:00
2305,2018-02-28,16:00:00,2018-02-28T16:00:00-05:00
2306,2018-03-01,16:00:00,2018-03-01T16:00:00-05:00
2307,2018-03-02,16:00:00,2018-03-02T16:00:00-05:00
2308,2018-03-05,16:00:00,2018-03-05T16:00:00-05:00
2309,2018-03-06,16:00:00,2018-03-06T16:00:00-05:00
2310,2018-03-07,16:00:00,2018-03-07T16:00:00-05:00
2311,2018-03-08,16:00:00,2018-03-08T16:00:00-05:00
2312,2018-03-09,16:00:00,2018-03-09T16:00:00-05:00
2313,2018-03-12,16:00:00,2018-03-12T16:00:00-04:00
2314,2018-03-13,16:00:00,2018-03-13T16:00:00-04:00
2315,2018-03-14,16:00:00,2018-03-14T16:00:00-04:00
2316,2018-03-15,16:00:00,2018-03-15T16:00:00-04:00
2317,2018-03-16,16:00:00,2018-03-16T16:00:00-04:00
2318,2018-03-19,16:00:00,2018-03-19T16:00:00-04:00
2319,2018-03-20,16:00:00,2018-03-20T16:00:00-04:00
2320,2018-03-21,16:00:00,2018-03-21T16:00:00-04:00
2321,2018-03-22,16:00:00,2018-03-22T16:00:00-04:00
2322,2018-03-23,16:00:00,2018-03-23T16:00:00-04:00
2323,2018-03-26,16:00:00,2018-03-26T16:00:00-04:00
2324,2018-03-27,16:00:00,2018-03-27T16:00:00-04:00
2325,2018-03-28,16:00:00,2018-03-28T16:00:00-04:00
2326,2018-03-29,16:00:00,2018-03-29T16:00:00-04:00
2327,2018-04-02,16:00:00,2018-04-02T16:00:00-04:00
2328,2018-04-03,16:00:00,2018-04-03T16:00:00-04:00
2329,2018-04-04,16:00:00,2018-04-04T16:00:00-04:00
2330,2018-04-05,16:00:00,2018-04-05T16:00:00-04:00
2331,2018-04-06,16:00:00,2018-04-06T16:00:00-04:00
2332,2018-04-09,16:00:00,2018-04-09T16:00:00-04:00
2333,2018-04-10,16:00:00,2018-04-10T16:00:00-04:00
2334,2018-04-11,16:00:00,2018-04-11T16:00:00-04:00
2335,2018-04-12,16:00:00,2018-04-12T16:00:00-04:00
2336,2018-04-13,16:00:00,2018-04-13T16:00:00-04:00
2337,2018-04-16,16:00:00,2018-04-16T16:00:00-04:00
2338,2018-04-17,16:00:00,2018-04-17T16:00:00-04:00
2339,2018-04-18,16:00:00,2018-04-18T16:00:00-04:00
2340,2018-04-19,16:00:00,2018-04-19T16:00:00-04:00
2341,2018-04-20,16:00:00,2018-04-20T16:00:00-04:00
2342,2018-04-23,16:00:00,2018-04-23T16:00:00-04:00
2343,2018-04-24,16:00:00,2018-04-24T16:00:00-04:00
2344,2018-04-25,16:00:00,2018-04-25T16:00:00-04:00
2345,2018-04-26,16:00:00,2018-04-26T16:00:00-04:00
2346,2018-04-27,16:00:00,2018-04-27T16:00:00-04:00
2347,2018-04-30,16:00:00,2018-04-30T16:00:00-04:00
2348,2018-05-01,16:00:00,2018-05-01T16:00:00-04:00
2349,2018-05-02,16:00:00,2018-05-02T16:00:00-04:00
2350,2018-05-03,16:00:00,2018-05-03T16:00:00-04:00
2351,2018-05-04,16:00:00,2018-05-04T16:00:00-04:00
2352,2018-05-07,16:00:00,2018-05-07T16:00:00-04:00
2353,2018-05-08,16:00:00,2018-05-08T16:00:00-04:00
2354,2018-05-09,16:00:00,2018-05-09T16:00:00-04:00
2355,2018-05-10,16:00:00,2018-05-10T16:00:00-04:00
2356,2018-05-11,16:00:00,2018-05-11T16:00:00-04:00
2357,2018-05-14,16:00:00,2018-05-14T16:00:00-04:00
2358,2018-05-15,16:00:00,2018-05-15T16:00:00-04:00
2359,2018-05-16,16:00:00,2018-05-16T16:00:00-04:00
2360,2018-05-17,16:00:00,2018-05-17T16:00:00-04:00
2361,2018-05-18,16:00:00,2018-05-18T16:00:00-04:00
2362,2018-05-21,16:00:00,2018-05-21T16:00:00-04:00
2363,2018-05-22,16:00:00,2018-05-22T16:00:00-04:00
2364,2018-05-23,16:00:00,2018-05-23T16:00:00-04:00
2365,2018-05-24,16:00:00,2018-05-24T16:00:00-04:00
2366,2018-05-25,16:00:00,2018-05-25T16:00:00-04:00
2367,2018-05-29,16:00:00,2018-05-29T16:00:00-04:00
2368,2018-05-30,16:00:00,2018-05-30T16:00:00-04:00
2369,2018-05-31,16:00:00,2018-05-31T16:00:00-04:00
2370,2018-06-01,16:00:00,2018-06-01T16:00:00-04:00
2371,2018-06-04,16:00:00,2018-06-04T16:00:00-04:00
2372,2018-06-05,16:00:00,2018-06-05T16:00:00-04:00
2373,2018-06-06,16:00:00,2018-06-06T16:00:00-04:00
2374,2018-06-07,16:00:00,2018-06-07T16:00:00-04:00
2375,2018-06-08,16:00:00,2018-06-08T16:00:00-04:00
2376,2018-06-11,16:00:00,2018-06-11T16:00:00-04:00
2377,2018-06-12,16:00:00,2018-06-12T16:00:00-04:00
2378,2018-06-13,16:00:00,2018-06-13T16:00:00-04:00
2379,2018-06-14,16:00:00,2018-06-14T16:00:00-04:00
2380,2018-06-15,16:00:00,2018-06-15T16:00:00-04:00
2381,2018-06-18,16:00:00,2018-06-18T16:00:00-04:00
2382,2018-06-19,16:00:00,2018-06-19T16:00:00-04:00
2383,2018-06-20,16:00:00,2018-06-20T16:00:00-04:00
2384,2018-06-21,16:00:00,2018-06-21T16:00:00-04:00
2385,2018-06-22,16:00:00,2018-06-22T16:00:00-04:00
2386,2018-06-25,16:00:00,2018-06-25T16:00:00-04:00
2387,2018-06-26,16:00:00,2018-06-26T16:00:00-04:00
2388,2018-06-27,16:00:00,2018-06-27T16:00:00-04:00
2389,2018-06-28,16:00:00,2018-06-28T16:00:00-04:00
2390,2018-06-29,16:00:00,2018-06-29T16:00:00-04:00
2391,2018-07-02,16:00:00,2018-07-02T16:00:00-04:00
2392,2018-07-03,13:00:00,2018-07-03T13:00:00-04:00
2393,2018-07-05,16:00:00,2018-07-05T16:00:00-04:00
2394,2018-07-06,16:00:00,2018-07-06T16:00:00-04:00
2395,2018-07-09,16:00:00,2018-07-09T16:00:00-04:00
2396,2018-07-10,16:00:00,2018-07-10T16:00:00-04:00
2397,2018-07-11,16:00:00,2018-07-11T16:00:00-04:00
2398,2018-07-12,16:00:00,2018-07-12T16:00:00-04:00
2399,2018-07-13,16:00:00,2018-07-13T16:00:00-04:00
2400,2018-07-16,16:00:00,2018-07-16T16:00:00-04:00
2401,2018-07-17,16:00:00,2018-07-17T16:00:00-04:00
2402,2018-07-18,16:00:00,2018-07-18T16:00:00-04:00
2403,2018-07-19,16:00:00,2018-07-19T16:00:00-04:00
2404,2018-07-20,16:00:00,2018-07-20T16:00:00-04:00
2405,2018-07-23,16:00:00,2018-07-23T16:00:00-04:00
2406,2018-07-24,16:00:00,2018-07-24T16:00:00-04:00
2407,2018-07-25,16:00:00,2018-07-25T16:00:00-04:00
2408,2018-07-26,16:00:00,2018-07-26T16:00:00-04:00
2409,2018-07-27,16:00:00,2018-07-27T16:00:00-04:00
2410,2018-07-30,16:00:00,2018-07-30T16:00:00-04:00
2411,2018-07-31,16:00:00,2018-07-31T16:00:00-04:00
2412,2018-08-01,16:00:00,2018-08-01T16:00:00-04:00
2413,2018-08-02,16:00:00,2018-08-02T16:00:00-04:00
2414,2018-08-03,16:00:00,2018-08-03T16:00:00-04:00
2415,2018-08-06,16:00:00,2018-08-06T16:00:00-04:00
2416,2018-08-07,16:00:00,2018-08-07T16:00:00-04:00
2417,2018-08-08,16:00:00,2018-08-08T16:00:00-04:00
2418,2018-08-09,16:00:00,2018-08-09T16:00:00-04:00
2419,2018-08-10,16:00:00,2018-08-10T16:00:00-04:00
2420,2018-08-13,16:00:00,2018-08-13T16:00:00-04:00
2421,2018-08-14,16:00:00,2018-08-14T16:00:00-04:00
2422,2018-08-15,16:00:00,2018-08-15T16:00:00-04:00
2423,2018-08-16,16:00:00,2018-08-16T16:00:00-04:00
2424,2018-08-17,16:00:00,2018-08-17T16:00:00-04:00
2425,2018-08-20,16:00:00,2018-08-20T16:00:00-04:00
2426,2018-08-21,16:00:00,2018-08-21T16:00:00-04:00
2427,2018-08-22,16:00:00,2018-08-22T16:00:00-04:00
2428,2018-08-23,16:00:00,2018-08-23T16:00:00-04:00
2429,2018-08-24,16:00:00,2018-08-24T16:00:00-04:00
2430,2018-08-27,16:00:00,2018-08-27T16:00:00-04:00
2431,2018-08-28,16:00:00,2018-08-28T16:00:00-04:00
2432,2018-08-29,16:00:00,2018-08-29T16:00:00-04:00
2433,2018-08-30,16:00:00,2018-08-30T16:00:00-04:00
2434,2018-08-31,16:00:00,2018-08-31T16:00:00-04:00
2435,2018-09-04,16:00:00,2018-09-04T16:00:00-04:00
2436,2018-09-05,16:00:00,2018-09-05T16:00:00-04:00
2437,2018-09-06,16:00:00,2018-09-06T16:00:00-04:00
2438,2018-09-07,16:00:00,2018-09-07T16:00:00-04:00
2439,2018-09-10,16:00:00,2018-09-10T16:00:00-04:00
2440,2018-09-11,16:00:00,2018-09-11T16:00:00-04:00
2441,2018-09-12,16:00:00,2018-09-12T16:00:00-04:00
2442,2018-09-13,16:00:00,2018-09-13T16:00:00-04:00
2443,2018-09-14,16:00:00,2018-09-14T16:00:00-04:00
2444,2018-09-17,16:00:00,2018-09-17T16:00:00-04:00
2445,2018-09-18,16:00:00,2018-09-18T16:00:00-04:00
2446,2018-09-19,16:00:00,2018-09-19T16:00:00-04:00
2447,2018-09-20,16:00:00,2018-09-20T16:00:00-04:00
2448,2018-09-21,16:00:00,2018-09-21T16:00:00-04:00
2449,2018-09-24,16:00:00,2018-09-24T16:00:00-04:00
2450,2018-09-25,16:00:00,2018-09-25T16:00:00-04:00
2451,2018-09-26,16:00:00,2018-09-26T16:00:00-04:00
2452,2018-09-27,16:00:00,2018-09-27T16:00:00-04:00
2453,2018-09-28,16:00:00,2018-09-28T16:00:00-04:00
2454,2018-10-01,16:00:00,2018-10-01T16:00:00-04:00
2455,2018-10-02,16:00:00,2018-10-02T16:00:00-04:00
2456,2018-10-03,16:00:00,2018-10-03T16:00:00-04:00
2457,2018-10-04,16:00:00,2018-10-04T16:00:00-04:00
2458,2018-10-05,16:00:00,2018-10-05T16:00:00-04:00
2459,2018-10-08,16:00:00,2018-10-08T16:00:00-04:00
2460,2018-10-09,16:00:00,2018-10-09T16:00:00-04:00
2461,2018-10-10,16:00:00,2018-10-10T16:00:00-04:00
2462,2018-10-11,16:00:00,2018-10-11T16:00:00-04:00
2463,2018-10-12,16:00:00,2018-10-12T16:00:00-04:00
2464,2018-10-15,16:00:00,2018-10-15T16:00:00-04:00
2465,2018-10-16,16:00:00,2018-10-16T16:00:00-04:00
2466,2018-10-17,16:00:00,2018-10-17T16:00:00-04:00
2467,2018-10-18,16:00:00,2018-10-18T16:00:00-04:00
2468,2018-10-19,16:00:00,2018-10-19T16:00:00-04:00
2469,2018-10-22,16:00:00,2018-10-22T16:00:00-04:00
2470,2018-10-23,16:00:00,2018-10-23T16:00:00-04:00
2471,2018-10-24,16:00:00,2018-10-24T16:00:00-04:00
2472,2018-10-25,16:00:00,2018-10-25T16:00:00-04:00
2473,2018-10-26,16:00:00,2018-10-26T16:00:00-04:00
2474,2018-10-29,16:00:00,2018-10-29T16:00:00-04:00
2475,2018-10-30,16:00:00,2018-10-30T16:00:00-04:00
2476,2018-10-31,16:00:00,2018-10-31T16:00:00-04:00
2477,2018-11-01,16:00:00,2018-11-01T16:00:00-04:00
2478,2018-11-02,16:00:00,2018-11-02T16:00:00-04:00
2479,2018-11-05,16:00:00,2018-11-05T16:00:00-05:00
2480,2018-11-06,16:00:00,2018-11-06T16:00:00-05:00
2481,2018-11-07,16:00:00,2018-11-07T16:00:00-05:00
2482,2018-11-08,16:00:00,2018-11-08T16:00:00-05:00
2483,2018-11-09,16:00:00,2018-11-09T16:00:00-05:00
2484,2018-11-12,16:00:00,2018-11-12T16:00:00-05:00
2485,2018-11-13,16:00:00,2018-11-13T16:00:00-05:00
2486,2018-11-14,16:00:00,2018-11-14T16:00:00-05:00
2487,2018-11-15,16:00:00,2018-11-15T16:00:00-05:00
2488,2018-11-16,16:00:00,2018-11-16T16:00:00-05:00
2489,2018-11-19,16:00:00,2018-11-19T16:00:00-05:00
2490,2018-11-20,16:00:00,2018-11-20T16:00:00-05:00
2491,2018-11-21,16:00:00,2018-11-21T16:00:00-05:00
2492,2018-11-23,13:00:00,2018-11-23T13:00:00-05:00
2493,2018-11-26,16:00:00,2018-11-26T16:00:00-05:00
2494,2018-11-27,16:00:00,2018-11-27T16:00:00-05:00
2495,2018-11-28,16:00:00,2018-11-28T16:00:00-05:00
2496,2018-11-29,16:00:00,2018-11-29T16:00:00-05:00
2497,2018-11-30,16:00:00,2018-11-30T16:00:00-05:00
2498,2018-12-03,16:00:00,2018-12-03T16:00:00-05:00
2499,2018-12-04,16:00:00,2018-12-04T16:00:00-05:00
2500,2018-12-06,16:00:00,2018-12-06T16:00:00-05:00
2501,2018-12-07,16:00:00,2018-12-07T16:00:00-05:00
2502,2018-12-10,16:00:00,2018-12-10T16:00:00-05:00
2503,2018-12-11,16:00:00,2018-12-11T16:00:00-05:00
2504,2018-12-12,16:00:00,2018-12-12T16:00:00-05:00
2505,2018-12-13,16:00:00,2018-12-13T16:00:00-05:00
2506,2018-12-14,16:00:00,2018-12-14T16:00:00-05:00
2507,2018-12-17,16:00:00,2018-12-17T16:00:00-05:00
2508,2018-12-18,16:00:00,2018-12-18T16:00:00-05:00
2509,2018-12-19,16:00:00,2018-12-19T16:00:00-05:00
2510,2018-12-20,16:00:00,2018-12-20T16:00:00-05:00
2511,2018-12-21,16:00:00,2018-12-21T16:00:00-05:00
2512,2018-12-24,13:00:00,2018-12-24T13:00:00-05:00
2513,2018-12-26,16:00:00,2018-12-26T16:00:00-05:00
2514,2018-12-27,16:00:00,2018-12-27T16:00:00-05:00
2515,2018-12-28,16:00:00,2018-12-28T16:00:00-05:00
2516,2018-12-31,16:00:00,2018-12-31T16:00:00-05:00
2517,2019-01-02,16:00:00,2019-01-02T16:00:00-05:00
2518,2019-01-03,16:00:00,2019-01-03T16:00:00-05:00
2519,2019-01-04,16:00:00,2019-01-04T16:00:00-05:00
2520,2019-01-07,16:00:00,2019-01-07T16:00:00-05:00
2521,2019-01-08,16:00:00,2019-01-08T16:00:00-05:00
2522,2019-01-09,16:00:00,2019-01-09T16:00:00-05:00
2523,2019-01-10,16:00:00,2019-01-10T16:00:00-05:00
2524,2019-01-11,16:00:00,2019-01-11T16:00:00-05:00
2525,2019-01-14,16:00:00,2019-01-14T16:00:00-05:00
2526,2019-01-15,16:00:00,2019-01-15T16:00:00-05:00
2527,2019-01-16,16:00:00,2019-01-16T16:00:00-05:00
2528,2019-01-17,16:00:00,2019-01-17T16:00:00-05:00
2529,2019-01-18,16:00:00,2019-01-18T16:00:00-05:00
2530,2019-01-22,16:00:00,2019-01-22T16:00:00-05:00
2531,2019-01-23,16:00:00,2019-01-23T16:00:00-05:00
2532,2019-01-24,16:00:00,2019-01-24T16:00:00-05:00
2533,2019-01-25,16:00:00,2019-01-25T16:00:00-05:00
2534,2019-01-28,16:00:00,2019-01-28T16:00:00-05:00
2535,2019-01-29,16:00:00,2019-01-29T16:00:00-05:00
2536,2019-01-30,16:00:00,2019-01-30T16:00:00-05:00
2537,2019-01-31,16:00:00,2019-01-31T16:00:00-05:00
2538,2019-02-01,16:00:00,2019-02-01T16:00:00-05:00
2539,2019-02-04,16:00:00,2019-02-04T16:00:00-05:00
2540,2019-02-05,16:00:00,2019-02-05T16:00:00-05:00
2541,2019-02-06,16:00:00,2019-02-06T16:00:00-05:00
2542,2019-02-07,16:00:00,2019-02-07T16:00:00-05:00
2543,2019-02-08,16:00:00,2019-02-08T16:00:00-05:00
2544,2019-02-11,16:00:00,2019-02-11T16:00:00-05:00
2545,2019-02-12,16:00:00,2019-02-12T16:00:00-05:00
2546,2019-02-13,16:00:00,2019-02-13T16:00:00-05:00
2547,2019-02-14,16:00:00,2019-02-14T16:00:00-05:00
2548,2019-02-15,16:00:00,2019-02-15T16:00:00-05:00
2549,2019-02-19,16:00:00,2019-02-19T16:00:00-05:00
2550,2019-02-20,16:00:00,2019-02-20T16:00:00-05:00
2551,2019-02-21,16:00:00,2019-02-21T16:00:00-05:00
2552,2019-02-22,16:00:00,2019-02-22T16:00:00-05:00
2553,2019-02-25,16:00:00,2019-02-25T16:00:00-05:00
2554,2019-02-26,16:00:00,2019-02-26T16:00:00-05:00
2555,2019-02-27,16:00:00,2019-02-27T16:00:00-05:00
2556,2019-02-28,16:00:00,2019-02-28T16:00:00-05:00
2557,2019-03-01,16:00:00,2019-03-01T16:00:00-05:00
2558,2019-03-04,16:00:00,2019-03-04T16:00:00-05:00
2559,2019-03-05,16:00:00,2019-03-05T16:00:00-05:00
2560,2019-03-06,16:00:00,2019-03-06T16:00:00-05:00
2561,2019-03-07,16:00:00,2019-03-07T16:00:00-05:00
2562,2019-03-08,16:00:00,2019-03-08T16:00:00-05:00
2563,2019-03-11,16:00:00,2019-03-11T16:00:00-04:00
2564,2019-03-12,16:00:00,2019-03-12T16:00:00-04:00
2565,2019-03-13,16:00:00,2019-03-13T16:00:00-04:00
2566,2019-03-14,16:00:00,2019-03-14T16:00:00-04:00
2567,2019-03-15,16:00:00,2019-03-15T16:00:00-04:00
2568,2019-03-18,16:00:00,2019-03-18T16:00:00-04:00
2569,2019-03-19,16:00:00,2019-03-19T16:00:00-04:00
2570,2019-03-20,16:00:00,2019-03-20T16:00:00-04:00
2571,2019-03-21,16:00:00,2019-03-21T16:00:00-04:00
2572,2019-03-22,16:00:00,2019-03-22T16:00:00-04:00
2573,2019-03-25,16:00:00,2019-03-25T16:00:00-04:00
2574,2019-03-26,16:00:00,2019-03-26T16:00:00-04:00
2575,2019-03-27,16:00:00,2019-03-27T16:00:00-04:00
2576,2019-03-28,16:00:00,2019-03-28T16:00:00-04:00
2577,2019-03-29,16:00:00,2019-03-29T16:00:00-04:00
2578,2019-04-01,16:00:00,2019-04-01T16:00:00-04:00
2579,2019-04-02,16:00:00,2019-04-02T16:00:00-04:00
2580,2019-04-03,16:00:00,2019-04-03T16:00:00-04:00
2581,2019-04-04,16:00:00,2019-04-04T16:00:00-04:00
2582,2019-04-05,16:00:00,2019-04-05T16:00:00-04:00
2583,2019-04-08,16:00:00,2019-04-08T16:00:00-04:00
2584,2019-04-09,16:00:00,2019-04-09T16:00:00-04:00
2585,2019-04-10,16:00:00,2019-04-10T16:00:00-04:00
2586,2019-04-11,16:00:00,2019-04-11T16:00:00-04:00
2587,2019-04-12,16:00:00,2019-04-12T16:00:00-04:00
2588,2019-04-15,16:00:00,2019-04-15T16:00:00-04:00
2589,2019-04-16,16:00:00,2019-04-16T16:00:00-04:00
2590,2019-04-17,16:00:00,2019-04-17T16:00:00-04:00
2591,2019-04-18,16:00:00,2019-04-18T16:00:00-04:00
2592,2019-04-22,16:00:00,2019-04-22T16:00:00-04:00
2593,2019-04-23,16:00:00,2019-04-23T16:00:00-04:00
2594,2019-04-24,16:00:00,2019-04-24T16:00:00-04:00
2595,2019-04-25,16:00:00,2019-04-25T16:00:00-04:00
2596,2019-04-26,16:00:00,2019-04-26T16:00:00-04:00
2597,2019-04-29,16:00:00,2019-04-29T16:00:00-04:00
2598,2019-04-30,16:00:00,2019-04-30T16:00:00-04:00
2599,2019-05-01,16:00:00,2019-05-01T16:00:00-04:00
2600,2019-05-02,16:00:00,2019-05-02T16:00:00-04:00
2601,2019-05-03,16:00:00,2019-05-03T16:00:00-04:00
2602,2019-05-06,16:00:00,2019-05-06T16:00:00-04:00
2603,2019-05-07,16:00:00,2019-05-07T16:00:00-04:00
2604,2019-05-08,16:00:00,2019-05-08T16:00:00-04:00
2605,2019-05-09,16:00:00,2019-05-09T16:00:00-04:00
2606,2019-05-10,16:00:00,2019-05-10T16:00:00-04:00
2607,2019-05-13,16:00:00,2019-05-13T16:00:00-04:00
2608,2019-05-14,16:00:00,2019-05-14T16:00:00-04:00
2609,2019-05-15,16:00:00,2019-05-15T16:00:00-04:00
2610,2019-05-16,16:00:00,2019-05-16T16:00:00-04:00
2611,2019-05-17,16:00:00,2019-05-17T16:00:00-04:00
2612,2019-05-20,16:00:00,2019-05-20T16:00:00-04:00
2613,2019-05-21,16:00:00,2019-05-21T16:00:00-04:00
2614,2019-05-22,16:00:00,2019-05-22T16:00:00-04:00
2615,2019-05-23,16:00:00,2019-05-23T16:00:00-04:00
2616,2019-05-24,16:00:00,2019-05-24T16:00:00-04:00
2617,2019-05-28,16:00:00,2019-05-28T16:00:00-04:00
2618,2019-05-29,16:00:00,2019-05-29T16:00:00-04:00
2619,2019-05-30,16:00:00,2019-05-30T16:00:00-04:00
2620,2019-05-31,16:00:00,2019-05-31T16:00:00-04:00
2621,2019-06-03,16:00:00,2019-06-03T16:00:00-04:00
2622,2019-06-04,16:00:00,2019-06-04T16:00:00-04:00
2623,2019-06-05,16:00:00,2019-06-05T16:00:00-04:00
2624,2019-06-06,16:00:00,2019-06-06T16:00:00-04:00
2625,2019-06-07,16:00:00,2019-06-07T16:00:00-04:00
2626,2019-06-10,16:00:00,2019-06-10T16:00:00-04:00
2627,2019-06-11,16:00:00,2019-06-11T16:00:00-04:00
2628,2019-06-12,16:00:00,2019-06-12T16:00:00-04:00
2629,2019-06-13,16:00:00,2019-06-13T16:00:00-04:00
2630,2019-06-14,16:00:00,2019-06-14T16:00:00-04:00
2631,2019-06-17,16:00:00,2019-06-17T16:00:00-04:00
2632,2019-06-18,16:00:00,2019-06-18T16:00:00-04:00
2633,2019-06-19,16:00:00,2019-06-19T16:00:00-04:00
2634,2019-06-20,16:00:00,2019-06-20T16:00:00-04:00
2635,2019-06-21,16:00:00,2019-06-21T16:00:00-04:00
2636,2019-06-24,16:00:00,2019-06-24T16:00:00-04:00
2637,2019-06-25,16:00:00,2019-06-25T16:00:00-04:00
2638,2019-06-26,16:00:00,2019-06-26T16:00:00-04:00
2639,2019-06-27,16:00:00,2019-06-27T16:00:00-04:00
2640,2019-06-28,16:00:00,2019-06-28T16:00:00-04:00
2641,2019-07-01,16:00:00,2019-07-01T16:00:00-04:00
2642,2019-07-02,16:00:00,2019-07-02T16:00:00-04:00
2643,2019-07-03,13:00:00,2019-07-03T13:00:00-04:00
2644,2019-07-05,16:00:00,2019-07-05T16:00:00-04:00
2645,2019-07-08,16:00:00,2019-07-08T16:00:00-04:00
2646,2019-07-09,16:00:00,2019-07-09T16:00:00-04:00
2647,2019-07-10,16:00:00,2019-07-10T16:00:00-04:00
2648,2019-07-11,16:00:00,2019-07-11T16:00:00-04:00
2649,2019-07-12,16:00:00,2019-07-12T16:00:00-04:00
2650,2019-07-15,16:00:00,2019-07-15T16:00:00-04:00
2651,2019-07-16,16:00:00,2019-07-16T16:00:00-04:00
2652,2019-07-17,16:00:00,2019-07-17T16:00:00-04:00
2653,2019-07-18,16:00:00,2019-07-18T16:00:00-04:00
2654,2019-07-19,16:00:00,2019-07-19T16:00:00-04:00
2655,2019-07-22,16:00:00,2019-07-22T16:00:00-04:00
2656,2019-07-23,16:00:00,2019-07-23T16:00:00-04:00
2657,2019-07-24,16:00:00,2019-07-24T16:00:00-04:00
2658,2019-07-25,16:00:00,2019-07-25T16:00:00-04:00
2659,2019-07-26,16:00:00,2019-07-26T16:00:00-04:00
2660,2019-07-29,16:00:00,2019-07-29T16:00:00-04:00
2661,2019-07-30,16:00:00,2019-07-30T16:00:00-04:00
2662,2019-07-31,16:00:00,2019-07-31T16:00:00-04:00
2663,2019-08-01,16:00:00,2019-08-01T16:00:00-04:00
2664,2019-08-02,16:00:00,2019-08-02T16:00:00-04:00
2665,2019-08-05,16:00:00,2019-08-05T16:00:00-04:00
2666,2019-08-06,16:00:00,2019-08-06T16:00:00-04:00
2667,2019-08-07,16:00:00,2019-08-07T16:00:00-04:00
2668,2019-08-08,16:00:00,2019-08-08T16:00:00-04:00
2669,2019-08-09,16:00:00,2019-08-09T16:00:00-04:00
2670,2019-08-12,16:00:00,2019-08-12T16:00:00-04:00
2671,2019-08-13,16:00:00,2019-08-13T16:00:00-04:00
2672,2019-08-14,16:00:00,2019-08-14T16:00:00-04:00
2673,2019-08-15,16:00:00,2019-08-15T16:00:00-04:00
2674,2019-08-16,16:00:00,2019-08-16T16:00:00-04:00
2675,2019-08-19,16:00:00,2019-08-19T16:00:00-04:00
2676,2019-08-20,16:00:00,2019-08-20T16:00:00-04:00
2677,2019-08-21,16:00:00,2019-08-21T16:00:00-04:00
2678,2019-08-22,16:00:00,2019-08-22T16:00:00-04:00
2679,2019-08-23,16:00:00,2019-08-23T16:00:00-04:00
2680,2019-08-26,16:00:00,2019-08-26T16:00:00-04:00
2681,2019-08-27,16:00:00,2019-08-27T16:00:00-04:00
2682,2019-08-28,16:00:00,2019-08-28T16:00:00-04:00
2683,2019-08-29,16:00:00,2019-08-29T16:00:00-04:00
2684,2019-08-30,16:00:00,2019-08-30T16:00:00-04:00
2685,2019-09-03,16:00:00,2019-09-03T16:00:00-04:00
2686,2019-09-04,16:00:00,2019-09-04T16:00:00-04:00
2687,2019-09-05,16:00:00,2019-09-05T16:00:00-04:00
2688,2019-09-06,16:00:00,2019-09-06T16:00:00-04:00
2689,2019-09-09,16:00:00,2019-09-09T16:00:00-04:00
2690,2019-09-10,16:00:00,2019-09-10T16:00:00-04:00
2691,2019-09-11,16:00:00,2019-09-11T16:00:00-04:00
2692,2019-09-12,16:00:00,2019-09-12T16:00:00-04:00
2693,2019-09-13,16:00:00,2019-09-13T16:00:00-04:00
2694,2019-09-16,16:00:00,2019-09-16T16:00:00-04:00
2695,2019-09-17,16:00:00,2019-09-17T16:00:00-04:00
2696,2019-09-18,16:00:00,2019-09-18T16:00:00-04:00
2697,2019-09-19,16:00:00,2019-09-19T16:00:00-04:00
2698,2019-09-20,16:00:00,2019-09-20T16:00:00-04:00
2699,2019-09-23,16:00:00,2019-09-23T16:00:00-04:00
2700,2019-09-24,16:00:00,2019-09-24T16:00:00-04:00
2701,2019-09-25,16:00:00,2019-09-25T16:00:00-04:00
2702,2019-09-26,16:00:00,2019-09-26T16:00:00-04:00
2703,2019-09-27,16:00:00,2019-09-27T16:00:00-04:00
2704,2019-09-30,16:00:00,2019-09-30T16:00:00-04:00
2705,2019-10-01,16:00:00,2019-10-01T16:00:00-04:00
2706,2019-10-02,16:00:00,2019-10-02T16:00:00-04:00
2707,2019-10-03,16:00:00,2019-10-03T16:00:00-04:00
2708,2019-10-04,16:00:00,2019-10-04T16:00:00-04:00
2709,2019-10-07,16:00:00,2019-10-07T16:00:00-04:00
2710,2019-10-08,16:00:00,2019-10-08T16:00:00-04:00
2711,2019-10-09,16:00:00,2019-10-09T16:00:00-04:00
2712,2019-10-10,16:00:00,2019-10-10T16:00:00-04:00
2713,2019-10-11,16:00:00,2019-10-11T16:00:00-04:00
2714,2019-10-14,16:00:00,2019-10-14T16:00:00-04:00
2715,2019-10-15,16:00:00,2019-10-15T16:00:00-04:00
2716,2019-10-16,16:00:00,2019-10-16T16:00:00-04:00
2717,2019-10-17,16:00:00,2019-10-17T16:00:00-04:00
2718,2019-10-18,16:00:00,2019-10-18T16:00:00-04:00
2719,2019-10-21,16:00:00,2019-10-21T16:00:00-04:00
2720,2019-10-22,16:00:00,2019-10-22T16:00:00-04:00
2721,2019-10-23,16:00:00,2019-10-23T16:00:00-04:00
2722,2019-10-24,16:00:00,2019-10-24T16:00:00-04:00
2723,2019-10-25,16:00:00,2019-10-25T16:00:00-04:00
2724,2019-10-28,16:00:00,2019-10-28T16:00:00-04:00
2725,2019-10-29,16:00:00,2019-10-29T16:00:00-04:00
2726,2019-10-30,16:00:00,2019-10-30T16:00:00-04:00
2727,2019-10-31,16:00:00,2019-10-31T16:00:00-04:00
2728,2019-11-01,16:00:00,2019-11-01T16:00:00-04:00
2729,2019-11-04,16:00:00,2019-11-04T16:00:00-05:00
2730,2019-11-05,16:00:00,2019-11-05T16:00:00-05:00
2731,2019-11-06,16:00:00,2019-11-06T16:00:00-05:00
2732,2019-11-07,16:00:00,2019-11-07T16:00:00-05:00
2733,2019-11-08,16:00:00,2019-11-08T16:00:00-05:00
2734,2019-11-11,16:00:00,2019-11-11T16:00:00-05:00
2735,2019-11-12,16:00:00,2019-11-12T16:00:00-05:00
2736,2019-11-13,16:00:00,2019-11-13T16:00:00-05:00
2737,2019-11-14,16:00:00,2019-11-14T16:00:00-05:00
2738,2019-11-15,16:00:00,2019-11-15T16:00:00-05:00
2739,2019-11-18,16:00:00,2019-11-18T16:00:00-05:00
2740,2019-11-19,16:00:00,2019-11-19T16:00:00-05:00
2741,2019-11-20,16:00:00,2019-11-20T16:00:00-05:00
2742,2019-11-21,16:00:00,2019-11-21T16:00:00-05:00
2743,2019-11-22,16:00:00,2019-11-22T16:00:00-05:00
2744,2019-11-25,16:00:00,2019-11-25T16:00:00-05:00
2745,2019-11-26,16:00:00,2019-11-26T16:00:00-05:00
2746,2019-11-27,16:00:00,2019-11-27T16:00:00-05:00
2747,2019-11-29,13:00:00,2019-11-29T13:00:00-05:00
2748,2019-12-02,16:00:00,2019-12-02T16:00:00-05:00
2749,2019-12-03,16:00:00,2019-12-03T16:00:00-05:00
2750,2019-12-04,16:00:00,2019-12-04T16:00:00-05:00
2751,2019-12-05,16:00:00,2019-12-05T16:00:00-05:00
2752,2019-12-06,16:00:00,2019-12-06T16:00:00-05:00
2753,2019-12-09,16:00:00,2019-12-09T16:00:00-05:00
2754,2019-12-10,16:00:00,2019-12-10T16:00:00-05:00
2755,2019-12-11,16:00:00,2019-12-11T16:00:00-05:00
2756,2019-12-12,16:00:00,2019-12-12T16:00:00-05:00
2757,2019-12-13,16:00:00,2019-12-13T16:00:00-05:00
2758,2019-12-16,16:00:00,2019-12-16T16:00:00-05:00
2759,2019-12-17,16:00:00,2019-12-17T16:00:00-05:00
2760,2019-12-18,16:00:00,2019-12-18T16:00:00-05:00
2761,2019-12-19,16:00:00,2019-12-19T16:00:00-05:00
2762,2019-12-20,16:00:00,2019-12-20T16:00:00-05:00
2763,2019-12-23,16:00:00,2019-12-23T16:00:00-05:00
2764,2019-12-24,13:00:00,2019-12-24T13:00:00-05:00
2765,2019-12-26,16:00:00,2019-12-26T16:00:00-05:00
2766,2019-12-27,16:00:00,2019-12-27T16:00:00-05:00
2767,2019-12-30,16:00:00,2019-12-30T16:00:00-05:00
2768,2019-12-31,16:00:00,2019-12-31T16:00:00-05:00
2769,2020-01-02,16:00:00,2020-01-02T16:00:00-05:00
2770,2020-01-03,16:00:00,2020-01-03T16:00:00-05:00
2771,2020-01-06,16:00:00,2020-01-06T16:00:00-05:00
2772,2020-01-07,16:00:00,2020-01-07T16:00:00-05:00
2773,2020-01-08,16:00:00,2020-01-08T16:00:00-05:00
2774,2020-01-09,16:00:00,2020-01-09T16:00:00-05:00
2775,2020-01-10,16:00:00,2020-01-10T16:00:00-05:00
2776,2020-01-13,16:00:00,2020-01-13T16:00:00-05:00
2777,2020-01-14,16:00:00,2020-01-14T16:00:00-05:00
2778,2020-01-15,16:00:00,2020-01-15T16:00:00-05:00
2779,2020-01-16,16:00:00,2020-01-16T16:00:00-05:00
2780,2020-01-17,16:00:00,2020-01-17T16:00:00-05:00
2781,2020-01-21,16:00:00,2020-01-21T16:00:00-05:00
2782,2020-01-22,16:00:00,2020-01-22T16:00:00-05:00
2783,2020-01-23,16:00:00,2020-01-23T16:00:00-05:00
2784,2020-01-24,16:00:00,2020-01-24T16:00:00-05:00
2785,2020-01-27,16:00:00,2020-01-27T16:00:00-05:00
2786,2020-01-28,16:00:00,2020-01-28T16:00:00-05:00
2787,2020-01-29,16:00:00,2020-01-29T16:00:00-05:00
2788,2020-01-30,16:00:00,2020-01-30T16:00:00-05:00
2789,2020-01-31,16:00:00,2020-01-31T16:00:00-05:00
2790,2020-02-03,16:00:00,2020-02-03T16:00:00-05:00
2791,2020-02-04,16:00:00,2020-02-04T16:00:00-05:00
2792,2020-02-05,16:00:00,2020-02-05T16:00:00-05:00
2793,2020-02-06,16:00:00,2020-02-06T16:00:00-05:00
2794,2020-02-07,16:00:00,2020-02-07T16:00:00-05:00
2795,2020-02-10,16:00:00,2020-02-10T16:00:00-05:00
2796,2020-02-11,16:00:00,2020-02-11T16:00:00-05:00
2797,2020-02-12,16:00:00,2020-02-12T16:00:00-05:00
2798,2020-02-13,16:00:00,2020-02-13T16:00:00-05:00
2799,2020-02-14,16:00:00,2020-02-14T16:00:00-05:00
2800,2020-02-18,16:00:00,2020-02-18T16:00:00-05:00
2801,2020-02-19,16:00:00,2020-02-19T16:00:00-05:00
2802,2020-02-20,16:00:00,2020-02-20T16:00:00-05:00
2803,2020-02-21,16:00:00,2020-02-21T16:00:00-05:00
2804,2020-02-24,16:00:00,2020-02-24T16:00:00-05:00
2805,2020-02-25,16:00:00,2020-02-25T16:00:00-05:00
2806,2020-02-26,16:00:00,2020-02-26T16:00:00-05:00
2807,2020-02-27,16:00:00,2020-02-27T16:00:00-05:00
2808,2020-02-28,16:00:00,2020-02-28T16:00:00-05:00
2809,2020-03-02,16:00:00,2020-03-02T16:00:00-05:00
2810,2020-03-03,16:00:00,2020-03-03T16:00:00-05:00
2811,2020-03-04,16:00:00,2020-03-04T16:00:00-05:00
2812,2020-03-05,16:00:00,2020-03-05T16:00:00-05:00
2813,2020-03-06,16:00:00,2020-03-06T16:00:00-05:00
2814,2020-03-09,16:00:00,2020-03-09T16:00:00-04:00
2815,2020-03-10,16:00:00,2020-03-10T16:00:00-04:00
2816,2020-03-11,16:00:00,2020-03-11T16:00:00-04:00
2817,2020-03-12,16:00:00,2020-03-12T16:00:00-04:00
2818,2020-03-13,16:00:00,2020-03-13T16:00:00-04:00
2819,2020-03-16,16:00:00,2020-03-16T16:00:00-04:00
2820,2020-03-17,16:00:00,2020-03-17T16:00:00-04:00
2821,2020-03-18,16:00:00,2020-03-18T16:00:00-04:00
2822,2020-03-19,16:00:00,2020-03-19T16:00:00-04:00
2823,2020-03-20,16:00:00,2020-03-20T16:00:00-04:00
2824,2020-03-23,16:00:00,2020-03-23T16:00:00-04:00
2825,2020-03-24,16:00:00,2020-03-24T16:00:00-04:00
2826,2020-03-25,16:00:00,2020-03-25T16:00:00-04:00
2827,2020-03-26,16:00:00,2020-03-26T16:00:00-04:00
2828,2020-03-27,16:00:00,2020-03-27T16:00:00-04:00
2829,2020-03-30,16:00:00,2020-03-30T16:00:00-04:00
2830,2020-03-31,16:00:00,2020-03-31T16:00:00-04:00
2831,2020-04-01,16:00:00,2020-04-01T16:00:00-04:00
2832,2020-04-02,16:00:00,2020-04-02T16:00:00-04:00
2833,2020-04-03,16:00:00,2020-04-03T16:00:00-04:00
2834,2020-04-06,16:00:00,2020-04-06T16:00:00-04:00
2835,2020-04-07,16:00:00,2020-04-07T16:00:00-04:00
2836,2020-04-08,16:00:00,2020-04-08T16:00:00-04:00
2837,2020-04-09,16:00:00,2020-04-09T16:00:00-04:00
2838,2020-04-13,16:00:00,2020-04-13T16:00:00-04:00
2839,2020-04-14,16:00:00,2020-04-14T16:00:00-04:00
2840,2020-04-15,16:00:00,2020-04-15T16:00:00-04:00
2841,2020-04-16,16:00:00,2020-04-16T16:00:00-04:00
2842,2020-04-17,16:00:00,2020-04-17T16:00:00-04:00
2843,2020-04-20,16:00:00,2020-04-20T16:00:00-04:00
2844,2020-04-21,16:00:00,2020-04-21T16:00:00-04:00
2845,2020-04-22,16:00:00,2020-04-22T16:00:00-04:00
2846,2020-04-23,16:00:00,2020-04-23T16:00:00-04:00
2847,2020-04-24,16:00:00,2020-04-24T16:00:00-04:00
2848,2020-04-27,16:00:00,2020-04-27T16:00:00-04:00
2849,2020-04-28,16:00:00,2020-04-28T16:00:00-04:00
2850,2020-04-29,16:00:00,2020-04-29T16:00:00-04:00
2851,2020-04-30,16:00:00,2020-04-30T16:00:00-04:00
2852,2020-05-01,16:00:00,2020-05-01T16:00:00-04:00
2853,2020-05-04,16:00:00,2020-05-04T16:00:00-04:00
2854,2020-05-05,16:00:00,2020-05-05T16:00:00-04:00
2855,2020-05-06,16:00:00,2020-05-06T16:00:00-04:00
2856,2020-05-07,16:00:00,2020-05-07T16:00:00-04:00
2857,2020-05-08,16:00:00,2020-05-08T16:00:00-04:00
2858,2020-05-11,16:00:00,2020-05-11T16:00:00-04:00
2859,2020-05-12,16:00:00,2020-05-12T16:00:00-04:00
2860,2020-05-13,16:00:00,2020-05-13T16:00:00-04:00
2861,2020-05-14,16:00:00,2020-05-14T16:00:00-04:00
2862,2020-05-15,16:00:00,2020-05-15T16:00:00-04:00
2863,2020-05-18,16:00:00,2020-05-18T16:00:00-04:00
2864,2020-05-19,16:00:00,2020-05-19T16:00:00-04:00
2865,2020-05-20,16:00:00,2020-05-20T16:00:00-04:00
2866,2020-05-21,16:00:00,2020-05-21T16:00:00-04:00
2867,2020-05-22,16:00:00,2020-05-22T16:00:00-04:00
2868,2020-05-26,16:00:00,2020-05-26T16:00:00-04:00
2869,2020-05-27,16:00:00,2020-05-27T16:00:00-04:00
2870,2020-05-28,16:00:00,2020-05-28T16:00:00-04:00
2871,2020-05-29,16:00:00,2020-05-29T16:00:00-04:00
2872,2020-06-01,16:00:00,2020-06-01T16:00:00-04:00
2873,2020-06-02,16:00:00,2020-06-02T16:00:00-04:00
2874,2020-06-03,16:00:00,2020-06-03T16:00:00-04:00
2875,2020-06-04,16:00:00,2020-06-04T16:00:00-04:00
2876,2020-06-05,16:00:00,2020-06-05T16:00:00-04:00
2877,2020-06-08,16:00:00,2020-06-08T16:00:00-04:00
2878,2020-06-09,16:00:00,2020-06-09T16:00:00-04:00
2879,2020-06-10,16:00:00,2020-06-10T16:00:00-04:00
2880,2020-06-11,16:00:00,2020-06-11T16:00:00-04:00
2881,2020-06-12,16:00:00,2020-06-12T16:00:00-04:00
2882,2020-06-15,16:00:00,2020-06-15T16:00:00-04:00
2883,2020-06-16,16:00:00,2020-06-16T16:00:00-04:00
2884,2020-06-17,16:00:00,2020-06-17T16:00:00-04:00
2885,2020-06-18,16:00:00,2020-06-18T16:00:00-04:00
2886,2020-06-19,16:00:00,2020-06-19T16:00:00-04:00
2887,2020-06-22,16:00:00,2020-06-22T16:00:00-04:00
2888,2020-06-23,16:00:00,2020-06-23T16:00:00-04:00
2889,2020-06-24,16:00:00,2020-06-24T16:00:00-04:00
2890,2020-06-25,16:00:00,2020-06-25T16:00:00-04:00
2891,2020-06-26,16:00:00,2020-06-26T16:00:00-04:00
2892,2020-06-29,16:00:00,2020-06-29T16:00:00-04:00
2893,2020-06-30,16:00:00,2020-06-30T16:00:00-04:00
2894,2020-07-01,16:00:00,2020-07-01T16:00:00-04:00
2895,2020-07-02,16:00:00,2020-07-02T16:00:00-04:00
2896,2020-07-06,16:00:00,2020-07-06T16:00:00-04:00
2897,2020-07-07,16:00:00,2020-07-07T16:00:00-04:00
2898,2020-07-08,16:00:00,2020-07-08T16:00:00-04:00
2899,2020-07-09,16:00:00,2020-07-09T16:00:00-04:00
2900,2020-07-10,16:00:00,2020-07-10T16:00:00-04:00
2901,2020-07-13,16:00:00,2020-07-13T16:00:00-04:00
2902,2020-07-14,16:00:00,2020-07-14T16:00:00-04:00
2903,2020-07-15,16:00:00,2020-07-15T16:00:00-04:00
2904,2020-07-16,16:00:00,2020-07-16T16:00:00-04:00
2905,2020-07-17,16:00:00,2020-07-17T16:00:00-04:00
2906,2020-07-20,16:00:00,2020-07-20T16:00:00-04:00
2907,2020-07-21,16:00:00,2020-07-21T16:00:00-04:00
2908,2020-07-22,16:00:00,2020-07-22T16:00:00-04:00
2909,2020-07-23,16:00:00,2020-07-23T16:00:00-04:00
2910,2020-07-24,16:00:00,2020-07-24T16:00:00-04:00
2911,2020-07-27,16:00:00,2020-07-27T16:00:00-04:00
2912,2020-07-28,16:00:00,2020-07-28T16:00:00-04:00
2913,2020-07-29,16:00:00,2020-07-29T16:00:00-04:00
2914,2020-07-30,16:00:00,2020-07-30T16:00:00-04:00
2915,2020-07-31,16:00:00,2020-07-31T16:00:00-04:00
2916,2020-08-03,16:00:00,2020-08-03T16:00:00-04:00
2917,2020-08-04,16:00:00,2020-08-04T16:00:00-04:00
2918,2020-08-05,16:00:00,2020-08-05T16:00:00-04:00
2919,2020-08-06,16:00:00,2020-08-06T16:00:00-04:00
2920,2020-08-07,16:00:00,2020-08-07T16:00:00-04:00
2921,2020-08-10,16:00:00,2020-08-10T16:00:00-04:00
2922,2020-08-11,16:00:00,2020-08-11T16:00:00-04:00
2923,2020-08-12,16:00:00,2020-08-12T16:00:00-04:00
2924,2020-08-13,16:00:00,2020-08-13T16:00:00-04:00
2925,2020-08-14,16:00:00,2020-08-14T16:00:00-04:00
2926,2020-08-17,16:00:00,2020-08-17T16:00:00-04:00
2927,2020-08-18,16:00:00,2020-08-18T16:00:00-04:00
2928,2020-08-19,16:00:00,2020-08-19T16:00:00-04:00
2929,2020-08-20,16:00:00,2020-08-20T16:00:00-04:00
2930,2020-08-21,16:00:00,2020-08-21T16:00:00-04:00
2931,2020-08-24,16:00:00,2020-08-24T16:00:00-04:00
2932,2020-08-25,16:00:00,2020-08-25T16:00:00-04:00
2933,2020-08-26,16:00:00,2020-08-26T16:00:00-04:00
2934,2020-08-27,16:00:00,2020-08-27T16:00:00-04:00
2935,2020-08-28,16:00:00,2020-08-28T16:00:00-04:00
2936,2020-08-31,16:00:00,2020-08-31T16:00:00-04:00
2937,2020-09-01,16:00:00,2020-09-01T16:00:00-04:00
2938,2020-09-02,16:00:00,2020-09-02T16:00:00-04:00
2939,2020-09-03,16:00:00,2020-09-03T16:00:00-04:00
2940,2020-09-04,16:00:00,2020-09-04T16:00:00-04:00
2941,2020-09-08,16:00:00,2020-09-08T16:00:00-04:00
2942,2020-09-09,16:00:00,2020-09-09T16:00:00-04:00
2943,2020-09-10,16:00:00,2020-09-10T16:00:00-04:00
2944,2020-09-11,16:00:00,2020-09-11T16:00:00-04:00
2945,2020-09-14,16:00:00,2020-09-14T16:00:00-04:00
2946,2020-09-15,16:00:00,2020-09-15T16:00:00-04:00
2947,2020-09-16,16:00:00,2020-09-16T16:00:00-04:00
2948,2020-09-17,16:00:00,2020-09-17T16:00:00-04:00
2949,2020-09-18,16:00:00,2020-09-18T16:00:00-04:00
2950,2020-09-21,16:00:00,2020-09-21T16:00:00-04:00
2951,2020-09-22,16:00:00,2020-09-22T16:00:00-04:00
2952,2020-09-23,16:00:00,2020-09-23T16:00:00-04:00
2953,2020-09-24,16:00:00,2020-09-24T16:00:00-04:00
2954,2020-09-25,16:00:00,2020-09-25T16:00:00-04:00
2955,2020-09-28,16:00:00,2020-09-28T16:00:00-04:00
2956,2020-09-29,16:00:00,2020-09-29T16:00:00-04:00
2957,2020-09-30,16:00:00,2020-09-30T16:00:00-04:00
2958,2020-10-01,16:00:00,2020-10-01T16:00:00-04:00
2959,2020-10-02,16:00:00,2020-10-02T16:00:00-04:00
2960,2020-10-05,16:00:00,2020-10-05T16:00:00-04:00
2961,2020-10-06,16:00:00,2020-10-06T16:00:00-04:00
2962,2020-10-07,16:00:00,2020-10-07T16:00:00-04:00
2963,2020-10-08,16:00:00,2020-10-08T16:00:00-04:00
2964,2020-10-09,16:00:00,2020-10-09T16:00:00-04:00
2965,2020-10-12,16:00:00,2020-10-12T16:00:00-04:00
2966,2020-10-13,16:00:00,2020-10-13T16:00:00-04:00
2967,2020-10-14,16:00:00,2020-10-14T16:00:00-04:00
2968,2020-10-15,16:00:00,2020-10-15T16:00:00-04:00
2969,2020-10-16,16:00:00,2020-10-16T16:00:00-04:00
2970,2020-10-19,16:00:00,2020-10-19T16:00:00-04:00
2971,2020-10-20,16:00:00,2020-10-20T16:00:00-04:00
2972,2020-10-21,16:00:00,2020-10-21T16:00:00-04:00
2973,2020-10-22,16:00:00,2020-10-22T16:00:00-04:00
2974,2020-10-23,16:00:00,2020-10-23T16:00:00-04:00
2975,2020-10-26,16:00:00,2020-10-26T16:00:00-04:00
2976,2020-10-27,16:00:00,2020-10-27T16:00:00-04:00
2977,2020-10-28,16:00:00,2020-10-28T16:00:00-04:00
2978,2020-10-29,16:00:00,2020-10-29T16:00:00-04:00
2979,2020-10-30,16:00:00,2020-10-30T16:00:00-04:00
2980,2020-11-02,16:00:00,2020-11-02T16:00:00-05:00
2981,2020-11-03,16:00:00,2020-11-03T16:00:00-05:00
2982,2020-11-04,16:00:00,2020-11-04T16:00:00-05:00
2983,2020-11-05,16:00:00,2020-11-05T16:00:00-05:00
2984,2020-11-06,16:00:00,2020-11-06T16:00:00-05:00
2985,2020-11-09,16:00:00,2020-11-09T16:00:00-05:00
2986,2020-11-10,16:00:00,2020-11-10T16:00:00-05:00
2987,2020-11-11,16:00:00,2020-11-11T16:00:00-05:00
2988,2020-11-12,16:00:00,2020-11-12T16:00:00-05:00
2989,2020-11-13,16:00:00,2020-11-13T16:00:00-05:00
2990,2020-11-16,16:00:00,2020-11-16T16:00:00-05:00
2991,2020-11-17,16:00:00,2020-11-17T16:00:00-05:00
2992,2020-11-18,16:00:00,2020-11-18T16:00:00-05:00
2993,2020-11-19,16:00:00,2020-11-19T16:00:00-05:00
2994,2020-11-20,16:00:00,2020-11-20T16:00:00-05:00
2995,2020-11-23,16:00:00,2020-11-23T16:00:00-05:00
2996,2020-11-24,16:00:00,2020-11-24T16:00:00-05:00
2997,2020-11-25,16:00:00,2020-11-25T16:00:00-05:00
2998,2020-11-27,13:00:00,2020-11-27T13:00:00-05:00
2999,2020-11-30,16:00:00,2020-11-30T16:00:00-05:00
3000,2020-12-01,16:00:00,2020-12-01T16:00:00-05:00
3001,2020-12-02,16:00:00,2020-12-02T16:00:00-05:00
3002,2020-12-03,16:00:00,2020-12-03T16:00:00-05:00
3003,2020-12-04,16:00:00,2020-12-04T16:00:00-05:00
3004,2020-12-07,16:00:00,2020-12-07T16:00:00-05:00
3005,2020-12-08,16:00:00,2020-12-08T16:00:00-05:00
3006,2020-12-09,16:00:00,2020-12-09T16:00:00-05:00
3007,2020-12-10,16:00:00,2020-12-10T16:00:00-05:00
3008,2020-12-11,16:00:00,2020-12-11T16:00:00-05:00
3009,2020-12-14,16:00:00,2020-12-14T16:00:00-05:00
3010,2020-12-15,16:00:00,2020-12-15T16:00:00-05:00
3011,2020-12-16,16:00:00,2020-12-16T16:00:00-05:00
3012,2020-12-17,16:00:00,2020-12-17T16:00:00-05:00
3013,2020-12-18,16:00:00,2020-12-18T16:00:00-05:00
3014,2020-12-21,16:00:00,2020-12-21T16:00:00-05:00
3015,2020-12-22,16:00:00,2020-12-22T16:00:00-05:00
3016,2020-12-23,16:00:00,2020-12-23T16:00:00-05:00
3017,2020-12-24,13:00:00,2020-12-24T13:00:00-05:00
3018,2020-12-28,16:00:00,2020-12-28T16:00:00-05:00
3019,2020-12-29,16:00:00,2020-12-29T16:00:00-05:00
3020,2020-12-30,16:00:00,2020-12-30T16:00:00-05:00
3021,2020-12-31,16:00:00,2020-12-31T16:00:00-05:00
3022,2021-01-04,16:00:00,2021-01-04T16:00:00-05:00
3023,2021-01-05,16:00:00,2021-01-05T16:00:00-05:00
3024,2021-01-06,16:00:00,2021-01-06T16:00:00-05:00
3025,2021-01-07,16:00:00,2021-01-07T16:00:00-05:00
3026,2021-01-08,16:00:00,2021-01-08T16:00:00-05:00
3027,2021-01-11,16:00:00,2021-01-11T16:00:00-05:00
3028,2021-01-12,16:00:00,2021-01-12T16:00:00-05:00
3029,2021-01-13,16:00:00,2021-01-13T16:00:00-05:00
3030,2021-01-14,16:00:00,2021-01-14T16:00:00-05:00
3031,2021-01-15,16:00:00,2021-01-15T16:00:00-05:00
3032,2021-01-19,16:00:00,2021-01-19T16:00:00-05:00
3033,2021-01-20,16:00:00,2021-01-20T16:00:00-05:00
3034,2021-01-21,16:00:00,2021-01-21T16:00:00-05:00
3035,2021-01-22,16:00:00,2021-01-22T16:00:00-05:00
3036,2021-01-25,16:00:00,2021-01-25T16:00:00-05:00
3037,2021-01-26,16:00:00,2021-01-26T16:00:00-05:00
3038,2021-01-27,16:00:00,2021-01-27T16:00:00-05:00
3039,2021-01-28,16:00:00,2021-01-28T16:00:00-05:00
3040,2021-01-29,16:00:00,2021-01-29T16:00:00-05:00
3041,2021-02-01,16:00:00,2021-02-01T16:00:00-05:00
3042,2021-02-02,16:00:00,2021-02-02T16:00:00-05:00
3043,2021-02-03,16:00:00,2021-02-03T16:00:00-05:00
3044,2021-02-04,16:00:00,2021-02-04T16:00:00-05:00
3045,2021-02-05,16:00:00,2021-02-05T16:00:00-05:00
3046,2021-02-08,16:00:00,2021-02-08T16:00:00-05:00
3047,2021-02-09,16:00:00,2021-02-09T16:00:00-05:00
3048,2021-02-10,16:00:00,2021-02-10T16:00:00-05:00
3049,2021-02-11,16:00:00,2021-02-11T16:00:00-05:00
3050,2021-02-12,16:00:00,2021-02-12T16:00:00-05:00
3051,2021-02-16,16:00:00,2021-02-16T16:00:00-05:00
3052,2021-02-17,16:00:00,2021-02-17T16:00:00-05:00
3053,2021-02-18,16:00:00,2021-02-18T16:00:00-05:00
3054,2021-02-19,16:00:00,2021-02-19T16:00:00-05:00
3055,2021-02-22,16:00:00,2021-02-22T16:00:00-05:00
3056,2021-02-23,16:00:00,2021-02-23T16:00:00-05:00
3057,2021-02-24,16:00:00,2021-02-24T16:00:00-05:00
3058,2021-02-25,16:00:00,2021-02-25T16:00:00-05:00
3059,2021-02-26,16:00:00,2021-02-26T16:00:00-05:00
3060,2021-03-01,16:00:00,2021-03-01T16:00:00-05:00
3061,2021-03-02,16:00:00,2021-03-02T16:00:00-05:00
3062,2021-03-03,16:00:00,2021-03-03T16:00:00-05:00
3063,2021-03-04,16:00:00,2021-03-04T16:00:00-05:00
3064,2021-03-05,16:00:00,2021-03-05T16:00:00-05:00
3065,2021-03-08,16:00:00,2021-03-08T16:00:00-05:00
3066,2021-03-09,16:00:00,2021-03-09T16:00:00-05:00
3067,2021-03-10,16:00:00,2021-03-10T16:00:00-05:00
3068,2021-03-11,16:00:00,2021-03-11T16:00:00-05:00
3069,2021-03-12,16:00:00,2021-03-12T16:00:00-05:00
3070,2021-03-15,16:00:00,2021-03-15T16:00:00-04:00
3071,2021-03-16,16:00:00,2021-03-16T16:00:00-04:00
3072,2021-03-17,16:00:00,2021-03-17T16:00:00-04:00
3073,2021-03-18,16:00:00,2021-03-18T16:00:00-04:00
3074,2021-03-19,16:00:00,2021-03-19T16:00:00-04:00
3075,2021-03-22,16:00:00,2021-03-22T16:00:00-04:00
3076,2021-03-23,16:00:00,2021-03-23T16:00:00-04:00
3077,2021-03-24,16:00:00,2021-03-24T16:00:00-04:00
3078,2021-03-25,16:00:00,2021-03-25T16:00:00-04:00
3079,2021-03-26,16:00:00,2021-03-26T16:00:00-04:00
3080,2021-03-29,16:00:00,2021-03-29T16:00:00-04:00
3081,2021-03-30,16:00:00,2021-03-30T16:00:00-04:00
3082,2021-03-31,16:00:00,2021-03-31T16:00:00-04:00
3083,2021-04-01,16:00:00,2021-04-01T16:00:00-04:00
3084,2021-04-05,16:00:00,2021-04-05T16:00:00-04:00
3085,2021-04-06,16:00:00,2021-04-06T16:00:00-04:00
3086,2021-04-07,16:00:00,2021-04-07T16:00:00-04:00
3087,2021-04-08,16:00:00,2021-04-08T16:00:00-04:00
3088,2021-04-09,16:00:00,2021-04-09T16:00:00-04:00
3089,2021-04-12,16:00:00,2021-04-12T16:00:00-04:00
3090,2021-04-13,16:00:00,2021-04-13T16:00:00-04:00
3091,2021-04-14,16:00:00,2021-04-14T16:00:00-04:00
3092,2021-04-15,16:00:00,2021-04-15T16:00:00-04:00
3093,2021-04-16,16:00:00,2021-04-16T16:00:00-04:00
3094,2021-04-19,16:00:00,2021-04-19T16:00:00-04:00
3095,2021-04-20,16:00:00,2021-04-20T16:00:00-04:00
3096,2021-04-21,16:00:00,2021-04-21T16:00:00-04:00
3097,2021-04-22,16:00:00,2021-04-22T16:00:00-04:00
3098,2021-04-23,16:00:00,2021-04-23T16:00:00-04:00
3099,2021-04-26,16:00:00,2021-04-26T16:00:00-04:00
3100,2021-04-27,16:00:00,2021-04-27T16:00:00-04:00
3101,2021-04-28,16:00:00,2021-04-28T16:00:00-04:00
3102,2021-04-29,16:00:00,2021-04-29T16:00:00-04:00
3103,2021-04-30,16:00:00,2021-04-30T16:00:00-04:00
3104,2021-05-03,16:00:00,2021-05-03T16:00:00-04:00
3105,2021-05-04,16:00:00,2021-05-04T16:00:00-04:00
3106,2021-05-05,16:00:00,2021-05-05T16:00:00-04:00
3107,2021-05-06,16:00:00,2021-05-06T16:00:00-04:00
3108,2021-05-07,16:00:00,2021-05-07T16:00:00-04:00
3109,2021-05-10,16:00:00,2021-05-10T16:00:00-04:00
3110,2021-05-11,16:00:00,2021-05-11T16:00:00-04:00
3111,2021-05-12,16:00:00,2021-05-12T16:00:00-04:00
3112,2021-05-13,16:00:00,2021-05-13T16:00:00-04:00
3113,2021-05-14,16:00:00,2021-05-14T16:00:00-04:00
3114,2021-05-17,16:00:00,2021-05-17T16:00:00-04:00
3115,2021-05-18,16:00:00,2021-05-18T16:00:00-04:00
3116,2021-05-19,16:00:00,2021-05-19T16:00:00-04:00
3117,2021-05-20,16:00:00,2021-05-20T16:00:00-04:00
3118,2021-05-21,16:00:00,2021-05-21T16:00:00-04:00
3119,2021-05-24,16:00:00,2021-05-24T16:00:00-04:00
3120,2021-05-25,16:00:00,2021-05-25T16:00:00-04:00
3121,2021-05-26,16:00:00,2021-05-26T16:00:00-04:00
3122,2021-05-27,16:00:00,2021-05-27T16:00:00-04:00
3123,2021-05-28,16:00:00,2021-05-28T16:00:00-04:00
3124,2021-06-01,16:00:00,2021-06-01T16:00:00-04:00
3125,2021-06-02,16:00:00,2021-06-02T16:00:00-04:00
3126,2021-06-03,16:00:00,2021-06-03T16:00:00-04:00
3127,2021-06-04,16:00:00,2021-06-04T16:00:00-04:00
3128,2021-06-07,16:00:00,2021-06-07T16:00:00-04:00
3129,2021-06-08,16:00:00,2021-06-08T16:00:00-04:00
3130,2021-06-09,16:00:00,2021-06-09T16:00:00-04:00
3131,2021-06-10,16:00:00,2021-06-10T16:00:00-04:00
3132,2021-06-11,16:00:00,2021-06-11T16:00:00-04:00
3133,2021-06-14,16:00:00,2021-06-14T16:00:00-04:00
3134,2021-06-15,16:00:00,2021-06-15T16:00:00-04:00
3135,2021-06-16,16:00:00,2021-06-16T16:00:00-04:00
3136,2021-06-17,16:00:00,2021-06-17T16:00:00-04:00
3137,2021-06-18,16:00:00,2021-06-18T16:00:00-04:00
3138,2021-06-21,16:00:00,2021-06-21T16:00:00-04:00
3139,2021-06-22,16:00:00,2021-06-22T16:00:00-04:00
3140,2021-06-23,16:00:00,2021-06-23T16:00:00-04:00
3141,2021-06-24,16:00:00,2021-06-24T16:00:00-04:00
3142,2021-06-25,16:00:00,2021-06-25T16:00:00-04:00
3143,2021-06-28,16:00:00,2021-06-28T16:00:00-04:00
3144,2021-06-29,16:00:00,2021-06-29T16:00:00-04:00
3145,2021-06-30,16:00:00,2021-06-30T16:00:00-04:00
3146,2021-07-01,16:00:00,2021-07-01T16:00:00-04:00
3147,2021-07-02,16:00:00,2021-07-02T16:00:00-04:00
3148,2021-07-06,16:00:00,2021-07-06T16:00:00-04:00
3149,2021-07-07,16:00:00,2021-07-07T16:00:00-04:00
3150,2021-07-08,16:00:00,2021-07-08T16:00:00-04:00
3151,2021-07-09,16:00:00,2021-07-09T16:00:00-04:00
3152,2021-07-12,16:00:00,2021-07-12T16:00:00-04:00
3153,2021-07-13,16:00:00,2021-07-13T16:00:00-04:00
3154,2021-07-14,16:00:00,2021-07-14T16:00:00-04:00
3155,2021-07-15,16:00:00,2021-07-15T16:00:00-04:00
3156,2021-07-16,16:00:00,2021-07-16T16:00:00-04:00
3157,2021-07-19,16:00:00,2021-07-19T16:00:00-04:00
3158,2021-07-20,16:00:00,2021-07-20T16:00:00-04:00
3159,2021-07-21,16:00:00,2021-07-21T16:00:00-04:00
3160,2021-07-22,16:00:00,2021-07-22T16:00:00-04:00
3161,2021-07-23,16:00:00,2021-07-23T16:00:00-04:00
3162,2021-07-26,16:00:00,2021-07-26T16:00:00-04:00
3163,2021-07-27,16:00:00,2021-07-27T16:00:00-04:00
3164,2021-07-28,16:00:00,2021-07-28T16:00:00-04:00
3165,2021-07-29,16:00:00,2021-07-29T16:00:00-04:00
3166,2021-07-30,16:00:00,2021-07-30T16:00:00-04:00
3167,2021-08-02,16:00:00,2021-08-02T16:00:00-04:00
3168,2021-08-03,16:00:00,2021-08-03T16:00:00-04:00
3169,2021-08-04,16:00:00,2021-08-04T16:00:00-04:00
3170,2021-08-05,16:00:00,2021-08-05T16:00:00-04:00
3171,2021-08-06,16:00:00,2021-08-06T16:00:00-04:00
3172,2021-08-09,16:00:00,2021-08-09T16:00:00-04:00
3173,2021-08-10,16:00:00,2021-08-10T16:00:00-04:00
3174,2021-08-11,16:00:00,2021-08-11T16:00:00-04:00
3175,2021-08-12,16:00:00,2021-08-12T16:00:00-04:00
3176,2021-08-13,16:00:00,2021-08-13T16:00:00-04:00
3177,2021-08-16,16:00:00,2021-08-16T16:00:00-04:00
3178,2021-08-17,16:00:00,2021-08-17T16:00:00-04:00
3179,2021-08-18,16:00:00,2021-08-18T16:00:00-04:00
3180,2021-08-19,16:00:00,2021-08-19T16:00:00-04:00
3181,2021-08-20,16:00:00,2021-08-20T16:00:00-04:00
3182,2021-08-23,16:00:00,2021-08-23T16:00:00-04:00
3183,2021-08-24,16:00:00,2021-08-24T16:00:00-04:00
3184,2021-08-25,16:00:00,2021-08-25T16:00:00-04:00
3185,2021-08-26,16:00:00,2021-08-26T16:00:00-04:00
3186,2021-08-27,16:00:00,2021-08-27T16:00:00-04:00
3187,2021-08-30,16:00:00,2021-08-30T16:00:00-04:00
3188,2021-08-31,16:00:00,2021-08-31T16:00:00-04:00
3189,2021-09-01,16:00:00,2021-09-01T16:00:00-04:00
3190,2021-09-02,16:00:00,2021-09-02T16:00:00-04:00
3191,2021-09-03,16:00:00,2021-09-03T16:00:00-04:00
3192,2021-09-07,16:00:00,2021-09-07T16:00:00-04:00
3193,2021-09-08,16:00:00,2021-09-08T16:00:00-04:00
3194,2021-09-09,16:00:00,2021-09-09T16:00:00-04:00
3195,2021-09-10,16:00:00,2021-09-10T16:00:00-04:00
3196,2021-09-13,16:00:00,2021-09-13T16:00:00-04:00
3197,2021-09-14,16:00:00,2021-09-14T16:00:00-04:00
3198,2021-09-15,16:00:00,2021-09-15T16:00:00-04:00
3199,2021-09-16,16:00:00,2021-09-16T16:00:00-04:00
3200,2021-09-17,16:00:00,2021-09-17T16:00:00-04:00
3201,2021-09-20,16:00:00,2021-09-20T16:00:00-04:00
3202,2021-09-21,16:00:00,2021-09-21T16:00:00-04:00
3203,2021-09-22,16:00:00,2021-09-22T16:00:00-04:00
3204,2021-09-23,16:00:00,2021-09-23T16:00:00-04:00
3205,2021-09-24,16:00:00,2021-09-24T16:00:00-04:00
3206,2021-09-27,16:00:00,2021-09-27T16:00:00-04:00
3207,2021-09-28,16:00:00,2021-09-28T16:00:00-04:00
3208,2021-09-29,16:00:00,2021-09-29T16:00:00-04:00
3209,2021-09-30,16:00:00,2021-09-30T16:00:00-04:00
3210,2021-10-01,16:00:00,2021-10-01T16:00:00-04:00
3211,2021-10-04,16:00:00,2021-10-04T16:00:00-04:00
3212,2021-10-05,16:00:00,2021-10-05T16:00:00-04:00
3213,2021-10-06,16:00:00,2021-10-06T16:00:00-04:00
3214,2021-10-07,16:00:00,2021-10-07T16:00:00-04:00
3215,2021-10-08,16:00:00,2021-10-08T16:00:00-04:00
3216,2021-10-11,16:00:00,2021-10-11T16:00:00-04:00
3217,2021-10-12,16:00:00,2021-10-12T16:00:00-04:00
3218,2021-10-13,16:00:00,2021-10-13T16:00:00-04:00
3219,2021-10-14,16:00:00,2021-10-14T16:00:00-04:00
3220,2021-10-15,16:00:00,2021-10-15T16:00:00-04:00
3221,2021-10-18,16:00:00,2021-10-18T16:00:00-04:00
3222,2021-10-19,16:00:00,2021-10-19T16:00:00-04:00
3223,2021-10-20,16:00:00,2021-10-20T16:00:00-04:00
3224,2021-10-21,16:00:00,2021-10-21T16:00:00-04:00
3225,2021-10-22,16:00:00,2021-10-22T16:00:00-04:00
3226,2021-10-25,16:00:00,2021-10-25T16:00:00-04:00
3227,2021-10-26,16:00:00,2021-10-26T16:00:00-04:00
3228,2021-10-27,16:00:00,2021-10-27T16:00:00-04:00
3229,2021-10-28,16:00:00,2021-10-28T16:00:00-04:00
3230,2021-10-29,16:00:00,2021-10-29T16:00:00-04:00
3231,2021-11-01,16:00:00,2021-11-01T16:00:00-04:00
3232,2021-11-02,16:00:00,2021-11-02T16:00:00-04:00
3233,2021-11-03,16:00:00,2021-11-03T16:00:00-04:00
3234,2021-11-04,16:00:00,2021-11-04T16:00:00-04:00
3235,2021-11-05,16:00:00,2021-11-05T16:00:00-04:00
3236,2021-11-08,16:00:00,2021-11-08T16:00:00-05:00
3237,2021-11-09,16:00:00,2021-11-09T16:00:00-05:00
3238,2021-11-10,16:00:00,2021-11-10T16:00:00-05:00
3239,2021-11-11,16:00:00,2021-11-11T16:00:00-05:00
3240,2021-11-12,16:00:00,2021-11-12T16:00:00-05:00
3241,2021-11-15,16:00:00,2021-11-15T16:00:00-05:00
3242,2021-11-16,16:00:00,2021-11-16T16:00:00-05:00
3243,2021-11-17,16:00:00,2021-11-17T16:00:00-05:00
3244,2021-11-18,16:00:00,2021-11-18T16:00:00-05:00
3245,2021-11-19,16:00:00,2021-11-19T16:00:00-05:00
3246,2021-11-22,16:00:00,2021-11-22T16:00:00-05:00
3247,2021-11-23,16:00:00,2021-11-23T16:00:00-05:00
3248,2021-11-24,16:00:00,2021-11-24T16:00:00-05:00
3249,2021-11-26,13:00:00,2021-11-26T13:00:00-05:00
3250,2021-11-29,16:00:00,2021-11-29T16:00:00-05:00
3251,2021-11-30,16:00:00,2021-11-30T16:00:00-05:00
3252,2021-12-01,16:00:00,2021-12-01T16:00:00-05:00
3253,2021-12-02,16:00:00,2021-12-02T16:00:00-05:00
3254,2021-12-03,16:00:00,2021-12-03T16:00:00-05:00
3255,2021-12-06,16:00:00,2021-12-06T16:00:00-05:00
3256,2021-12-07,16:00:00,2021-12-07T16:00:00-05:00
3257,2021-12-08,16:00:00,2021-12-08T16:00:00-05:00
3258,2021-12-09,16:00:00,2021-12-09T16:00:00-05:00
3259,2021-12-10,16:00:00,2021-12-10T16:00:00-05:00
3260,2021-12-13,16:00:00,2021-12-13T16:00:00-05:00
3261,2021-12-14,16:00:00,2021-12-14T16:00:00-05:00
3262,2021-12-15,16:00:00,2021-12-15T16:00:00-05:00
3263,2021-12-16,16:00:00,2021-12-16T16:00:00-05:00
3264,2021-12-17,16:00:00,2021-12-17T16:00:00-05:00
3265,2021-12-20,16:00:00,2021-12-20T16:00:00-05:00
3266,2021-12-21,16:00:00,2021-12-21T16:00:00-05:00
3267,2021-12-22,16:00:00,2021-12-22T16:00:00-05:00
3268,2021-12-23,16:00:00,2021-12-23T16:00:00-05:00
3269,2021-12-27,16:00:00,2021-12-27T16:00:00-05:00
3270,2021-12-28,16:00:00,2021-12-28T16:00:00-05:00
3271,2021-12-29,16:00:00,2021-12-29T16:00:00-05:00
3272,2021-12-30,16:00:00,2021-12-30T16:00:00-05:00
3273,2021-12-31,16:00:00,2021-12-31T16:00:00-05:00
3274,2022-01-03,16:00:00,2022-01-03T16:00:00-05:00
3275,2022-01-04,16:00:00,2022-01-04T16:00:00-05:00
3276,2022-01-05,16:00:00,2022-01-05T16:00:00-05:00
3277,2022-01-06,16:00:00,2022-01-06T16:00:00-05:00
3278,2022-01-07,16:00:00,2022-01-07T16:00:00-05:00
3279,2022-01-10,16:00:00,2022-01-10T16:00:00-05:00
3280,2022-01-11,16:00:00,2022-01-11T16:00:00-05:00
3281,2022-01-12,16:00:00,2022-01-12T16:00:00-05:00
3282,2022-01-13,16:00:00,2022-01-13T16:00:00-05:00
3283,2022-01-14,16:00:00,2022-01-14T16:00:00-05:00
3284,2022-01-18,16:00:00,2022-01-18T16:00:00-05:00
3285,2022-01-19,16:00:00,2022-01-19T16:00:00-05:00
3286,2022-01-20,16:00:00,2022-01-20T16:00:00-05:00
3287,2022-01-21,16:00:00,2022-01-21T16:00:00-05:00
3288,2022-01-24,16:00:00,2022-01-24T16:00:00-05:00
3289,2022-01-25,16:00:00,2022-01-25T16:00:00-05:00
3290,2022-01-26,16:00:00,2022-01-26T16:00:00-05:00
3291,2022-01-27,16:00:00,2022-01-27T16:00:00-05:00
3292,2022-01-28,16:00:00,2022-01-28T16:00:00-05:00
3293,2022-01-31,16:00:00,2022-01-31T16:00:00-05:00
3294,2022-02-01,16:00:00,2022-02-01T16:00:00-05:00
3295,2022-02-02,16:00:00,2022-02-02T16:00:00-05:00
3296,2022-02-03,16:00:00,2022-02-03T16:00:00-05:00
3297,2022-02-04,16:00:00,2022-02-04T16:00:00-05:00
3298,2022-02-07,16:00:00,2022-02-07T16:00:00-05:00
3299,2022-02-08,16:00:00,2022-02-08T16:00:00-05:00
3300,2022-02-09,16:00:00,2022-02-09T16:00:00-05:00
3301,2022-02-10,16:00:00,2022-02-10T16:00:00-05:00
3302,2022-02-11,16:00:00,2022-02-11T16:00:00-05:00
3303,2022-02-14,16:00:00,2022-02-14T16:00:00-05:00
3304,2022-02-15,16:00:00,2022-02-15T16:00:00-05:00
3305,2022-02-16,16:00:00,2022-02-16T16:00:00-05:00
3306,2022-02-17,16:00:00,2022-02-17T16:00:00-05:00
3307,2022-02-18,16:00:00,2022-02-18T16:00:00-05:00
3308,2022-02-22,16:00:00,2022-02-22T16:00:00-05:00
3309,2022-02-23,16:00:00,2022-02-23T16:00:00-05:00
3310,2022-02-24,16:00:00,2022-02-24T16:00:00-05:00
3311,2022-02-25,16:00:00,2022-02-25T16:00:00-05:00
3312,2022-02-28,16:00:00,2022-02-28T16:00:00-05:00
3313,2022-03-01,16:00:00,2022-03-01T16:00:00-05:00
3314,2022-03-02,16:00:00,2022-03-02T16:00:00-05:00
3315,2022-03-03,16:00:00,2022-03-03T16:00:00-05:00
3316,2022-03-04,16:00:00,2022-03-04T16:00:00-05:00
3317,2022-03-07,16:00:00,2022-03-07T16:00:00-05:00
3318,2022-03-08,16:00:00,2022-03-08T16:00:00-05:00
3319,2022-03-09,16:00:00,2022-03-09T16:00:00-05:00
3320,2022-03-10,16:00:00,2022-03-10T16:00:00-05:00
3321,2022-03-11,16:00:00,2022-03-11T16:00:00-05:00
3322,2022-03-14,16:00:00,2022-03-14T16:00:00-04:00
3323,2022-03-15,16:00:00,2022-03-15T16:00:00-04:00
3324,2022-03-16,16:00:00,2022-03-16T16:00:00-04:00
3325,2022-03-17,16:00:00,2022-03-17T16:00:00-04:00
3326,2022-03-18,16:00:00,2022-03-18T16:00:00-04:00
3327,2022-03-21,16:00:00,2022-03-21T16:00:00-04:00
3328,2022-03-22,16:00:00,2022-03-22T16:00:00-04:00
3329,2022-03-23,16:00:00,2022-03-23T16:00:00-04:00
3330,2022-03-24,16:00:00,2022-03-24T16:00:00-04:00
3331,2022-03-25,16:00:00,2022-03-25T16:00:00-04:00
3332,2022-03-28,16:00:00,2022-03-28T16:00:00-04:00
3333,2022-03-29,16:00:00,2022-03-29T16:00:00-04:00
3334,2022-03-30,16:00:00,2022-03-30T16:00:00-04:00
3335,2022-03-31,16:00:00,2022-03-31T16:00:00-04:00
3336,2022-04-01,16:00:00,2022-04-01T16:00:00-04:00
3337,2022-04-04,16:00:00,2022-04-04T16:00:00-04:00
3338,2022-04-05,16:00:00,2022-04-05T16:00:00-04:00
3339,2022-04-06,16:00:00,2022-04-06T16:00:00-04:00
3340,2022-04-07,16:00:00,2022-04-07T16:00:00-04:00
3341,2022-04-08,16:00:00,2022-04-08T16:00:00-04:00
3342,2022-04-11,16:00:00,2022-04-11T16:00:00-04:00
3343,2022-04-12,16:00:00,2022-04-12T16:00:00-04:00
3344,2022-04-13,16:00:00,2022-04-13T16:00:00-04:00
3345,2022-04-14,16:00:00,2022-04-14T16:00:00-04:00
3346,2022-04-18,16:00:00,2022-04-18T16:00:00-04:00
3347,2022-04-19,16:00:00,2022-04-19T16:00:00-04:00
3348,2022-04-20,16:00:00,2022-04-20T16:00:00-04:00
3349,2022-04-21,16:00:00,2022-04-21T16:00:00-04:00
3350,2022-04-22,16:00:00,2022-04-22T16:00:00-04:00
3351,2022-04-25,16:00:00,2022-04-25T16:00:00-04:00
3352,2022-04-26,16:00:00,2022-04-26T16:00:00-04:00
3353,2022-04-27,16:00:00,2022-04-27T16:00:00-04:00
3354,2022-04-28,16:00:00,2022-04-28T16:00:00-04:00
3355,2022-04-29,16:00:00,2022-04-29T16:00:00-04:00
3356,2022-05-02,16:00:00,2022-05-02T16:00:00-04:00
3357,2022-05-03,16:00:00,2022-05-03T16:00:00-04:00
3358,2022-05-04,16:00:00,2022-05-04T16:00:00-04:00
3359,2022-05-05,16:00:00,2022-05-05T16:00:00-04:00
3360,2022-05-06,16:00:00,2022-05-06T16:00:00-04:00
3361,2022-05-09,16:00:00,2022-05-09T16:00:00-04:00
3362,2022-05-10,16:00:00,2022-05-10T16:00:00-04:00
3363,2022-05-11,16:00:00,2022-05-11T16:00:00-04:00
3364,2022-05-12,16:00:00,2022-05-12T16:00:00-04:00
3365,2022-05-13,16:00:00,2022-05-13T16:00:00-04:00
3366,2022-05-16,16:00:00,2022-05-16T16:00:00-04:00
3367,2022-05-17,16:00:00,2022-05-17T16:00:00-04:00
3368,2022-05-18,16:00:00,2022-05-18T16:00:00-04:00
3369,2022-05-19,16:00:00,2022-05-19T16:00:00-04:00
3370,2022-05-20,16:00:00,2022-05-20T16:00:00-04:00
3371,2022-05-23,16:00:00,2022-05-23T16:00:00-04:00
3372,2022-05-24,16:00:00,2022-05-24T16:00:00-04:00
3373,2022-05-25,16:00:00,2022-05-25T16:00:00-04:00
3374,2022-05-26,16:00:00,2022-05-26T16:00:00-04:00
3375,2022-05-27,16:00:00,2022-05-27T16:00:00-04:00
3376,2022-05-31,16:00:00,2022-05-31T16:00:00-04:00
3377,2022-06-01,16:00:00,2022-06-01T16:00:00-04:00
3378,2022-06-02,16:00:00,2022-06-02T16:00:00-04:00
3379,2022-06-03,16:00:00,2022-06-03T16:00:00-04:00
3380,2022-06-06,16:00:00,2022-06-06T16:00:00-04:00
3381,2022-06-07,16:00:00,2022-06-07T16:00:00-04:00
3382,2022-06-08,16:00:00,2022-06-08T16:00:00-04:00
3383,2022-06-09,16:00:00,2022-06-09T16:00:00-04:00
3384,2022-06-10,16:00:00,2022-06-10T16:00:00-04:00
3385,2022-06-13,16:00:00,2022-06-13T16:00:00-04:00
3386,2022-06-14,16:00:00,2022-06-14T16:00:00-04:00
3387,2022-06-15,16:00:00,2022-06-15T16:00:00-04:00
3388,2022-06-16,16:00:00,2022-06-16T16:00:00-04:00
3389,2022-06-17,16:00:00,2022-06-17T16:00:00-04:00
3390,2022-06-21,16:00:00,2022-06-21T16:00:00-04:00
3391,2022-06-22,16:00:00,2022-06-22T16:00:00-04:00
3392,2022-06-23,16:00:00,2022-06-23T16:00:00-04:00
3393,2022-06-24,16:00:00,2022-06-24T16:00:00-04:00
3394,2022-06-27,16:00:00,2022-06-27T16:00:00-04:00
3395,2022-06-28,16:00:00,2022-06-28T16:00:00-04:00
3396,2022-06-29,16:00:00,2022-06-29T16:00:00-04:00
3397,2022-06-30,16:00:00,2022-06-30T16:00:00-04:00
3398,2022-07-01,16:00:00,2022-07-01T16:00:00-04:00
3399,2022-07-05,16:00:00,2022-07-05T16:00:00-04:00
3400,2022-07-06,16:00:00,2022-07-06T16:00:00-04:00
3401,2022-07-07,16:00:00,2022-07-07T16:00:00-04:00
3402,2022-07-08,16:00:00,2022-07-08T16:00:00-04:00
3403,2022-07-11,16:00:00,2022-07-11T16:00:00-04:00
3404,2022-07-12,16:00:00,2022-07-12T16:00:00-04:00
3405,2022-07-13,16:00:00,2022-07-13T16:00:00-04:00
3406,2022-07-14,16:00:00,2022-07-14T16:00:00-04:00
3407,2022-07-15,16:00:00,2022-07-15T16:00:00-04:00
3408,2022-07-18,16:00:00,2022-07-18T16:00:00-04:00
3409,2022-07-19,16:00:00,2022-07-19T16:00:00-04:00
3410,2022-07-20,16:00:00,2022-07-20T16:00:00-04:00
3411,2022-07-21,16:00:00,2022-07-21T16:00:00-04:00
3412,2022-07-22,16:00:00,2022-07-22T16:00:00-04:00
3413,2022-07-25,16:00:00,2022-07-25T16:00:00-04:00
3414,2022-07-26,16:00:00,2022-07-26T16:00:00-04:00
3415,2022-07-27,16:00:00,2022-07-27T16:00:00-04:00
3416,2022-07-28,16:00:00,2022-07-28T16:00:00-04:00
3417,2022-07-29,16:00:00,2022-07-29T16:00:00-04:00
3418,2022-08-01,16:00:00,2022-08-01T16:00:00-04:00
3419,2022-08-02,16:00:00,2022-08-02T16:00:00-04:00
3420,2022-08-03,16:00:00,2022-08-03T16:00:00-04:00
3421,2022-08-04,16:00:00,2022-08-04T16:00:00-04:00
3422,2022-08-05,16:00:00,2022-08-05T16:00:00-04:00
3423,2022-08-08,16:00:00,2022-08-08T16:00:00-04:00
3424,2022-08-09,16:00:00,2022-08-09T16:00:00-04:00
3425,2022-08-10,16:00:00,2022-08-10T16:00:00-04:00
3426,2022-08-11,16:00:00,2022-08-11T16:00:00-04:00
3427,2022-08-12,16:00:00,2022-08-12T16:00:00-04:00
3428,2022-08-15,16:00:00,2022-08-15T16:00:00-04:00
3429,2022-08-16,16:00:00,2022-08-16T16:00:00-04:00
3430,2022-08-17,16:00:00,2022-08-17T16:00:00-04:00
3431,2022-08-18,16:00:00,2022-08-18T16:00:00-04:00
3432,2022-08-19,16:00:00,2022-08-19T16:00:00-04:00
3433,2022-08-22,16:00:00,2022-08-22T16:00:00-04:00
3434,2022-08-23,16:00:00,2022-08-23T16:00:00-04:00
3435,2022-08-24,16:00:00,2022-08-24T16:00:00-04:00
3436,2022-08-25,16:00:00,2022-08-25T16:00:00-04:00
3437,2022-08-26,16:00:00,2022-08-26T16:00:00-04:00
3438,2022-08-29,16:00:00,2022-08-29T16:00:00-04:00
3439,2022-08-30,16:00:00,2022-08-30T16:00:00-04:00
3440,2022-08-31,16:00:00,2022-08-31T16:00:00-04:00
3441,2022-09-01,16:00:00,2022-09-01T16:00:00-04:00
3442,2022-09-02,16:00:00,2022-09-02T16:00:00-04:00
3443,2022-09-06,16:00:00,2022-09-06T16:00:00-04:00
3444,2022-09-07,16:00:00,2022-09-07T16:00:00-04:00
3445,2022-09-08,16:00:00,2022-09-08T16:00:00-04:00
3446,2022-09-09,16:00:00,2022-09-09T16:00:00-04:00
3447,2022-09-12,16:00:00,2022-09-12T16:00:00-04:00
3448,2022-09-13,16:00:00,2022-09-13T16:00:00-04:00
3449,2022-09-14,16:00:00,2022-09-14T16:00:00-04:00
3450,2022-09-15,16:00:00,2022-09-15T16:00:00-04:00
3451,2022-09-16,16:00:00,2022-09-16T16:00:00-04:00
3452,2022-09-19,16:00:00,2022-09-19T16:00:00-04:00
3453,2022-09-20,16:00:00,2022-09-20T16:00:00-04:00
3454,2022-09-21,16:00:00,2022-09-21T16:00:00-04:00
3455,2022-09-22,16:00:00,2022-09-22T16:00:00-04:00
3456,2022-09-23,16:00:00,2022-09-23T16:00:00-04:00
3457,2022-09-26,16:00:00,2022-09-26T16:00:00-04:00
3458,2022-09-27,16:00:00,2022-09-27T16:00:00-04:00
3459,2022-09-28,16:00:00,2022-09-28T16:00:00-04:00
3460,2022-09-29,16:00:00,2022-09-29T16:00:00-04:00
3461,2022-09-30,16:00:00,2022-09-30T16:00:00-04:00
3462,2022-10-03,16:00:00,2022-10-03T16:00:00-04:00
3463,2022-10-04,16:00:00,2022-10-04T16:00:00-04:00
3464,2022-10-05,16:00:00,2022-10-05T16:00:00-04:00
3465,2022-10-06,16:00:00,2022-10-06T16:00:00-04:00
3466,2022-10-07,16:00:00,2022-10-07T16:00:00-04:00
3467,2022-10-10,16:00:00,2022-10-10T16:00:00-04:00
3468,2022-10-11,16:00:00,2022-10-11T16:00:00-04:00
3469,2022-10-12,16:00:00,2022-10-12T16:00:00-04:00
3470,2022-10-13,16:00:00,2022-10-13T16:00:00-04:00
3471,2022-10-14,16:00:00,2022-10-14T16:00:00-04:00
3472,2022-10-17,16:00:00,2022-10-17T16:00:00-04:00
3473,2022-10-18,16:00:00,2022-10-18T16:00:00-04:00
3474,2022-10-19,16:00:00,2022-10-19T16:00:00-04:00
3475,2022-10-20,16:00:00,2022-10-20T16:00:00-04:00
3476,2022-10-21,16:00:00,2022-10-21T16:00:00-04:00
3477,2022-10-24,16:00:00,2022-10-24T16:00:00-04:00
3478,2022-10-25,16:00:00,2022-10-25T16:00:00-04:00
3479,2022-10-26,16:00:00,2022-10-26T16:00:00-04:00
3480,2022-10-27,16:00:00,2022-10-27T16:00:00-04:00
3481,2022-10-28,16:00:00,2022-10-28T16:00:00-04:00
3482,2022-10-31,16:00:00,2022-10-31T16:00:00-04:00
3483,2022-11-01,16:00:00,2022-11-01T16:00:00-04:00
3484,2022-11-02,16:00:00,2022-11-02T16:00:00-04:00
3485,2022-11-03,16:00:00,2022-11-03T16:00:00-04:00
3486,2022-11-04,16:00:00,2022-11-04T16:00:00-04:00
3487,2022-11-07,16:00:00,2022-11-07T16:00:00-05:00
3488,2022-11-08,16:00:00,2022-11-08T16:00:00-05:00
3489,2022-11-09,16:00:00,2022-11-09T16:00:00-05:00
3490,2022-11-10,16:00:00,2022-11-10T16:00:00-05:00
3491,2022-11-11,16:00:00,2022-11-11T16:00:00-05:00
3492,2022-11-14,16:00:00,2022-11-14T16:00:00-05:00
3493,2022-11-15,16:00:00,2022-11-15T16:00:00-05:00
3494,2022-11-16,16:00:00,2022-11-16T16:00:00-05:00
3495,2022-11-17,16:00:00,2022-11-17T16:00:00-05:00
3496,2022-11-18,16:00:00,2022-11-18T16:00:00-05:00
3497,2022-11-21,16:00:00,2022-11-21T16:00:00-05:00
3498,2022-11-22,16:00:00,2022-11-22T16:00:00-05:00
3499,2022-11-23,16:00:00,2022-11-23T16:00:00-05:00
3500,2022-11-25,13:00:00,2022-11-25T13:00:00-05:00
3501,2022-11-28,16:00:00,2022-11-28T16:00:00-05:00
3502,2022-11-29,16:00:00,2022-11-29T16:00:00-05:00
3503,2022-11-30,16:00:00,2022-11-30T16:00:00-05:00
3504,2022-12-01,16:00:00,2022-12-01T16:00:00-05:00
3505,2022-12-02,16:00:00,2022-12-02T16:00:00-05:00
3506,2022-12-05,16:00:00,2022-12-05T16:00:00-05:00
3507,2022-12-06,16:00:00,2022-12-06T16:00:00-05:00
3508,2022-12-07,16:00:00,2022-12-07T16:00:00-05:00
3509,2022-12-08,16:00:00,2022-12-08T16:00:00-05:00
3510,2022-12-09,16:00:00,2022-12-09T16:00:00-05:00
3511,2022-12-12,16:00:00,2022-12-12T16:00:00-05:00
3512,2022-12-13,16:00:00,2022-12-13T16:00:00-05:00
3513,2022-12-14,16:00:00,2022-12-14T16:00:00-05:00
3514,2022-12-15,16:00:00,2022-12-15T16:00:00-05:00
3515,2022-12-16,16:00:00,2022-12-16T16:00:00-05:00
3516,2022-12-19,16:00:00,2022-12-19T16:00:00-05:00
3517,2022-12-20,16:00:00,2022-12-20T16:00:00-05:00
3518,2022-12-21,16:00:00,2022-12-21T16:00:00-05:00
3519,2022-12-22,16:00:00,2022-12-22T16:00:00-05:00
3520,2022-12-23,16:00:00,2022-12-23T16:00:00-05:00
3521,2022-12-27,16:00:00,2022-12-27T16:00:00-05:00
3522,2022-12-28,16:00:00,2022-12-28T16:00:00-05:00
3523,2022-12-29,16:00:00,2022-12-29T16:00:00-05:00
3524,2022-12-30,16:00:00,2022-12-30T16:00:00-05:00
3525,2023-01-03,16:00:00,2023-01-03T16:00:00-05:00
3526,2023-01-04,16:00:00,2023-01-04T16:00:00-05:00
3527,2023-01-05,16:00:00,2023-01-05T16:00:00-05:00
3528,2023-01-06,16:00:00,2023-01-06T16:00:00-05:00
3529,2023-01-09,16:00:00,2023-01-09T16:00:00-05:00
3530,2023-01-10,16:00:00,2023-01-10T16:00:00-05:00
3531,2023-01-11,16:00:00,2023-01-11T16:00:00-05:00
3532,2023-01-12,16:00:00,2023-01-12T16:00:00-05:00
3533,2023-01-13,16:00:00,2023-01-13T16:00:00-05:00
3534,2023-01-17,16:00:00,2023-01-17T16:00:00-05:00
3535,2023-01-18,16:00:00,2023-01-18T16:00:00-05:00
3536,2023-01-19,16:00:00,2023-01-19T16:00:00-05:00
3537,2023-01-20,16:00:00,2023-01-20T16:00:00-05:00
3538,2023-01-23,16:00:00,2023-01-23T16:00:00-05:00
3539,2023-01-24,16:00:00,2023-01-24T16:00:00-05:00
3540,2023-01-25,16:00:00,2023-01-25T16:00:00-05:00
3541,2023-01-26,16:00:00,2023-01-26T16:00:00-05:00
3542,2023-01-27,16:00:00,2023-01-27T16:00:00-05:00
3543,2023-01-30,16:00:00,2023-01-30T16:00:00-05:00
3544,2023-01-31,16:00:00,2023-01-31T16:00:00-05:00
3545,2023-02-01,16:00:00,2023-02-01T16:00:00-05:00
3546,2023-02-02,16:00:00,2023-02-02T16:00:00-05:00
3547,2023-02-03,16:00:00,2023-02-03T16:00:00-05:00
3548,2023-02-06,16:00:00,2023-02-06T16:00:00-05:00
3549,2023-02-07,16:00:00,2023-02-07T16:00:00-05:00
3550,2023-02-08,16:00:00,2023-02-08T16:00:00-05:00
3551,2023-02-09,16:00:00,2023-02-09T16:00:00-05:00
3552,2023-02-10,16:00:00,2023-02-10T16:00:00-05:00
3553,2023-02-13,16:00:00,2023-02-13T16:00:00-05:00
3554,2023-02-14,16:00:00,2023-02-14T16:00:00-05:00
3555,2023-02-15,16:00:00,2023-02-15T16:00:00-05:00
3556,2023-02-16,16:00:00,2023-02-16T16:00:00-05:00
3557,2023-02-17,16:00:00,2023-02-17T16:00:00-05:00
3558,2023-02-21,16:00:00,2023-02-21T16:00:00-05:00
3559,2023-02-22,16:00:00,2023-02-22T16:00:00-05:00
3560,2023-02-23,16:00:00,2023-02-23T16:00:00-05:00
3561,2023-02-24,16:00:00,2023-02-24T16:00:00-05:00
3562,2023-02-27,16:00:00,2023-02-27T16:00:00-05:00
3563,2023-02-28,16:00:00,2023-02-28T16:00:00-05:00
3564,2023-03-01,16:00:00,2023-03-01T16:00:00-05:00
3565,2023-03-02,16:00:00,2023-03-02T16:00:00-05:00
3566,2023-03-03,16:00:00,2023-03-03T16:00:00-05:00
3567,2023-03-06,16:00:00,2023-03-06T16:00:00-05:00
3568,2023-03-07,16:00:00,2023-03-07T16:00:00-05:00
3569,2023-03-08,16:00:00,2023-03-08T16:00:00-05:00
3570,2023-03-09,16:00:00,2023-03-09T16:00:00-05:00
3571,2023-03-10,16:00:00,2023-03-10T16:00:00-05:00
3572,2023-03-13,16:00:00,2023-03-13T16:00:00-04:00
3573,2023-03-14,16:00:00,2023-03-14T16:00:00-04:00
3574,2023-03-15,16:00:00,2023-03-15T16:00:00-04:00
3575,2023-03-16,16:00:00,2023-03-16T16:00:00-04:00
3576,2023-03-17,16:00:00,2023-03-17T16:00:00-04:00
3577,2023-03-20,16:00:00,2023-03-20T16:00:00-04:00
3578,2023-03-21,16:00:00,2023-03-21T16:00:00-04:00
3579,2023-03-22,16:00:00,2023-03-22T16:00:00-04:00
3580,2023-03-23,16:00:00,2023-03-23T16:00:00-04:00
3581,2023-03-24,16:00:00,2023-03-24T16:00:00-04:00
3582,2023-03-27,16:00:00,2023-03-27T16:00:00-04:00
3583,2023-03-28,16:00:00,2023-03-28T16:00:00-04:00
3584,2023-03-29,16:00:00,2023-03-29T16:00:00-04:00
3585,2023-03-30,16:00:00,2023-03-30T16:00:00-04:00
3586,2023-03-31,16:00:00,2023-03-31T16:00:00-04:00
3587,2023-04-03,16:00:00,2023-04-03T16:00:00-04:00
3588,2023-04-04,16:00:00,2023-04-04T16:00:00-04:00
3589,2023-04-05,16:00:00,2023-04-05T16:00:00-04:00
3590,2023-04-06,16:00:00,2023-04-06T16:00:00-04:00
3591,2023-04-10,16:00:00,2023-04-10T16:00:00-04:00
3592,2023-04-11,16:00:00,2023-04-11T16:00:00-04:00
3593,2023-04-12,16:00:00,2023-04-12T16:00:00-04:00
3594,2023-04-13,16:00:00,2023-04-13T16:00:00-04:00
3595,2023-04-14,16:00:00,2023-04-14T16:00:00-04:00
3596,2023-04-17,16:00:00,2023-04-17T16:00:00-04:00
3597,2023-04-18,16:00:00,2023-04-18T16:00:00-04:00
3598,2023-04-19,16:00:00,2023-04-19T16:00:00-04:00
3599,2023-04-20,16:00:00,2023-04-20T16:00:00-04:00
3600,2023-04-21,16:00:00,2023-04-21T16:00:00-04:00
3601,2023-04-24,16:00:00,2023-04-24T16:00:00-04:00
3602,2023-04-25,16:00:00,2023-04-25T16:00:00-04:00
3603,2023-04-26,16:00:00,2023-04-26T16:00:00-04:00
3604,2023-04-27,16:00:00,2023-04-27T16:00:00-04:00
3605,2023-04-28,16:00:00,2023-04-28T16:00:00-04:00
3606,2023-05-01,16:00:00,2023-05-01T16:00:00-04:00
3607,2023-05-02,16:00:00,2023-05-02T16:00:00-04:00
3608,2023-05-03,16:00:00,2023-05-03T16:00:00-04:00
3609,2023-05-04,16:00:00,2023-05-04T16:00:00-04:00
3610,2023-05-05,16:00:00,2023-05-05T16:00:00-04:00
3611,2023-05-08,16:00:00,2023-05-08T16:00:00-04:00
3612,2023-05-09,16:00:00,2023-05-09T16:00:00-04:00
3613,2023-05-10,16:00:00,2023-05-10T16:00:00-04:00
3614,2023-05-11,16:00:00,2023-05-11T16:00:00-04:00
3615,2023-05-12,16:00:00,2023-05-12T16:00:00-04:00
3616,2023-05-15,16:00:00,2023-05-15T16:00:00-04:00
3617,2023-05-16,16:00:00,2023-05-16T16:00:00-04:00
3618,2023-05-17,16:00:00,2023-05-17T16:00:00-04:00
3619,2023-05-18,16:00:00,2023-05-18T16:00:00-04:00
3620,2023-05-19,16:00:00,2023-05-19T16:00:00-04:00
3621,2023-05-22,16:00:00,2023-05-22T16:00:00-04:00
3622,2023-05-23,16:00:00,2023-05-23T16:00:00-04:00
3623,2023-05-24,16:00:00,2023-05-24T16:00:00-04:00
3624,2023-05-25,16:00:00,2023-05-25T16:00:00-04:00
3625,2023-05-26,16:00:00,2023-05-26T16:00:00-04:00
3626,2023-05-30,16:00:00,2023-05-30T16:00:00-04:00
3627,2023-05-31,16:00:00,2023-05-31T16:00:00-04:00
3628,2023-06-01,16:00:00,2023-06-01T16:00:00-04:00
3629,2023-06-02,16:00:00,2023-06-02T16:00:00-04:00
3630,2023-06-05,16:00:00,2023-06-05T16:00:00-04:00
3631,2023-06-06,16:00:00,2023-06-06T16:00:00-04:00
3632,2023-06-07,16:00:00,2023-06-07T16:00:00-04:00
3633,2023-06-08,16:00:00,2023-06-08T16:00:00-04:00
3634,2023-06-09,16:00:00,2023-06-09T16:00:00-04:00
3635,2023-06-12,16:00:00,2023-06-12T16:00:00-04:00
3636,2023-06-13,16:00:00,2023-06-13T16:00:00-04:00
3637,2023-06-14,16:00:00,2023-06-14T16:00:00-04:00
3638,2023-06-15,16:00:00,2023-06-15T16:00:00-04:00
3639,2023-06-16,16:00:00,2023-06-16T16:00:00-04:00
3640,2023-06-20,16:00:00,2023-06-20T16:00:00-04:00
3641,2023-06-21,16:00:00,2023-06-21T16:00:00-04:00
3642,2023-06-22,16:00:00,2023-06-22T16:00:00-04:00
3643,2023-06-23,16:00:00,2023-06-23T16:00:00-04:00
3644,2023-06-26,16:00:00,2023-06-26T16:00:00-04:00
3645,2023-06-27,16:00:00,2023-06-27T16:00:00-04:00
3646,2023-06-28,16:00:00,2023-06-28T16:00:00-04:00
3647,2023-06-29,16:00:00,2023-06-29T16:00:00-04:00
3648,2023-06-30,16:00:00,2023-06-30T16:00:00-04:00
3649,2023-07-03,13:00:00,2023-07-03T13:00:00-04:00
3650,2023-07-05,16:00:00,2023-07-05T16:00:00-04:00
3651,2023-07-06,16:00:00,2023-07-06T16:00:00-04:00
3652,2023-07-07,16:00:00,2023-07-07T16:00:00-04:00
3653,2023-07-10,16:00:00,2023-07-10T16:00:00-04:00
3654,2023-07-11,16:00:00,2023-07-11T16:00:00-04:00
3655,2023-07-12,16:00:00,2023-07-12T16:00:00-04:00
3656,2023-07-13,16:00:00,2023-07-13T16:00:00-04:00
3657,2023-07-14,16:00:00,2023-07-14T16:00:00-04:00
3658,2023-07-17,16:00:00,2023-07-17T16:00:00-04:00
3659,2023-07-18,16:00:00,2023-07-18T16:00:00-04:00
3660,2023-07-19,16:00:00,2023-07-19T16:00:00-04:00
3661,2023-07-20,16:00:00,2023-07-20T16:00:00-04:00
3662,2023-07-21,16:00:00,2023-07-21T16:00:00-04:00
3663,2023-07-24,16:00:00,2023-07-24T16:00:00-04:00
3664,2023-07-25,16:00:00,2023-07-25T16:00:00-04:00
3665,2023-07-26,16:00:00,2023-07-26T16:00:00-04:00
3666,2023-07-27,16:00:00,2023-07-27T16:00:00-04:00
3667,2023-07-28,16:00:00,2023-07-28T16:00:00-04:00
3668,2023-07-31,16:00:00,2023-07-31T16:00:00-04:00
3669,2023-08-01,16:00:00,2023-08-01T16:00:00-04:00
3670,2023-08-02,16:00:00,2023-08-02T16:00:00-04:00
3671,2023-08-03,16:00:00,2023-08-03T16:00:00-04:00
3672,2023-08-04,16:00:00,2023-08-04T16:00:00-04:00
3673,2023-08-07,16:00:00,2023-08-07T16:00:00-04:00
3674,2023-08-08,16:00:00,2023-08-08T16:00:00-04:00
3675,2023-08-09,16:00:00,2023-08-09T16:00:00-04:00
3676,2023-08-10,16:00:00,2023-08-10T16:00:00-04:00
3677,2023-08-11,16:00:00,2023-08-11T16:00:00-04:00
3678,2023-08-14,16:00:00,2023-08-14T16:00:00-04:00
3679,2023-08-15,16:00:00,2023-08-15T16:00:00-04:00
3680,2023-08-16,16:00:00,2023-08-16T16:00:00-04:00
3681,2023-08-17,16:00:00,2023-08-17T16:00:00-04:00
3682,2023-08-18,16:00:00,2023-08-18T16:00:00-04:00
3683,2023-08-21,16:00:00,2023-08-21T16:00:00-04:00
3684,2023-08-22,16:00:00,2023-08-22T16:00:00-04:00
3685,2023-08-23,16:00:00,2023-08-23T16:00:00-04:00
3686,2023-08-24,16:00:00,2023-08-24T16:00:00-04:00
3687,2023-08-25,16:00:00,2023-08-25T16:00:00-04:00
3688,2023-08-28,16:00:00,2023-08-28T16:00:00-04:00
3689,2023-08-29,16:00:00,2023-08-29T16:00:00-04:00
3690,2023-08-30,16:00:00,2023-08-30T16:00:00-04:00
3691,2023-08-31,16:00:00,2023-08-31T16:00:00-04:00
3692,2023-09-01,16:00:00,2023-09-01T16:00:00-04:00
3693,2023-09-05,16:00:00,2023-09-05T16:00:00-04:00
3694,2023-09-06,16:00:00,2023-09-06T16:00:00-04:00
3695,2023-09-07,16:00:00,2023-09-07T16:00:00-04:00
3696,2023-09-08,16:00:00,2023-09-08T16:00:00-04:00
3697,2023-09-11,16:00:00,2023-09-11T16:00:00-04:00
3698,2023-09-12,16:00:00,2023-09-12T16:00:00-04:00
3699,2023-09-13,16:00:00,2023-09-13T16:00:00-04:00
3700,2023-09-14,16:00:00,2023-09-14T16:00:00-04:00
3701,2023-09-15,16:00:00,2023-09-15T16:00:00-04:00
3702,2023-09-18,16:00:00,2023-09-18T16:00:00-04:00
3703,2023-09-19,16:00:00,2023-09-19T16:00:00-04:00
3704,2023-09-20,16:00:00,2023-09-20T16:00:00-04:00
3705,2023-09-21,16:00:00,2023-09-21T16:00:00-04:00
3706,2023-09-22,16:00:00,2023-09-22T16:00:00-04:00
3707,2023-09-25,16:00:00,2023-09-25T16:00:00-04:00
3708,2023-09-26,16:00:00,2023-09-26T16:00:00-04:00
3709,2023-09-27,16:00:00,2023-09-27T16:00:00-04:00
3710,2023-09-28,16:00:00,2023-09-28T16:00:00-04:00
3711,2023-09-29,16:00:00,2023-09-29T16:00:00-04:00
3712,2023-10-02,16:00:00,2023-10-02T16:00:00-04:00
3713,2023-10-03,16:00:00,2023-10-03T16:00:00-04:00
3714,2023-10-04,16:00:00,2023-10-04T16:00:00-04:00
3715,2023-10-05,16:00:00,2023-10-05T16:00:00-04:00
3716,2023-10-06,16:00:00,2023-10-06T16:00:00-04:00
3717,2023-10-09,16:00:00,2023-10-09T16:00:00-04:00
3718,2023-10-10,16:00:00,2023-10-10T16:00:00-04:00
3719,2023-10-11,16:00:00,2023-10-11T16:00:00-04:00
3720,2023-10-12,16:00:00,2023-10-12T16:00:00-04:00
3721,2023-10-13,16:00:00,2023-10-13T16:00:00-04:00
3722,2023-10-16,16:00:00,2023-10-16T16:00:00-04:00
3723,2023-10-17,16:00:00,2023-10-17T16:00:00-04:00
3724,2023-10-18,16:00:00,2023-10-18T16:00:00-04:00
3725,2023-10-19,16:00:00,2023-10-19T16:00:00-04:00
3726,2023-10-20,16:00:00,2023-10-20T16:00:00-04:00
3727,2023-10-23,16:00:00,2023-10-23T16:00:00-04:00
3728,2023-10-24,16:00:00,2023-10-24T16:00:00-04:00
3729,2023-10-25,16:00:00,2023-10-25T16:00:00-04:00
3730,2023-10-26,16:00:00,2023-10-26T16:00:00-04:00
3731,2023-10-27,16:00:00,2023-10-27T16:00:00-04:00
3732,2023-10-30,16:00:00,2023-10-30T16:00:00-04:00
3733,2023-10-31,16:00:00,2023-10-31T16:00:00-04:00
3734,2023-11-01,16:00:00,2023-11-01T16:00:00-04:00
3735,2023-11-02,16:00:00,2023-11-02T16:00:00-04:00
3736,2023-11-03,16:00:00,2023-11-03T16:00:00-04:00
3737,2023-11-06,16:00:00,2023-11-06T16:00:00-05:00
3738,2023-11-07,16:00:00,2023-11-07T16:00:00-05:00
3739,2023-11-08,16:00:00,2023-11-08T16:00:00-05:00
3740,2023-11-09,16:00:00,2023-11-09T16:00:00-05:00
3741,2023-11-10,16:00:00,2023-11-10T16:00:00-05:00
3742,2023-11-13,16:00:00,2023-11-13T16:00:00-05:00
3743,2023-11-14,16:00:00,2023-11-14T16:00:00-05:00
3744,2023-11-15,16:00:00,2023-11-15T16:00:00-05:00
3745,2023-11-16,16:00:00,2023-11-16T16:00:00-05:00
3746,2023-11-17,16:00:00,2023-11-17T16:00:00-05:00
3747,2023-11-20,16:00:00,2023-11-20T16:00:00-05:00
3748,2023-11-21,16:00:00,2023-11-21T16:00:00-05:00
3749,2023-11-22,16:00:00,2023-11-22T16:00:00-05:00
3750,2023-11-24,13:00:00,2023-11-24T13:00:00-05:00
3751,2023-11-27,16:00:00,2023-11-27T16:00:00-05:00
3752,2023-11-28,16:00:00,2023-11-28T16:00:00-05:00
3753,2023-11-29,16:00:00,2023-11-29T16:00:00-05:00
3754,2023-11-30,16:00:00,2023-11-30T16:00:00-05:00
3755,2023-12-01,16:00:00,2023-12-01T16:00:00-05:00
3756,2023-12-04,16:00:00,2023-12-04T16:00:00-05:00
3757,2023-12-05,16:00:00,2023-12-05T16:00:00-05:00
3758,2023-12-06,16:00:00,2023-12-06T16:00:00-05:00
3759,2023-12-07,16:00:00,2023-12-07T16:00:00-05:00
3760,2023-12-08,16:00:00,2023-12-08T16:00:00-05:00
3761,2023-12-11,16:00:00,2023-12-11T16:00:00-05:00
3762,2023-12-12,16:00:00,2023-12-12T16:00:00-05:00
3763,2023-12-13,16:00:00,2023-12-13T16:00:00-05:00
3764,2023-12-14,16:00:00,2023-12-14T16:00:00-05:00
3765,2023-12-15,16:00:00,2023-12-15T16:00:00-05:00
3766,2023-12-18,16:00:00,2023-12-18T16:00:00-05:00
3767,2023-12-19,16:00:00,2023-12-19T16:00:00-05:00
3768,2023-12-20,16:00:00,2023-12-20T16:00:00-05:00
3769,2023-12-21,16:00:00,2023-12-21T16:00:00-05:00
3770,2023-12-22,16:00:00,2023-12-22T16:00:00-05:00
3771,2023-12-26,16:00:00,2023-12-26T16:00:00-05:00
3772,2023-12-27,16:00:00,2023-12-27T16:00:00-05:00
3773,2023-12-28,16:00:00,2023-12-28T16:00:00-05:00
3774,2023-12-29,16:00:00,2023-12-29T16:00:00-05:00
3775,2024-01-02,16:00:00,2024-01-02T16:00:00-05:00
3776,2024-01-03,16:00:00,2024-01-03T16:00:00-05:00
3777,2024-01-04,16:00:00,2024-01-04T16:00:00-05:00
3778,2024-01-05,16:00:00,2024-01-05T16:00:00-05:00
3779,2024-01-08,16:00:00,2024-01-08T16:00:00-05:00
3780,2024-01-09,16:00:00,2024-01-09T16:00:00-05:00
3781,2024-01-10,16:00:00,2024-01-10T16:00:00-05:00
3782,2024-01-11,16:00:00,2024-01-11T16:00:00-05:00
3783,2024-01-12,16:00:00,2024-01-12T16:00:00-05:00
3784,2024-01-16,16:00:00,2024-01-16T16:00:00-05:00
3785,2024-01-17,16:00:00,2024-01-17T16:00:00-05:00
3786,2024-01-18,16:00:00,2024-01-18T16:00:00-05:00
3787,2024-01-19,16:00:00,2024-01-19T16:00:00-05:00
3788,2024-01-22,16:00:00,2024-01-22T16:00:00-05:00
3789,2024-01-23,16:00:00,2024-01-23T16:00:00-05:00
3790,2024-01-24,16:00:00,2024-01-24T16:00:00-05:00
3791,2024-01-25,16:00:00,2024-01-25T16:00:00-05:00
3792,2024-01-26,16:00:00,2024-01-26T16:00:00-05:00
3793,2024-01-29,16:00:00,2024-01-29T16:00:00-05:00
3794,2024-01-30,16:00:00,2024-01-30T16:00:00-05:00
3795,2024-01-31,16:00:00,2024-01-31T16:00:00-05:00
3796,2024-02-01,16:00:00,2024-02-01T16:00:00-05:00
3797,2024-02-02,16:00:00,2024-02-02T16:00:00-05:00
3798,2024-02-05,16:00:00,2024-02-05T16:00:00-05:00
3799,2024-02-06,16:00:00,2024-02-06T16:00:00-05:00
3800,2024-02-07,16:00:00,2024-02-07T16:00:00-05:00
3801,2024-02-08,16:00:00,2024-02-08T16:00:00-05:00
3802,2024-02-09,16:00:00,2024-02-09T16:00:00-05:00
3803,2024-02-12,16:00:00,2024-02-12T16:00:00-05:00
3804,2024-02-13,16:00:00,2024-02-13T16:00:00-05:00
3805,2024-02-14,16:00:00,2024-02-14T16:00:00-05:00
3806,2024-02-15,16:00:00,2024-02-15T16:00:00-05:00
3807,2024-02-16,16:00:00,2024-02-16T16:00:00-05:00
3808,2024-02-20,16:00:00,2024-02-20T16:00:00-05:00
3809,2024-02-21,16:00:00,2024-02-21T16:00:00-05:00
3810,2024-02-22,16:00:00,2024-02-22T16:00:00-05:00
3811,2024-02-23,16:00:00,2024-02-23T16:00:00-05:00
3812,2024-02-26,16:00:00,2024-02-26T16:00:00-05:00
3813,2024-02-27,16:00:00,2024-02-27T16:00:00-05:00
3814,2024-02-28,16:00:00,2024-02-28T16:00:00-05:00
3815,2024-02-29,16:00:00,2024-02-29T16:00:00-05:00
3816,2024-03-01,16:00:00,2024-03-01T16:00:00-05:00
3817,2024-03-04,16:00:00,2024-03-04T16:00:00-05:00
3818,2024-03-05,16:00:00,2024-03-05T16:00:00-05:00
3819,2024-03-06,16:00:00,2024-03-06T16:00:00-05:00
3820,2024-03-07,16:00:00,2024-03-07T16:00:00-05:00
3821,2024-03-08,16:00:00,2024-03-08T16:00:00-05:00
3822,2024-03-11,16:00:00,2024-03-11T16:00:00-04:00
3823,2024-03-12,16:00:00,2024-03-12T16:00:00-04:00
3824,2024-03-13,16:00:00,2024-03-13T16:00:00-04:00
3825,2024-03-14,16:00:00,2024-03-14T16:00:00-04:00
3826,2024-03-15,16:00:00,2024-03-15T16:00:00-04:00
3827,2024-03-18,16:00:00,2024-03-18T16:00:00-04:00
3828,2024-03-19,16:00:00,2024-03-19T16:00:00-04:00
3829,2024-03-20,16:00:00,2024-03-20T16:00:00-04:00
3830,2024-03-21,16:00:00,2024-03-21T16:00:00-04:00
3831,2024-03-22,16:00:00,2024-03-22T16:00:00-04:00
3832,2024-03-25,16:00:00,2024-03-25T16:00:00-04:00
3833,2024-03-26,16:00:00,2024-03-26T16:00:00-04:00
3834,2024-03-27,16:00:00,2024-03-27T16:00:00-04:00
3835,2024-03-28,16:00:00,2024-03-28T16:00:00-04:00
3836,2024-04-01,16:00:00,2024-04-01T16:00:00-04:00
3837,2024-04-02,16:00:00,2024-04-02T16:00:00-04:00
3838,2024-04-03,16:00:00,2024-04-03T16:00:00-04:00
3839,2024-04-04,16:00:00,2024-04-04T16:00:00-04:00
3840,2024-04-05,16:00:00,2024-04-05T16:00:00-04:00
3841,2024-04-08,16:00:00,2024-04-08T16:00:00-04:00
3842,2024-04-09,16:00:00,2024-04-09T16:00:00-04:00
3843,2024-04-10,16:00:00,2024-04-10T16:00:00-04:00
3844,2024-04-11,16:00:00,2024-04-11T16:00:00-04:00
3845,2024-04-12,16:00:00,2024-04-12T16:00:00-04:00
3846,2024-04-15,16:00:00,2024-04-15T16:00:00-04:00
3847,2024-04-16,16:00:00,2024-04-16T16:00:00-04:00
3848,2024-04-17,16:00:00,2024-04-17T16:00:00-04:00
3849,2024-04-18,16:00:00,2024-04-18T16:00:00-04:00
3850,2024-04-19,16:00:00,2024-04-19T16:00:00-04:00
3851,2024-04-22,16:00:00,2024-04-22T16:00:00-04:00
3852,2024-04-23,16:00:00,2024-04-23T16:00:00-04:00
3853,2024-04-24,16:00:00,2024-04-24T16:00:00-04:00
3854,2024-04-25,16:00:00,2024-04-25T16:00:00-04:00
3855,2024-04-26,16:00:00,2024-04-26T16:00:00-04:00
3856,2024-04-29,16:00:00,2024-04-29T16:00:00-04:00
3857,2024-04-30,16:00:00,2024-04-30T16:00:00-04:00
3858,2024-05-01,16:00:00,2024-05-01T16:00:00-04:00
3859,2024-05-02,16:00:00,2024-05-02T16:00:00-04:00
3860,2024-05-03,16:00:00,2024-05-03T16:00:00-04:00
3861,2024-05-06,16:00:00,2024-05-06T16:00:00-04:00
3862,2024-05-07,16:00:00,2024-05-07T16:00:00-04:00
3863,2024-05-08,16:00:00,2024-05-08T16:00:00-04:00
3864,2024-05-09,16:00:00,2024-05-09T16:00:00-04:00
3865,2024-05-10,16:00:00,2024-05-10T16:00:00-04:00
3866,2024-05-13,16:00:00,2024-05-13T16:00:00-04:00
3867,2024-05-14,16:00:00,2024-05-14T16:00:00-04:00
3868,2024-05-15,16:00:00,2024-05-15T16:00:00-04:00
3869,2024-05-16,16:00:00,2024-05-16T16:00:00-04:00
3870,2024-05-17,16:00:00,2024-05-17T16:00:00-04:00
3871,2024-05-20,16:00:00,2024-05-20T16:00:00-04:00
3872,2024-05-21,16:00:00,2024-05-21T16:00:00-04:00
3873,2024-05-22,16:00:00,2024-05-22T16:00:00-04:00
3874,2024-05-23,16:00:00,2024-05-23T16:00:00-04:00
3875,2024-05-24,16:00:00,2024-05-24T16:00:00-04:00
3876,2024-05-28,16:00:00,2024-05-28T16:00:00-04:00
3877,2024-05-29,16:00:00,2024-05-29T16:00:00-04:00
3878,2024-05-30,16:00:00,2024-05-30T16:00:00-04:00
3879,2024-05-31,16:00:00,2024-05-31T16:00:00-04:00
3880,2024-06-03,16:00:00,2024-06-03T16:00:00-04:00
3881,2024-06-04,16:00:00,2024-06-04T16:00:00-04:00
3882,2024-06-05,16:00:00,2024-06-05T16:00:00-04:00
3883,2024-06-06,16:00:00,2024-06-06T16:00:00-04:00
3884,2024-06-07,16:00:00,2024-06-07T16:00:00-04:00
3885,2024-06-10,16:00:00,2024-06-10T16:00:00-04:00
3886,2024-06-11,16:00:00,2024-06-11T16:00:00-04:00
3887,2024-06-12,16:00:00,2024-06-12T16:00:00-04:00
3888,2024-06-13,16:00:00,2024-06-13T16:00:00-04:00
3889,2024-06-14,16:00:00,2024-06-14T16:00:00-04:00
3890,2024-06-17,16:00:00,2024-06-17T16:00:00-04:00
3891,2024-06-18,16:00:00,2024-06-18T16:00:00-04:00
3892,2024-06-20,16:00:00,2024-06-20T16:00:00-04:00
3893,2024-06-21,16:00:00,2024-06-21T16:00:00-04:00
3894,2024-06-24,16:00:00,2024-06-24T16:00:00-04:00
3895,2024-06-25,16:00:00,2024-06-25T16:00:00-04:00
3896,2024-06-26,16:00:00,2024-06-26T16:00:00-04:00
3897,2024-06-27,16:00:00,2024-06-27T16:00:00-04:00
3898,2024-06-28,16:00:00,2024-06-28T16:00:00-04:00
3899,2024-07-01,16:00:00,2024-07-01T16:00:00-04:00
3900,2024-07-02,16:00:00,2024-07-02T16:00:00-04:00
3901,2024-07-03,13:00:00,2024-07-03T13:00:00-04:00
3902,2024-07-05,16:00:00,2024-07-05T16:00:00-04:00
3903,2024-07-08,16:00:00,2024-07-08T16:00:00-04:00
3904,2024-07-09,16:00:00,2024-07-09T16:00:00-04:00
3905,2024-07-10,16:00:00,2024-07-10T16:00:00-04:00
3906,2024-07-11,16:00:00,2024-07-11T16:00:00-04:00
3907,2024-07-12,16:00:00,2024-07-12T16:00:00-04:00
3908,2024-07-15,16:00:00,2024-07-15T16:00:00-04:00
3909,2024-07-16,16:00:00,2024-07-16T16:00:00-04:00
3910,2024-07-17,16:00:00,2024-07-17T16:00:00-04:00
3911,2024-07-18,16:00:00,2024-07-18T16:00:00-04:00
3912,2024-07-19,16:00:00,2024-07-19T16:00:00-04:00
3913,2024-07-22,16:00:00,2024-07-22T16:00:00-04:00
3914,2024-07-23,16:00:00,2024-07-23T16:00:00-04:00
3915,2024-07-24,16:00:00,2024-07-24T16:00:00-04:00
3916,2024-07-25,16:00:00,2024-07-25T16:00:00-04:00
3917,2024-07-26,16:00:00,2024-07-26T16:00:00-04:00
3918,2024-07-29,16:00:00,2024-07-29T16:00:00-04:00
3919,2024-07-30,16:00:00,2024-07-30T16:00:00-04:00
3920,2024-07-31,16:00:00,2024-07-31T16:00:00-04:00
3921,2024-08-01,16:00:00,2024-08-01T16:00:00-04:00
3922,2024-08-02,16:00:00,2024-08-02T16:00:00-04:00
3923,2024-08-05,16:00:00,2024-08-05T16:00:00-04:00
3924,2024-08-06,16:00:00,2024-08-06T16:00:00-04:00
3925,2024-08-07,16:00:00,2024-08-07T16:00:00-04:00
3926,2024-08-08,16:00:00,2024-08-08T16:00:00-04:00
3927,2024-08-09,16:00:00,2024-08-09T16:00:00-04:00
3928,2024-08-12,16:00:00,2024-08-12T16:00:00-04:00
3929,2024-08-13,16:00:00,2024-08-13T16:00:00-04:00
3930,2024-08-14,16:00:00,2024-08-14T16:00:00-04:00
3931,2024-08-15,16:00:00,2024-08-15T16:00:00-04:00
3932,2024-08-16,16:00:00,2024-08-16T16:00:00-04:00
3933,2024-08-19,16:00:00,2024-08-19T16:00:00-04:00
3934,2024-08-20,16:00:00,2024-08-20T16:00:00-04:00
3935,2024-08-21,16:00:00,2024-08-21T16:00:00-04:00
3936,2024-08-22,16:00:00,2024-08-22T16:00:00-04:00
3937,2024-08-23,16:00:00,2024-08-23T16:00:00-04:00
3938,2024-08-26,16:00:00,2024-08-26T16:00:00-04:00
3939,2024-08-27,16:00:00,2024-08-27T16:00:00-04:00
3940,2024-08-28,16:00:00,2024-08-28T16:00:00-04:00
3941,2024-08-29,16:00:00,2024-08-29T16:00:00-04:00
3942,2024-08-30,16:00:00,2024-08-30T16:00:00-04:00
3943,2024-09-03,16:00:00,2024-09-03T16:00:00-04:00
3944,2024-09-04,16:00:00,2024-09-04T16:00:00-04:00
3945,2024-09-05,16:00:00,2024-09-05T16:00:00-04:00
3946,2024-09-06,16:00:00,2024-09-06T16:00:00-04:00
3947,2024-09-09,16:00:00,2024-09-09T16:00:00-04:00
3948,2024-09-10,16:00:00,2024-09-10T16:00:00-04:00
3949,2024-09-11,16:00:00,2024-09-11T16:00:00-04:00
3950,2024-09-12,16:00:00,2024-09-12T16:00:00-04:00
3951,2024-09-13,16:00:00,2024-09-13T16:00:00-04:00
3952,2024-09-16,16:00:00,2024-09-16T16:00:00-04:00
3953,2024-09-17,16:00:00,2024-09-17T16:00:00-04:00
3954,2024-09-18,16:00:00,2024-09-18T16:00:00-04:00
3955,2024-09-19,16:00:00,2024-09-19T16:00:00-04:00
3956,2024-09-20,16:00:00,2024-09-20T16:00:00-04:00
3957,2024-09-23,16:00:00,2024-09-23T16:00:00-04:00
3958,2024-09-24,16:00:00,2024-09-24T16:00:00-04:00
3959,2024-09-25,16:00:00,2024-09-25T16:00:00-04:00
3960,2024-09-26,16:00:00,2024-09-26T16:00:00-04:00
3961,2024-09-27,16:00:00,2024-09-27T16:00:00-04:00
3962,2024-09-30,16:00:00,2024-09-30T16:00:00-04:00
3963,2024-10-01,16:00:00,2024-10-01T16:00:00-04:00
3964,2024-10-02,16:00:00,2024-10-02T16:00:00-04:00
3965,2024-10-03,16:00:00,2024-10-03T16:00:00-04:00
3966,2024-10-04,16:00:00,2024-10-04T16:00:00-04:00
3967,2024-10-07,16:00:00,2024-10-07T16:00:00-04:00
3968,2024-10-08,16:00:00,2024-10-08T16:00:00-04:00
3969,2024-10-09,16:00:00,2024-10-09T16:00:00-04:00
3970,2024-10-10,16:00:00,2024-10-10T16:00:00-04:00
3971,2024-10-11,16:00:00,2024-10-11T16:00:00-04:00
3972,2024-10-14,16:00:00,2024-10-14T16:00:00-04:00
3973,2024-10-15,16:00:00,2024-10-15T16:00:00-04:00
3974,2024-10-16,16:00:00,2024-10-16T16:00:00-04:00
3975,2024-10-17,16:00:00,2024-10-17T16:00:00-04:00
3976,2024-10-18,16:00:00,2024-10-18T16:00:00-04:00
3977,2024-10-21,16:00:00,2024-10-21T16:00:00-04:00
3978,2024-10-22,16:00:00,2024-10-22T16:00:00-04:00
3979,2024-10-23,16:00:00,2024-10-23T16:00:00-04:00
3980,2024-10-24,16:00:00,2024-10-24T16:00:00-04:00
3981,2024-10-25,16:00:00,2024-10-25T16:00:00-04:00
3982,2024-10-28,16:00:00,2024-10-28T16:00:00-04:00
3983,2024-10-29,16:00:00,2024-10-29T16:00:00-04:00
3984,2024-10-30,16:00:00,2024-10-30T16:00:00-04:00
3985,2024-10-31,16:00:00,2024-10-31T16:00:00-04:00
3986,2024-11-01,16:00:00,2024-11-01T16:00:00-04:00
3987,2024-11-04,16:00:00,2024-11-04T16:00:00-05:00
3988,2024-11-05,16:00:00,2024-11-05T16:00:00-05:00
3989,2024-11-06,16:00:00,2024-11-06T16:00:00-05:00
3990,2024-11-07,16:00:00,2024-11-07T16:00:00-05:00
3991,2024-11-08,16:00:00,2024-11-08T16:00:00-05:00
3992,2024-11-11,16:00:00,2024-11-11T16:00:00-05:00
3993,2024-11-12,16:00:00,2024-11-12T16:00:00-05:00
3994,2024-11-13,16:00:00,2024-11-13T16:00:00-05:00
3995,2024-11-14,16:00:00,2024-11-14T16:00:00-05:00
3996,2024-11-15,16:00:00,2024-11-15T16:00:00-05:00
3997,2024-11-18,16:00:00,2024-11-18T16:00:00-05:00
3998,2024-11-19,16:00:00,2024-11-19T16:00:00-05:00
3999,2024-11-20,16:00:00,2024-11-20T16:00:00-05:00
4000,2024-11-21,16:00:00,2024-11-21T16:00:00-05:00
4001,2024-11-22,16:00:00,2024-11-22T16:00:00-05:00
4002,2024-11-25,16:00:00,2024-11-25T16:00:00-05:00
4003,2024-11-26,16:00:00,2024-11-26T16:00:00-05:00
4004,2024-11-27,16:00:00,2024-11-27T16:00:00-05:00
4005,2024-11-29,13:00:00,2024-11-29T13:00:00-05:00
4006,2024-12-02,16:00:00,2024-12-02T16:00:00-05:00
4007,2024-12-03,16:00:00,2024-12-03T16:00:00-05:00
4008,2024-12-04,16:00:00,2024-12-04T16:00:00-05:00
4009,2024-12-05,16:00:00,2024-12-05T16:00:00-05:00
4010,2024-12-06,16:00:00,2024-12-06T16:00:00-05:00
4011,2024-12-09,16:00:00,2024-12-09T16:00:00-05:00
4012,2024-12-10,16:00:00,2024-12-10T16:00:00-05:00
4013,2024-12-11,16:00:00,2024-12-11T16:00:00-05:00
4014,2024-12-12,16:00:00,2024-12-12T16:00:00-05:00
4015,2024-12-13,16:00:00,2024-12-13T16:00:00-05:00
4016,2024-12-16,16:00:00,2024-12-16T16:00:00-05:00
4017,2024-12-17,16:00:00,2024-12-17T16:00:00-05:00
4018,2024-12-18,16:00:00,2024-12-18T16:00:00-05:00
4019,2024-12-19,16:00:00,2024-12-19T16:00:00-05:00
4020,2024-12-20,16:00:00,2024-12-20T16:00:00-05:00
4021,2024-12-23,16:00:00,2024-12-23T16:00:00-05:00
4022,2024-12-24,13:00:00,2024-12-24T13:00:00-05:00
4023,2024-12-26,16:00:00,2024-12-26T16:00:00-05:00
4024,2024-12-27,16:00:00,2024-12-27T16:00:00-05:00
4025,2024-12-30,16:00:00,2024-12-30T16:00:00-05:00
4026,2024-12-31,16:00:00,2024-12-31T16:00:00-05:00
4027,2025-01-02,16:00:00,2025-01-02T16:00:00-05:00
4028,2025-01-03,16:00:00,2025-01-03T16:00:00-05:00
4029,2025-01-06,16:00:00,2025-01-06T16:00:00-05:00
4030,2025-01-07,16:00:00,2025-01-07T16:00:00-05:00
4031,2025-01-08,16:00:00,2025-01-08T16:00:00-05:00
4032,2025-01-10,16:00:00,2025-01-10T16:00:00-05:00
4033,2025-01-13,16:00:00,2025-01-13T16:00:00-05:00
4034,2025-01-14,16:00:00,2025-01-14T16:00:00-05:00
4035,2025-01-15,16:00:00,2025-01-15T16:00:00-05:00
4036,2025-01-16,16:00:00,2025-01-16T16:00:00-05:00
4037,2025-01-17,16:00:00,2025-01-17T16:00:00-05:00
4038,2025-01-21,16:00:00,2025-01-21T16:00:00-05:00
4039,2025-01-22,16:00:00,2025-01-22T16:00:00-05:00
4040,2025-01-23,16:00:00,2025-01-23T16:00:00-05:00
4041,2025-01-24,16:00:00,2025-01-24T16:00:00-05:00
4042,2025-01-27,16:00:00,2025-01-27T16:00:00-05:00
4043,2025-01-28,16:00:00,2025-01-28T16:00:00-05:00
4044,2025-01-29,16:00:00,2025-01-29T16:00:00-05:00
4045,2025-01-30,16:00:00,2025-01-30T16:00:00-05:00
4046,2025-01-31,16:00:00,2025-01-31T16:00:00-05:00
4047,2025-02-03,16:00:00,2025-02-03T16:00:00-05:00
4048,2025-02-04,16:00:00,2025-02-04T16:00:00-05:00
4049,2025-02-05,16:00:00,2025-02-05T16:00:00-05:00
4050,2025-02-06,16:00:00,2025-02-06T16:00:00-05:00
4051,2025-02-07,16:00:00,2025-02-07T16:00:00-05:00
4052,2025-02-10,16:00:00,2025-02-10T16:00:00-05:00
4053,2025-02-11,16:00:00,2025-02-11T16:00:00-05:00
4054,2025-02-12,16:00:00,2025-02-12T16:00:00-05:00
4055,2025-02-13,16:00:00,2025-02-13T16:00:00-05:00
4056,2025-02-14,16:00:00,2025-02-14T16:00:00-05:00
4057,2025-02-18,16:00:00,2025-02-18T16:00:00-05:00
4058,2025-02-19,16:00:00,2025-02-19T16:00:00-05:00
4059,2025-02-20,16:00:00,2025-02-20T16:00:00-05:00
4060,2025-02-21,16:00:00,2025-02-21T16:00:00-05:00
4061,2025-02-24,16:00:00,2025-02-24T16:00:00-05:00
4062,2025-02-25,16:00:00,2025-02-25T16:00:00-05:00
4063,2025-02-26,16:00:00,2025-02-26T16:00:00-05:00
4064,2025-02-27,16:00:00,2025-02-27T16:00:00-05:00
4065,2025-02-28,16:00:00,2025-02-28T16:00:00-05:00
4066,2025-03-03,16:00:00,2025-03-03T16:00:00-05:00
4067,2025-03-04,16:00:00,2025-03-04T16:00:00-05:00
4068,2025-03-05,16:00:00,2025-03-05T16:00:00-05:00
4069,2025-03-06,16:00:00,2025-03-06T16:00:00-05:00
4070,2025-03-07,16:00:00,2025-03-07T16:00:00-05:00
4071,2025-03-10,16:00:00,2025-03-10T16:00:00-04:00
4072,2025-03-11,16:00:00,2025-03-11T16:00:00-04:00
4073,2025-03-12,16:00:00,2025-03-12T16:00:00-04:00
4074,2025-03-13,16:00:00,2025-03-13T16:00:00-04:00
4075,2025-03-14,16:00:00,2025-03-14T16:00:00-04:00
4076,2025-03-17,16:00:00,2025-03-17T16:00:00-04:00
4077,2025-03-18,16:00:00,2025-03-18T16:00:00-04:00
4078,2025-03-19,16:00:00,2025-03-19T16:00:00-04:00
4079,2025-03-20,16:00:00,2025-03-20T16:00:00-04:00
4080,2025-03-21,16:00:00,2025-03-21T16:00:00-04:00
4081,2025-03-24,16:00:00,2025-03-24T16:00:00-04:00
4082,2025-03-25,16:00:00,2025-03-25T16:00:00-04:00
4083,2025-03-26,16:00:00,2025-03-26T16:00:00-04:00
4084,2025-03-27,16:00:00,2025-03-27T16:00:00-04:00
4085,2025-03-28,16:00:00,2025-03-28T16:00:00-04:00
4086,2025-03-31,16:00:00,2025-03-31T16:00:00-04:00
4087,2025-04-01,16:00:00,2025-04-01T16:00:00-04:00
4088,2025-04-02,16:00:00,2025-04-02T16:00:00-04:00
4089,2025-04-03,16:00:00,2025-04-03T16:00:00-04:00
4090,2025-04-04,16:00:00,2025-04-04T16:00:00-04:00
4091,2025-04-07,16:00:00,2025-04-07T16:00:00-04:00
4092,2025-04-08,16:00:00,2025-04-08T16:00:00-04:00
4093,2025-04-09,16:00:00,2025-04-09T16:00:00-04:00
4094,2025-04-10,16:00:00,2025-04-10T16:00:00-04:00
4095,2025-04-11,16:00:00,2025-04-11T16:00:00-04:00
4096,2025-04-14,16:00:00,2025-04-14T16:00:00-04:00
4097,2025-04-15,16:00:00,2025-04-15T16:00:00-04:00
4098,2025-04-16,16:00:00,2025-04-16T16:00:00-04:00
4099,2025-04-17,16:00:00,2025-04-17T16:00:00-04:00
4100,2025-04-21,16:00:00,2025-04-21T16:00:00-04:00
4101,2025-04-22,16:00:00,2025-04-22T16:00:00-04:00
4102,2025-04-23,16:00:00,2025-04-23T16:00:00-04:00
4103,2025-04-24,16:00:00,2025-04-24T16:00:00-04:00
4104,2025-04-25,16:00:00,2025-04-25T16:00:00-04:00
4105,2025-04-28,16:00:00,2025-04-28T16:00:00-04:00
4106,2025-04-29,16:00:00,2025-04-29T16:00:00-04:00
4107,2025-04-30,16:00:00,2025-04-30T16:00:00-04:00
4108,2025-05-01,16:00:00,2025-05-01T16:00:00-04:00
4109,2025-05-02,16:00:00,2025-05-02T16:00:00-04:00
4110,2025-05-05,16:00:00,2025-05-05T16:00:00-04:00
4111,2025-05-06,16:00:00,2025-05-06T16:00:00-04:00
4112,2025-05-07,16:00:00,2025-05-07T16:00:00-04:00
4113,2025-05-08,16:00:00,2025-05-08T16:00:00-04:00
4114,2025-05-09,16:00:00,2025-05-09T16:00:00-04:00
4115,2025-05-12,16:00:00,2025-05-12T16:00:00-04:00
4116,2025-05-13,16:00:00,2025-05-13T16:00:00-04:00
4117,2025-05-14,16:00:00,2025-05-14T16:00:00-04:00
4118,2025-05-15,16:00:00,2025-05-15T16:00:00-04:00
4119,2025-05-16,16:00:00,2025-05-16T16:00:00-04:00
4120,2025-05-19,16:00:00,2025-05-19T16:00:00-04:00
4121,2025-05-20,16:00:00,2025-05-20T16:00:00-04:00
4122,2025-05-21,16:00:00,2025-05-21T16:00:00-04:00
4123,2025-05-22,16:00:00,2025-05-22T16:00:00-04:00
4124,2025-05-23,16:00:00,2025-05-23T16:00:00-04:00
4125,2025-05-27,16:00:00,2025-05-27T16:00:00-04:00
4126,2025-05-28,16:00:00,2025-05-28T16:00:00-04:00
4127,2025-05-29,16:00:00,2025-05-29T16:00:00-04:00
4128,2025-05-30,16:00:00,2025-05-30T16:00:00-04:00
4129,2025-06-02,16:00:00,2025-06-02T16:00:00-04:00
4130,2025-06-03,16:00:00,2025-06-03T16:00:00-04:00
4131,2025-06-04,16:00:00,2025-06-04T16:00:00-04:00
4132,2025-06-05,16:00:00,2025-06-05T16:00:00-04:00
4133,2025-06-06,16:00:00,2025-06-06T16:00:00-04:00
4134,2025-06-09,16:00:00,2025-06-09T16:00:00-04:00
4135,2025-06-10,16:00:00,2025-06-10T16:00:00-04:00
4136,2025-06-11,16:00:00,2025-06-11T16:00:00-04:00
4137,2025-06-12,16:00:00,2025-06-12T16:00:00-04:00
4138,2025-06-13,16:00:00,2025-06-13T16:00:00-04:00
4139,2025-06-16,16:00:00,2025-06-16T16:00:00-04:00
4140,2025-06-17,16:00:00,2025-06-17T16:00:00-04:00
4141,2025-06-18,16:00:00,2025-06-18T16:00:00-04:00
4142,2025-06-20,16:00:00,2025-06-20T16:00:00-04:00
4143,2025-06-23,16:00:00,2025-06-23T16:00:00-04:00
4144,2025-06-24,16:00:00,2025-06-24T16:00:00-04:00
4145,2025-06-25,16:00:00,2025-06-25T16:00:00-04:00
4146,2025-06-26,16:00:00,2025-06-26T16:00:00-04:00
4147,2025-06-27,16:00:00,2025-06-27T16:00:00-04:00
4148,2025-06-30,16:00:00,2025-06-30T16:00:00-04:00
4149,2025-07-01,16:00:00,2025-07-01T16:00:00-04:00
4150,2025-07-02,16:00:00,2025-07-02T16:00:00-04:00
4151,2025-07-03,13:00:00,2025-07-03T13:00:00-04:00
4152,2025-07-07,16:00:00,2025-07-07T16:00:00-04:00
4153,2025-07-08,16:00:00,2025-07-08T16:00:00-04:00
4154,2025-07-09,16:00:00,2025-07-09T16:00:00-04:00
4155,2025-07-10,16:00:00,2025-07-10T16:00:00-04:00
4156,2025-07-11,16:00:00,2025-07-11T16:00:00-04:00
4157,2025-07-14,16:00:00,2025-07-14T16:00:00-04:00
4158,2025-07-15,16:00:00,2025-07-15T16:00:00-04:00
4159,2025-07-16,16:00:00,2025-07-16T16:00:00-04:00
4160,2025-07-17,16:00:00,2025-07-17T16:00:00-04:00
4161,2025-07-18,16:00:00,2025-07-18T16:00:00-04:00
4162,2025-07-21,16:00:00,2025-07-21T16:00:00-04:00
4163,2025-07-22,16:00:00,2025-07-22T16:00:00-04:00
4164,2025-07-23,16:00:00,2025-07-23T16:00:00-04:00
4165,2025-07-24,16:00:00,2025-07-24T16:00:00-04:00
4166,2025-07-25,16:00:00,2025-07-25T16:00:00-04:00
4167,2025-07-28,16:00:00,2025-07-28T16:00:00-04:00
4168,2025-07-29,16:00:00,2025-07-29T16:00:00-04:00
4169,2025-07-30,16:00:00,2025-07-30T16:00:00-04:00
4170,2025-07-31,16:00:00,2025-07-31T16:00:00-04:00
4171,2025-08-01,16:00:00,2025-08-01T16:00:00-04:00
4172,2025-08-04,16:00:00,2025-08-04T16:00:00-04:00
4173,2025-08-05,16:00:00,2025-08-05T16:00:00-04:00
4174,2025-08-06,16:00:00,2025-08-06T16:00:00-04:00
4175,2025-08-07,16:00:00,2025-08-07T16:00:00-04:00
4176,2025-08-08,16:00:00,2025-08-08T16:00:00-04:00
4177,2025-08-11,16:00:00,2025-08-11T16:00:00-04:00
4178,2025-08-12,16:00:00,2025-08-12T16:00:00-04:00
4179,2025-08-13,16:00:00,2025-08-13T16:00:00-04:00
4180,2025-08-14,16:00:00,2025-08-14T16:00:00-04:00
4181,2025-08-15,16:00:00,2025-08-15T16:00:00-04:00
4182,2025-08-18,16:00:00,2025-08-18T16:00:00-04:00
4183,2025-08-19,16:00:00,2025-08-19T16:00:00-04:00
4184,2025-08-20,16:00:00,2025-08-20T16:00:00-04:00
4185,2025-08-21,16:00:00,2025-08-21T16:00:00-04:00
4186,2025-08-22,16:00:00,2025-08-22T16:00:00-04:00
4187,2025-08-25,16:00:00,2025-08-25T16:00:00-04:00
4188,2025-08-26,16:00:00,2025-08-26T16:00:00-04:00
4189,2025-08-27,16:00:00,2025-08-27T16:00:00-04:00
4190,2025-08-28,16:00:00,2025-08-28T16:00:00-04:00
4191,2025-08-29,16:00:00,2025-08-29T16:00:00-04:00
4192,2025-09-02,16:00:00,2025-09-02T16:00:00-04:00
4193,2025-09-03,16:00:00,2025-09-03T16:00:00-04:00
4194,2025-09-04,16:00:00,2025-09-04T16:00:00-04:00
4195,2025-09-05,16:00:00,2025-09-05T16:00:00-04:00
4196,2025-09-08,16:00:00,2025-09-08T16:00:00-04:00
4197,2025-09-09,16:00:00,2025-09-09T16:00:00-04:00
4198,2025-09-10,16:00:00,2025-09-10T16:00:00-04:00
4199,2025-09-11,16:00:00,2025-09-11T16:00:00-04:00
4200,2025-09-12,16:00:00,2025-09-12T16:00:00-04:00
4201,2025-09-15,16:00:00,2025-09-15T16:00:00-04:00
4202,2025-09-16,16:00:00,2025-09-16T16:00:00-04:00
4203,2025-09-17,16:00:00,2025-09-17T16:00:00-04:00
4204,2025-09-18,16:00:00,2025-09-18T16:00:00-04:00
4205,2025-09-19,16:00:00,2025-09-19T16:00:00-04:00
4206,2025-09-22,16:00:00,2025-09-22T16:00:00-04:00
4207,2025-09-23,16:00:00,2025-09-23T16:00:00-04:00
4208,2025-09-24,16:00:00,2025-09-24T16:00:00-04:00
4209,2025-09-25,16:00:00,2025-09-25T16:00:00-04:00
4210,2025-09-26,16:00:00,2025-09-26T16:00:00-04:00
4211,2025-09-29,16:00:00,2025-09-29T16:00:00-04:00
4212,2025-09-30,16:00:00,2025-09-30T16:00:00-04:00
4213,2025-10-01,16:00:00,2025-10-01T16:00:00-04:00
4214,2025-10-02,16:00:00,2025-10-02T16:00:00-04:00
4215,2025-10-03,16:00:00,2025-10-03T16:00:00-04:00
4216,2025-10-06,16:00:00,2025-10-06T16:00:00-04:00
4217,2025-10-07,16:00:00,2025-10-07T16:00:00-04:00
4218,2025-10-08,16:00:00,2025-10-08T16:00:00-04:00
4219,2025-10-09,16:00:00,2025-10-09T16:00:00-04:00
4220,2025-10-10,16:00:00,2025-10-10T16:00:00-04:00
4221,2025-10-13,16:00:00,2025-10-13T16:00:00-04:00
4222,2025-10-14,16:00:00,2025-10-14T16:00:00-04:00
4223,2025-10-15,16:00:00,2025-10-15T16:00:00-04:00
4224,2025-10-16,16:00:00,2025-10-16T16:00:00-04:00
4225,2025-10-17,16:00:00,2025-10-17T16:00:00-04:00
4226,2025-10-20,16:00:00,2025-10-20T16:00:00-04:00
4227,2025-10-21,16:00:00,2025-10-21T16:00:00-04:00
4228,2025-10-22,16:00:00,2025-10-22T16:00:00-04:00
4229,2025-10-23,16:00:00,2025-10-23T16:00:00-04:00
4230,2025-10-24,16:00:00,2025-10-24T16:00:00-04:00
4231,2025-10-27,16:00:00,2025-10-27T16:00:00-04:00
4232,2025-10-28,16:00:00,2025-10-28T16:00:00-04:00
4233,2025-10-29,16:00:00,2025-10-29T16:00:00-04:00
4234,2025-10-30,16:00:00,2025-10-30T16:00:00-04:00
4235,2025-10-31,16:00:00,2025-10-31T16:00:00-04:00
4236,2025-11-03,16:00:00,2025-11-03T16:00:00-05:00
4237,2025-11-04,16:00:00,2025-11-04T16:00:00-05:00
4238,2025-11-05,16:00:00,2025-11-05T16:00:00-05:00
4239,2025-11-06,16:00:00,2025-11-06T16:00:00-05:00
4240,2025-11-07,16:00:00,2025-11-07T16:00:00-05:00
4241,2025-11-10,16:00:00,2025-11-10T16:00:00-05:00
4242,2025-11-11,16:00:00,2025-11-11T16:00:00-05:00
4243,2025-11-12,16:00:00,2025-11-12T16:00:00-05:00
4244,2025-11-13,16:00:00,2025-11-13T16:00:00-05:00
4245,2025-11-14,16:00:00,2025-11-14T16:00:00-05:00
4246,2025-11-17,16:00:00,2025-11-17T16:00:00-05:00
4247,2025-11-18,16:00:00,2025-11-18T16:00:00-05:00
4248,2025-11-19,16:00:00,2025-11-19T16:00:00-05:00
4249,2025-11-20,16:00:00,2025-11-20T16:00:00-05:00
4250,2025-11-21,16:00:00,2025-11-21T16:00:00-05:00
4251,2025-11-24,16:00:00,2025-11-24T16:00:00-05:00
4252,2025-11-25,16:00:00,2025-11-25T16:00:00-05:00
4253,2025-11-26,16:00:00,2025-11-26T16:00:00-05:00
4254,2025-11-28,13:00:00,2025-11-28T13:00:00-05:00
4255,2025-12-01,16:00:00,2025-12-01T16:00:00-05:00
4256,2025-12-02,16:00:00,2025-12-02T16:00:00-05:00
4257,2025-12-03,16:00:00,2025-12-03T16:00:00-05:00
4258,2025-12-04,16:00:00,2025-12-04T16:00:00-05:00
4259,2025-12-05,16:00:00,2025-12-05T16:00:00-05:00
4260,2025-12-08,16:00:00,2025-12-08T16:00:00-05:00
4261,2025-12-09,16:00:00,2025-12-09T16:00:00-05:00
4262,2025-12-10,16:00:00,2025-12-10T16:00:00-05:00
4263,2025-12-11,16:00:00,2025-12-11T16:00:00-05:00
4264,2025-12-12,16:00:00,2025-12-12T16:00:00-05:00
4265,2025-12-15,16:00:00,2025-12-15T16:00:00-05:00
4266,2025-12-16,16:00:00,2025-12-16T16:00:00-05:00
4267,2025-12-17,16:00:00,2025-12-17T16:00:00-05:00
4268,2025-12-18,16:00:00,2025-12-18T16:00:00-05:00
4269,2025-12-19,16:00:00,2025-12-19T16:00:00-05:00
4270,2025-12-22,16:00:00,2025-12-22T16:00:00-05:00
4271,2025-12-23,16:00:00,2025-12-23T16:00:00-05:00
4272,2025-12-24,13:00:00,2025-12-24T13:00:00-05:00
4273,2025-12-26,16:00:00,2025-12-26T16:00:00-05:00
4274,2025-12-29,16:00:00,2025-12-29T16:00:00-05:00
4275,2025-12-30,16:00:00,2025-12-30T16:00:00-05:00
4276,2025-12-31,16:00:00,2025-12-31T16:00:00-05:00
4277,2026-01-02,16:00:00,2026-01-02T16:00:00-05:00
4278,2026-01-05,16:00:00,2026-01-05T16:00:00-05:00
4279,2026-01-06,16:00:00,2026-01-06T16:00:00-05:00
4280,2026-01-07,16:00:00,2026-01-07T16:00:00-05:00
4281,2026-01-08,16:00:00,2026-01-08T16:00:00-05:00
4282,2026-01-09,16:00:00,2026-01-09T16:00:00-05:00
4283,2026-01-12,16:00:00,2026-01-12T16:00:00-05:00
4284,2026-01-13,16:00:00,2026-01-13T16:00:00-05:00
4285,2026-01-14,16:00:00,2026-01-14T16:00:00-05:00
4286,2026-01-15,16:00:00,2026-01-15T16:00:00-05:00
4287,2026-01-16,16:00:00,2026-01-16T16:00:00-05:00
4288,2026-01-20,16:00:00,2026-01-20T16:00:00-05:00
4289,2026-01-21,16:00:00,2026-01-21T16:00:00-05:00
4290,2026-01-22,16:00:00,2026-01-22T16:00:00-05:00
4291,2026-01-23,16:00:00,2026-01-23T16:00:00-05:00
4292,2026-01-26,16:00:00,2026-01-26T16:00:00-05:00
4293,2026-01-27,16:00:00,2026-01-27T16:00:00-05:00
4294,2026-01-28,16:00:00,2026-01-28T16:00:00-05:00
4295,2026-01-29,16:00:00,2026-01-29T16:00:00-05:00
4296,2026-01-30,16:00:00,2026-01-30T16:00:00-05:00
4297,2026-02-02,16:00:00,2026-02-02T16:00:00-05:00
4298,2026-02-03,16:00:00,2026-02-03T16:00:00-05:00
4299,2026-02-04,16:00:00,2026-02-04T16:00:00-05:00
4300,2026-02-05,16:00:00,2026-02-05T16:00:00-05:00
4301,2026-02-06,16:00:00,2026-02-06T16:00:00-05:00
4302,2026-02-09,16:00:00,2026-02-09T16:00:00-05:00
4303,2026-02-10,16:00:00,2026-02-10T16:00:00-05:00
4304,2026-02-11,16:00:00,2026-02-11T16:00:00-05:00
4305,2026-02-12,16:00:00,2026-02-12T16:00:00-05:00
4306,2026-02-13,16:00:00,2026-02-13T16:00:00-05:00
4307,2026-02-17,16:00:00,2026-02-17T16:00:00-05:00
4308,2026-02-18,16:00:00,2026-02-18T16:00:00-05:00
4309,2026-02-19,16:00:00,2026-02-19T16:00:00-05:00
4310,2026-02-20,16:00:00,2026-02-20T16:00:00-05:00
4311,2026-02-23,16:00:00,2026-02-23T16:00:00-05:00
4312,2026-02-24,16:00:00,2026-02-24T16:00:00-05:00
4313,2026-02-25,16:00:00,2026-02-25T16:00:00-05:00
4314,2026-02-26,16:00:00,2026-02-26T16:00:00-05:00
4315,2026-02-27,16:00:00,2026-02-27T16:00:00-05:00
4316,2026-03-02,16:00:00,2026-03-02T16:00:00-05:00
4317,2026-03-03,16:00:00,2026-03-03T16:00:00-05:00
4318,2026-03-04,16:00:00,2026-03-04T16:00:00-05:00
4319,2026-03-05,16:00:00,2026-03-05T16:00:00-05:00
4320,2026-03-06,16:00:00,2026-03-06T16:00:00-05:00
4321,2026-03-09,16:00:00,2026-03-09T16:00:00-04:00
4322,2026-03-10,16:00:00,2026-03-10T16:00:00-04:00
4323,2026-03-11,16:00:00,2026-03-11T16:00:00-04:00
4324,2026-03-12,16:00:00,2026-03-12T16:00:00-04:00
4325,2026-03-13,16:00:00,2026-03-13T16:00:00-04:00
4326,2026-03-16,16:00:00,2026-03-16T16:00:00-04:00
4327,2026-03-17,16:00:00,2026-03-17T16:00:00-04:00
4328,2026-03-18,16:00:00,2026-03-18T16:00:00-04:00
4329,2026-03-19,16:00:00,2026-03-19T16:00:00-04:00
4330,2026-03-20,16:00:00,2026-03-20T16:00:00-04:00
4331,2026-03-23,16:00:00,2026-03-23T16:00:00-04:00
4332,2026-03-24,16:00:00,2026-03-24T16:00:00-04:00
4333,2026-03-25,16:00:00,2026-03-25T16:00:00-04:00
4334,2026-03-26,16:00:00,2026-03-26T16:00:00-04:00
4335,2026-03-27,16:00:00,2026-03-27T16:00:00-04:00
4336,2026-03-30,16:00:00,2026-03-30T16:00:00-04:00
4337,2026-03-31,16:00:00,2026-03-31T16:00:00-04:00
4338,2026-04-01,16:00:00,2026-04-01T16:00:00-04:00
4339,2026-04-02,16:00:00,2026-04-02T16:00:00-04:00
4340,2026-04-06,16:00:00,2026-04-06T16:00:00-04:00
4341,2026-04-07,16:00:00,2026-04-07T16:00:00-04:00
4342,2026-04-08,16:00:00,2026-04-08T16:00:00-04:00
4343,2026-04-09,16:00:00,2026-04-09T16:00:00-04:00
4344,2026-04-10,16:00:00,2026-04-10T16:00:00-04:00
4345,2026-04-13,16:00:00,2026-04-13T16:00:00-04:00
4346,2026-04-14,16:00:00,2026-04-14T16:00:00-04:00
4347,2026-04-15,16:00:00,2026-04-15T16:00:00-04:00
4348,2026-04-16,16:00:00,2026-04-16T16:00:00-04:00
4349,2026-04-17,16:00:00,2026-04-17T16:00:00-04:00
4350,2026-04-20,16:00:00,2026-04-20T16:00:00-04:00
4351,2026-04-21,16:00:00,2026-04-21T16:00:00-04:00
4352,2026-04-22,16:00:00,2026-04-22T16:00:00-04:00
4353,2026-04-23,16:00:00,2026-04-23T16:00:00-04:00
4354,2026-04-24,16:00:00,2026-04-24T16:00:00-04:00
4355,2026-04-27,16:00:00,2026-04-27T16:00:00-04:00
4356,2026-04-28,16:00:00,2026-04-28T16:00:00-04:00
4357,2026-04-29,16:00:00,2026-04-29T16:00:00-04:00
4358,2026-04-30,16:00:00,2026-04-30T16:00:00-04:00
4359,2026-05-01,16:00:00,2026-05-01T16:00:00-04:00
4360,2026-05-04,16:00:00,2026-05-04T16:00:00-04:00
4361,2026-05-05,16:00:00,2026-05-05T16:00:00-04:00
4362,2026-05-06,16:00:00,2026-05-06T16:00:00-04:00
4363,2026-05-07,16:00:00,2026-05-07T16:00:00-04:00
4364,2026-05-08,16:00:00,2026-05-08T16:00:00-04:00
4365,2026-05-11,16:00:00,2026-05-11T16:00:00-04:00
4366,2026-05-12,16:00:00,2026-05-12T16:00:00-04:00
4367,2026-05-13,16:00:00,2026-05-13T16:00:00-04:00
4368,2026-05-14,16:00:00,2026-05-14T16:00:00-04:00
4369,2026-05-15,16:00:00,2026-05-15T16:00:00-04:00
4370,2026-05-18,16:00:00,2026-05-18T16:00:00-04:00
4371,2026-05-19,16:00:00,2026-05-19T16:00:00-04:00
4372,2026-05-20,16:00:00,2026-05-20T16:00:00-04:00
4373,2026-05-21,16:00:00,2026-05-21T16:00:00-04:00
4374,2026-05-22,16:00:00,2026-05-22T16:00:00-04:00
4375,2026-05-26,16:00:00,2026-05-26T16:00:00-04:00
4376,2026-05-27,16:00:00,2026-05-27T16:00:00-04:00
4377,2026-05-28,16:00:00,2026-05-28T16:00:00-04:00
4378,2026-05-29,16:00:00,2026-05-29T16:00:00-04:00
4379,2026-06-01,16:00:00,2026-06-01T16:00:00-04:00
4380,2026-06-02,16:00:00,2026-06-02T16:00:00-04:00
4381,2026-06-03,16:00:00,2026-06-03T16:00:00-04:00
4382,2026-06-04,16:00:00,2026-06-04T16:00:00-04:00
4383,2026-06-05,16:00:00,2026-06-05T16:00:00-04:00
4384,2026-06-08,16:00:00,2026-06-08T16:00:00-04:00
4385,2026-06-09,16:00:00,2026-06-09T16:00:00-04:00
4386,2026-06-10,16:00:00,2026-06-10T16:00:00-04:00
4387,2026-06-11,16:00:00,2026-06-11T16:00:00-04:00
4388,2026-06-12,16:00:00,2026-06-12T16:00:00-04:00
4389,2026-06-15,16:00:00,2026-06-15T16:00:00-04:00
4390,2026-06-16,16:00:00,2026-06-16T16:00:00-04:00
4391,2026-06-17,16:00:00,2026-06-17T16:00:00-04:00
4392,2026-06-18,16:00:00,2026-06-18T16:00:00-04:00
4393,2026-06-22,16:00:00,2026-06-22T16:00:00-04:00
4394,2026-06-23,16:00:00,2026-06-23T16:00:00-04:00
4395,2026-06-24,16:00:00,2026-06-24T16:00:00-04:00
4396,2026-06-25,16:00:00,2026-06-25T16:00:00-04:00
4397,2026-06-26,16:00:00,2026-06-26T16:00:00-04:00
4398,2026-06-29,16:00:00,2026-06-29T16:00:00-04:00
4399,2026-06-30,16:00:00,2026-06-30T16:00:00-04:00
4400,2026-07-01,16:00:00,2026-07-01T16:00:00-04:00
4401,2026-07-02,16:00:00,2026-07-02T16:00:00-04:00
4402,2026-07-06,16:00:00,2026-07-06T16:00:00-04:00
4403,2026-07-07,16:00:00,2026-07-07T16:00:00-04:00
4404,2026-07-08,16:00:00,2026-07-08T16:00:00-04:00
4405,2026-07-09,16:00:00,2026-07-09T16:00:00-04:00
4406,2026-07-10,16:00:00,2026-07-10T16:00:00-04:00
4407,2026-07-13,16:00:00,2026-07-13T16:00:00-04:00
4408,2026-07-14,16:00:00,2026-07-14T16:00:00-04:00
4409,2026-07-15,16:00:00,2026-07-15T16:00:00-04:00
4410,2026-07-16,16:00:00,2026-07-16T16:00:00-04:00
4411,2026-07-17,16:00:00,2026-07-17T16:00:00-04:00
4412,2026-07-20,16:00:00,2026-07-20T16:00:00-04:00
4413,2026-07-21,16:00:00,2026-07-21T16:00:00-04:00
4414,2026-07-22,16:00:00,2026-07-22T16:00:00-04:00
4415,2026-07-23,16:00:00,2026-07-23T16:00:00-04:00
4416,2026-07-24,16:00:00,2026-07-24T16:00:00-04:00
4417,2026-07-27,16:00:00,2026-07-27T16:00:00-04:00
4418,2026-07-28,16:00:00,2026-07-28T16:00:00-04:00
4419,2026-07-29,16:00:00,2026-07-29T16:00:00-04:00
4420,2026-07-30,16:00:00,2026-07-30T16:00:00-04:00
4421,2026-07-31,16:00:00,2026-07-31T16:00:00-04:00
4422,2026-08-03,16:00:00,2026-08-03T16:00:00-04:00
4423,2026-08-04,16:00:00,2026-08-04T16:00:00-04:00
4424,2026-08-05,16:00:00,2026-08-05T16:00:00-04:00
4425,2026-08-06,16:00:00,2026-08-06T16:00:00-04:00
4426,2026-08-07,16:00:00,2026-08-07T16:00:00-04:00
4427,2026-08-10,16:00:00,2026-08-10T16:00:00-04:00
4428,2026-08-11,16:00:00,2026-08-11T16:00:00-04:00
4429,2026-08-12,16:00:00,2026-08-12T16:00:00-04:00
4430,2026-08-13,16:00:00,2026-08-13T16:00:00-04:00
4431,2026-08-14,16:00:00,2026-08-14T16:00:00-04:00
4432,2026-08-17,16:00:00,2026-08-17T16:00:00-04:00
4433,2026-08-18,16:00:00,2026-08-18T16:00:00-04:00
4434,2026-08-19,16:00:00,2026-08-19T16:00:00-04:00
4435,2026-08-20,16:00:00,2026-08-20T16:00:00-04:00
4436,2026-08-21,16:00:00,2026-08-21T16:00:00-04:00
4437,2026-08-24,16:00:00,2026-08-24T16:00:00-04:00
4438,2026-08-25,16:00:00,2026-08-25T16:00:00-04:00
4439,2026-08-26,16:00:00,2026-08-26T16:00:00-04:00
4440,2026-08-27,16:00:00,2026-08-27T16:00:00-04:00
4441,2026-08-28,16:00:00,2026-08-28T16:00:00-04:00
4442,2026-08-31,16:00:00,2026-08-31T16:00:00-04:00
4443,2026-09-01,16:00:00,2026-09-01T16:00:00-04:00
4444,2026-09-02,16:00:00,2026-09-02T16:00:00-04:00
4445,2026-09-03,16:00:00,2026-09-03T16:00:00-04:00
4446,2026-09-04,16:00:00,2026-09-04T16:00:00-04:00
4447,2026-09-08,16:00:00,2026-09-08T16:00:00-04:00
4448,2026-09-09,16:00:00,2026-09-09T16:00:00-04:00
4449,2026-09-10,16:00:00,2026-09-10T16:00:00-04:00
4450,2026-09-11,16:00:00,2026-09-11T16:00:00-04:00
4451,2026-09-14,16:00:00,2026-09-14T16:00:00-04:00
4452,2026-09-15,16:00:00,2026-09-15T16:00:00-04:00
4453,2026-09-16,16:00:00,2026-09-16T16:00:00-04:00
4454,2026-09-17,16:00:00,2026-09-17T16:00:00-04:00
4455,2026-09-18,16:00:00,2026-09-18T16:00:00-04:00
4456,2026-09-21,16:00:00,2026-09-21T16:00:00-04:00
4457,2026-09-22,16:00:00,2026-09-22T16:00:00-04:00
4458,2026-09-23,16:00:00,2026-09-23T16:00:00-04:00
4459,2026-09-24,16:00:00,2026-09-24T16:00:00-04:00
4460,2026-09-25,16:00:00,2026-09-25T16:00:00-04:00
4461,2026-09-28,16:00:00,2026-09-28T16:00:00-04:00
4462,2026-09-29,16:00:00,2026-09-29T16:00:00-04:00
4463,2026-09-30,16:00:00,2026-09-30T16:00:00-04:00
4464,2026-10-01,16:00:00,2026-10-01T16:00:00-04:00
4465,2026-10-02,16:00:00,2026-10-02T16:00:00-04:00
4466,2026-10-05,16:00:00,2026-10-05T16:00:00-04:00
4467,2026-10-06,16:00:00,2026-10-06T16:00:00-04:00
4468,2026-10-07,16:00:00,2026-10-07T16:00:00-04:00
4469,2026-10-08,16:00:00,2026-10-08T16:00:00-04:00
4470,2026-10-09,16:00:00,2026-10-09T16:00:00-04:00
4471,2026-10-12,16:00:00,2026-10-12T16:00:00-04:00
4472,2026-10-13,16:00:00,2026-10-13T16:00:00-04:00
4473,2026-10-14,16:00:00,2026-10-14T16:00:00-04:00
4474,2026-10-15,16:00:00,2026-10-15T16:00:00-04:00
4475,2026-10-16,16:00:00,2026-10-16T16:00:00-04:00
4476,2026-10-19,16:00:00,2026-10-19T16:00:00-04:00
4477,2026-10-20,16:00:00,2026-10-20T16:00:00-04:00
4478,2026-10-21,16:00:00,2026-10-21T16:00:00-04:00
4479,2026-10-22,16:00:00,2026-10-22T16:00:00-04:00
4480,2026-10-23,16:00:00,2026-10-23T16:00:00-04:00
4481,2026-10-26,16:00:00,2026-10-26T16:00:00-04:00
4482,2026-10-27,16:00:00,2026-10-27T16:00:00-04:00
4483,2026-10-28,16:00:00,2026-10-28T16:00:00-04:00
4484,2026-10-29,16:00:00,2026-10-29T16:00:00-04:00
4485,2026-10-30,16:00:00,2026-10-30T16:00:00-04:00
4486,2026-11-02,16:00:00,2026-11-02T16:00:00-05:00
4487,2026-11-03,16:00:00,2026-11-03T16:00:00-05:00
4488,2026-11-04,16:00:00,2026-11-04T16:00:00-05:00
4489,2026-11-05,16:00:00,2026-11-05T16:00:00-05:00
4490,2026-11-06,16:00:00,2026-11-06T16:00:00-05:00
4491,2026-11-09,16:00:00,2026-11-09T16:00:00-05:00
4492,2026-11-10,16:00:00,2026-11-10T16:00:00-05:00
4493,2026-11-11,16:00:00,2026-11-11T16:00:00-05:00
4494,2026-11-12,16:00:00,2026-11-12T16:00:00-05:00
4495,2026-11-13,16:00:00,2026-11-13T16:00:00-05:00
4496,2026-11-16,16:00:00,2026-11-16T16:00:00-05:00
4497,2026-11-17,16:00:00,2026-11-17T16:00:00-05:00
4498,2026-11-18,16:00:00,2026-11-18T16:00:00-05:00
4499,2026-11-19,16:00:00,2026-11-19T16:00:00-05:00
4500,2026-11-20,16:00:00,2026-11-20T16:00:00-05:00
4501,2026-11-23,16:00:00,2026-11-23T16:00:00-05:00
4502,2026-11-24,16:00:00,2026-11-24T16:00:00-05:00
4503,2026-11-25,16:00:00,2026-11-25T16:00:00-05:00
4504,2026-11-27,13:00:00,2026-11-27T13:00:00-05:00
4505,2026-11-30,16:00:00,2026-11-30T16:00:00-05:00
4506,2026-12-01,16:00:00,2026-12-01T16:00:00-05:00
4507,2026-12-02,16:00:00,2026-12-02T16:00:00-05:00
4508,2026-12-03,16:00:00,2026-12-03T16:00:00-05:00
4509,2026-12-04,16:00:00,2026-12-04T16:00:00-05:00
4510,2026-12-07,16:00:00,2026-12-07T16:00:00-05:00
4511,2026-12-08,16:00:00,2026-12-08T16:00:00-05:00
4512,2026-12-09,16:00:00,2026-12-09T16:00:00-05:00
4513,2026-12-10,16:00:00,2026-12-10T16:00:00-05:00
4514,2026-12-11,16:00:00,2026-12-11T16:00:00-05:00
4515,2026-12-14,16:00:00,2026-12-14T16:00:00-05:00
4516,2026-12-15,16:00:00,2026-12-15T16:00:00-05:00
4517,2026-12-16,16:00:00,2026-12-16T16:00:00-05:00
4518,2026-12-17,16:00:00,2026-12-17T16:00:00-05:00
4519,2026-12-18,16:00:00,2026-12-18T16:00:00-05:00
4520,2026-12-21,16:00:00,2026-12-21T16:00:00-05:00
4521,2026-12-22,16:00:00,2026-12-22T16:00:00-05:00
4522,2026-12-23,16:00:00,2026-12-23T16:00:00-05:00
4523,2026-12-24,13:00:00,2026-12-24T13:00:00-05:00
4524,2026-12-28,16:00:00,2026-12-28T16:00:00-05:00
4525,2026-12-29,16:00:00,2026-12-29T16:00:00-05:00
4526,2026-12-30,16:00:00,2026-12-30T16:00:00-05:00
4527,2026-12-31,16:00:00,2026-12-31T16:00:00-05:00
4528,2027-01-04,16:00:00,2027-01-04T16:00:00-05:00
4529,2027-01-05,16:00:00,2027-01-05T16:00:00-05:00
4530,2027-01-06,16:00:00,2027-01-06T16:00:00-05:00
4531,2027-01-07,16:00:00,2027-01-07T16:00:00-05:00
4532,2027-01-08,16:00:00,2027-01-08T16:00:00-05:00
4533,2027-01-11,16:00:00,2027-01-11T16:00:00-05:00
4534,2027-01-12,16:00:00,2027-01-12T16:00:00-05:00
4535,2027-01-13,16:00:00,2027-01-13T16:00:00-05:00
4536,2027-01-14,16:00:00,2027-01-14T16:00:00-05:00
4537,2027-01-15,16:00:00,2027-01-15T16:00:00-05:00
4538,2027-01-19,16:00:00,2027-01-19T16:00:00-05:00
4539,2027-01-20,16:00:00,2027-01-20T16:00:00-05:00
4540,2027-01-21,16:00:00,2027-01-21T16:00:00-05:00
4541,2027-01-22,16:00:00,2027-01-22T16:00:00-05:00
4542,2027-01-25,16:00:00,2027-01-25T16:00:00-05:00
4543,2027-01-26,16:00:00,2027-01-26T16:00:00-05:00
4544,2027-01-27,16:00:00,2027-01-27T16:00:00-05:00
4545,2027-01-28,16:00:00,2027-01-28T16:00:00-05:00
4546,2027-01-29,16:00:00,2027-01-29T16:00:00-05:00
4547,2027-02-01,16:00:00,2027-02-01T16:00:00-05:00
4548,2027-02-02,16:00:00,2027-02-02T16:00:00-05:00
4549,2027-02-03,16:00:00,2027-02-03T16:00:00-05:00
4550,2027-02-04,16:00:00,2027-02-04T16:00:00-05:00
4551,2027-02-05,16:00:00,2027-02-05T16:00:00-05:00
4552,2027-02-08,16:00:00,2027-02-08T16:00:00-05:00
4553,2027-02-09,16:00:00,2027-02-09T16:00:00-05:00
4554,2027-02-10,16:00:00,2027-02-10T16:00:00-05:00
4555,2027-02-11,16:00:00,2027-02-11T16:00:00-05:00
4556,2027-02-12,16:00:00,2027-02-12T16:00:00-05:00
4557,2027-02-16,16:00:00,2027-02-16T16:00:00-05:00
4558,2027-02-17,16:00:00,2027-02-17T16:00:00-05:00
4559,2027-02-18,16:00:00,2027-02-18T16:00:00-05:00
4560,2027-02-19,16:00:00,2027-02-19T16:00:00-05:00
4561,2027-02-22,16:00:00,2027-02-22T16:00:00-05:00
4562,2027-02-23,16:00:00,2027-02-23T16:00:00-05:00
4563,2027-02-24,16:00:00,2027-02-24T16:00:00-05:00
4564,2027-02-25,16:00:00,2027-02-25T16:00:00-05:00
4565,2027-02-26,16:00:00,2027-02-26T16:00:00-05:00
4566,2027-03-01,16:00:00,2027-03-01T16:00:00-05:00
4567,2027-03-02,16:00:00,2027-03-02T16:00:00-05:00
4568,2027-03-03,16:00:00,2027-03-03T16:00:00-05:00
4569,2027-03-04,16:00:00,2027-03-04T16:00:00-05:00
4570,2027-03-05,16:00:00,2027-03-05T16:00:00-05:00
4571,2027-03-08,16:00:00,2027-03-08T16:00:00-05:00
4572,2027-03-09,16:00:00,2027-03-09T16:00:00-05:00
4573,2027-03-10,16:00:00,2027-03-10T16:00:00-05:00
4574,2027-03-11,16:00:00,2027-03-11T16:00:00-05:00
4575,2027-03-12,16:00:00,2027-03-12T16:00:00-05:00
4576,2027-03-15,16:00:00,2027-03-15T16:00:00-04:00
4577,2027-03-16,16:00:00,2027-03-16T16:00:00-04:00
4578,2027-03-17,16:00:00,2027-03-17T16:00:00-04:00
4579,2027-03-18,16:00:00,2027-03-18T16:00:00-04:00
4580,2027-03-19,16:00:00,2027-03-19T16:00:00-04:00
4581,2027-03-22,16:00:00,2027-03-22T16:00:00-04:00
4582,2027-03-23,16:00:00,2027-03-23T16:00:00-04:00
4583,2027-03-24,16:00:00,2027-03-24T16:00:00-04:00
4584,2027-03-25,16:00:00,2027-03-25T16:00:00-04:00
4585,2027-03-29,16:00:00,2027-03-29T16:00:00-04:00
4586,2027-03-30,16:00:00,2027-03-30T16:00:00-04:00
4587,2027-03-31,16:00:00,2027-03-31T16:00:00-04:00
4588,2027-04-01,16:00:00,2027-04-01T16:00:00-04:00
4589,2027-04-02,16:00:00,2027-04-02T16:00:00-04:00
4590,2027-04-05,16:00:00,2027-04-05T16:00:00-04:00
4591,2027-04-06,16:00:00,2027-04-06T16:00:00-04:00
4592,2027-04-07,16:00:00,2027-04-07T16:00:00-04:00
4593,2027-04-08,16:00:00,2027-04-08T16:00:00-04:00
4594,2027-04-09,16:00:00,2027-04-09T16:00:00-04:00
4595,2027-04-12,16:00:00,2027-04-12T16:00:00-04:00
4596,2027-04-13,16:00:00,2027-04-13T16:00:00-04:00
4597,2027-04-14,16:00:00,2027-04-14T16:00:00-04:00
4598,2027-04-15,16:00:00,2027-04-15T16:00:00-04:00
4599,2027-04-16,16:00:00,2027-04-16T16:00:00-04:00
4600,2027-04-19,16:00:00,2027-04-19T16:00:00-04:00
4601,2027-04-20,16:00:00,2027-04-20T16:00:00-04:00
4602,2027-04-21,16:00:00,2027-04-21T16:00:00-04:00
4603,2027-04-22,16:00:00,2027-04-22T16:00:00-04:00
4604,2027-04-23,16:00:00,2027-04-23T16:00:00-04:00
4605,2027-04-26,16:00:00,2027-04-26T16:00:00-04:00
4606,2027-04-27,16:00:00,2027-04-27T16:00:00-04:00
4607,2027-04-28,16:00:00,2027-04-28T16:00:00-04:00
4608,2027-04-29,16:00:00,2027-04-29T16:00:00-04:00
4609,2027-04-30,16:00:00,2027-04-30T16:00:00-04:00
4610,2027-05-03,16:00:00,2027-05-03T16:00:00-04:00
4611,2027-05-04,16:00:00,2027-05-04T16:00:00-04:00
4612,2027-05-05,16:00:00,2027-05-05T16:00:00-04:00
4613,2027-05-06,16:00:00,2027-05-06T16:00:00-04:00
4614,2027-05-07,16:00:00,2027-05-07T16:00:00-04:00
4615,2027-05-10,16:00:00,2027-05-10T16:00:00-04:00
4616,2027-05-11,16:00:00,2027-05-11T16:00:00-04:00
4617,2027-05-12,16:00:00,2027-05-12T16:00:00-04:00
4618,2027-05-13,16:00:00,2027-05-13T16:00:00-04:00
4619,2027-05-14,16:00:00,2027-05-14T16:00:00-04:00
4620,2027-05-17,16:00:00,2027-05-17T16:00:00-04:00
4621,2027-05-18,16:00:00,2027-05-18T16:00:00-04:00
4622,2027-05-19,16:00:00,2027-05-19T16:00:00-04:00
4623,2027-05-20,16:00:00,2027-05-20T16:00:00-04:00
4624,2027-05-21,16:00:00,2027-05-21T16:00:00-04:00
4625,2027-05-24,16:00:00,2027-05-24T16:00:00-04:00
4626,2027-05-25,16:00:00,2027-05-25T16:00:00-04:00
4627,2027-05-26,16:00:00,2027-05-26T16:00:00-04:00
4628,2027-05-27,16:00:00,2027-05-27T16:00:00-04:00
4629,2027-05-28,16:00:00,2027-05-28T16:00:00-04:00
4630,2027-06-01,16:00:00,2027-06-01T16:00:00-04:00
4631,2027-06-02,16:00:00,2027-06-02T16:00:00-04:00
4632,2027-06-03,16:00:00,2027-06-03T16:00:00-04:00
4633,2027-06-04,16:00:00,2027-06-04T16:00:00-04:00
4634,2027-06-07,16:00:00,2027-06-07T16:00:00-04:00
4635,2027-06-08,16:00:00,2027-06-08T16:00:00-04:00
4636,2027-06-09,16:00:00,2027-06-09T16:00:00-04:00
4637,2027-06-10,16:00:00,2027-06-10T16:00:00-04:00
4638,2027-06-11,16:00:00,2027-06-11T16:00:00-04:00
4639,2027-06-14,16:00:00,2027-06-14T16:00:00-04:00
4640,2027-06-15,16:00:00,2027-06-15T16:00:00-04:00
4641,2027-06-16,16:00:00,2027-06-16T16:00:00-04:00
4642,2027-06-17,16:00:00,2027-06-17T16:00:00-04:00
4643,2027-06-21,16:00:00,2027-06-21T16:00:00-04:00
4644,2027-06-22,16:00:00,2027-06-22T16:00:00-04:00
4645,2027-06-23,16:00:00,2027-06-23T16:00:00-04:00
4646,2027-06-24,16:00:00,2027-06-24T16:00:00-04:00
4647,2027-06-25,16:00:00,2027-06-25T16:00:00-04:00
4648,2027-06-28,16:00:00,2027-06-28T16:00:00-04:00
4649,2027-06-29,16:00:00,2027-06-29T16:00:00-04:00
4650,2027-06-30,16:00:00,2027-06-30T16:00:00-04:00
4651,2027-07-01,16:00:00,2027-07-01T16:00:00-04:00
4652,2027-07-02,16:00:00,2027-07-02T16:00:00-04:00
4653,2027-07-06,16:00:00,2027-07-06T16:00:00-04:00
4654,2027-07-07,16:00:00,2027-07-07T16:00:00-04:00
4655,2027-07-08,16:00:00,2027-07-08T16:00:00-04:00
4656,2027-07-09,16:00:00,2027-07-09T16:00:00-04:00
4657,2027-07-12,16:00:00,2027-07-12T16:00:00-04:00
4658,2027-07-13,16:00:00,2027-07-13T16:00:00-04:00
4659,2027-07-14,16:00:00,2027-07-14T16:00:00-04:00
4660,2027-07-15,16:00:00,2027-07-15T16:00:00-04:00
4661,2027-07-16,16:00:00,2027-07-16T16:00:00-04:00
4662,2027-07-19,16:00:00,2027-07-19T16:00:00-04:00
4663,2027-07-20,16:00:00,2027-07-20T16:00:00-04:00
4664,2027-07-21,16:00:00,2027-07-21T16:00:00-04:00
4665,2027-07-22,16:00:00,2027-07-22T16:00:00-04:00
4666,2027-07-23,16:00:00,2027-07-23T16:00:00-04:00
4667,2027-07-26,16:00:00,2027-07-26T16:00:00-04:00
4668,2027-07-27,16:00:00,2027-07-27T16:00:00-04:00
4669,2027-07-28,16:00:00,2027-07-28T16:00:00-04:00
4670,2027-07-29,16:00:00,2027-07-29T16:00:00-04:00
4671,2027-07-30,16:00:00,2027-07-30T16:00:00-04:00
4672,2027-08-02,16:00:00,2027-08-02T16:00:00-04:00
4673,2027-08-03,16:00:00,2027-08-03T16:00:00-04:00
4674,2027-08-04,16:00:00,2027-08-04T16:00:00-04:00
4675,2027-08-05,16:00:00,2027-08-05T16:00:00-04:00
4676,2027-08-06,16:00:00,2027-08-06T16:00:00-04:00
4677,2027-08-09,16:00:00,2027-08-09T16:00:00-04:00
4678,2027-08-10,16:00:00,2027-08-10T16:00:00-04:00
4679,2027-08-11,16:00:00,2027-08-11T16:00:00-04:00
4680,2027-08-12,16:00:00,2027-08-12T16:00:00-04:00
4681,2027-08-13,16:00:00,2027-08-13T16:00:00-04:00
4682,2027-08-16,16:00:00,2027-08-16T16:00:00-04:00
4683,2027-08-17,16:00:00,2027-08-17T16:00:00-04:00
4684,2027-08-18,16:00:00,2027-08-18T16:00:00-04:00
4685,2027-08-19,16:00:00,2027-08-19T16:00:00-04:00
4686,2027-08-20,16:00:00,2027-08-20T16:00:00-04:00
4687,2027-08-23,16:00:00,2027-08-23T16:00:00-04:00
4688,2027-08-24,16:00:00,2027-08-24T16:00:00-04:00
4689,2027-08-25,16:00:00,2027-08-25T16:00:00-04:00
4690,2027-08-26,16:00:00,2027-08-26T16:00:00-04:00
4691,2027-08-27,16:00:00,2027-08-27T16:00:00-04:00
4692,2027-08-30,16:00:00,2027-08-30T16:00:00-04:00
4693,2027-08-31,16:00:00,2027-08-31T16:00:00-04:00
4694,2027-09-01,16:00:00,2027-09-01T16:00:00-04:00
4695,2027-09-02,16:00:00,2027-09-02T16:00:00-04:00
4696,2027-09-03,16:00:00,2027-09-03T16:00:00-04:00
4697,2027-09-07,16:00:00,2027-09-07T16:00:00-04:00
4698,2027-09-08,16:00:00,2027-09-08T16:00:00-04:00
4699,2027-09-09,16:00:00,2027-09-09T16:00:00-04:00
4700,2027-09-10,16:00:00,2027-09-10T16:00:00-04:00
4701,2027-09-13,16:00:00,2027-09-13T16:00:00-04:00
4702,2027-09-14,16:00:00,2027-09-14T16:00:00-04:00
4703,2027-09-15,16:00:00,2027-09-15T16:00:00-04:00
4704,2027-09-16,16:00:00,2027-09-16T16:00:00-04:00
4705,2027-09-17,16:00:00,2027-09-17T16:00:00-04:00
4706,2027-09-20,16:00:00,2027-09-20T16:00:00-04:00
4707,2027-09-21,16:00:00,2027-09-21T16:00:00-04:00
4708,2027-09-22,16:00:00,2027-09-22T16:00:00-04:00
4709,2027-09-23,16:00:00,2027-09-23T16:00:00-04:00
4710,2027-09-24,16:00:00,2027-09-24T16:00:00-04:00
4711,2027-09-27,16:00:00,2027-09-27T16:00:00-04:00
4712,2027-09-28,16:00:00,2027-09-28T16:00:00-04:00
4713,2027-09-29,16:00:00,2027-09-29T16:00:00-04:00
4714,2027-09-30,16:00:00,2027-09-30T16:00:00-04:00
4715,2027-10-01,16:00:00,2027-10-01T16:00:00-04:00
4716,2027-10-04,16:00:00,2027-10-04T16:00:00-04:00
4717,2027-10-05,16:00:00,2027-10-05T16:00:00-04:00
4718,2027-10-06,16:00:00,2027-10-06T16:00:00-04:00
4719,2027-10-07,16:00:00,2027-10-07T16:00:00-04:00
4720,2027-10-08,16:00:00,2027-10-08T16:00:00-04:00
4721,2027-10-11,16:00:00,2027-10-11T16:00:00-04:00
4722,2027-10-12,16:00:00,2027-10-12T16:00:00-04:00
4723,2027-10-13,16:00:00,2027-10-13T16:00:00-04:00
4724,2027-10-14,16:00:00,2027-10-14T16:00:00-04:00
4725,2027-10-15,16:00:00,2027-10-15T16:00:00-04:00
4726,2027-10-18,16:00:00,2027-10-18T16:00:00-04:00
4727,2027-10-19,16:00:00,2027-10-19T16:00:00-04:00
4728,2027-10-20,16:00:00,2027-10-20T16:00:00-04:00
4729,2027-10-21,16:00:00,2027-10-21T16:00:00-04:00
4730,2027-10-22,16:00:00,2027-10-22T16:00:00-04:00
4731,2027-10-25,16:00:00,2027-10-25T16:00:00-04:00
4732,2027-10-26,16:00:00,2027-10-26T16:00:00-04:00
4733,2027-10-27,16:00:00,2027-10-27T16:00:00-04:00
4734,2027-10-28,16:00:00,2027-10-28T16:00:00-04:00
4735,2027-10-29,16:00:00,2027-10-29T16:00:00-04:00
4736,2027-11-01,16:00:00,2027-11-01T16:00:00-04:00
4737,2027-11-02,16:00:00,2027-11-02T16:00:00-04:00
4738,2027-11-03,16:00:00,2027-11-03T16:00:00-04:00
4739,2027-11-04,16:00:00,2027-11-04T16:00:00-04:00
4740,2027-11-05,16:00:00,2027-11-05T16:00:00-04:00
4741,2027-11-08,16:00:00,2027-11-08T16:00:00-05:00
4742,2027-11-09,16:00:00,2027-11-09T16:00:00-05:00
4743,2027-11-10,16:00:00,2027-11-10T16:00:00-05:00
4744,2027-11-11,16:00:00,2027-11-11T16:00:00-05:00
4745,2027-11-12,16:00:00,2027-11-12T16:00:00-05:00
4746,2027-11-15,16:00:00,2027-11-15T16:00:00-05:00
4747,2027-11-16,16:00:00,2027-11-16T16:00:00-05:00
4748,2027-11-17,16:00:00,2027-11-17T16:00:00-05:00
4749,2027-11-18,16:00:00,2027-11-18T16:00:00-05:00
4750,2027-11-19,16:00:00,2027-11-19T16:00:00-05:00
4751,2027-11-22,16:00:00,2027-11-22T16:00:00-05:00
4752,2027-11-23,16:00:00,2027-11-23T16:00:00-05:00
4753,2027-11-24,16:00:00,2027-11-24T16:00:00-05:00
4754,2027-11-26,13:00:00,2027-11-26T13:00:00-05:00
4755,2027-11-29,16:00:00,2027-11-29T16:00:00-05:00
4756,2027-11-30,16:00:00,2027-11-30T16:00:00-05:00
4757,2027-12-01,16:00:00,2027-12-01T16:00:00-05:00
4758,2027-12-02,16:00:00,2027-12-02T16:00:00-05:00
4759,2027-12-03,16:00:00,2027-12-03T16:00:00-05:00
4760,2027-12-06,16:00:00,2027-12-06T16:00:00-05:00
4761,2027-12-07,16:00:00,2027-12-07T16:00:00-05:00
4762,2027-12-08,16:00:00,2027-12-08T16:00:00-05:00
4763,2027-12-09,16:00:00,2027-12-09T16:00:00-05:00
4764,2027-12-10,16:00:00,2027-12-10T16:00:00-05:00
4765,2027-12-13,16:00:00,2027-12-13T16:00:00-05:00
4766,2027-12-14,16:00:00,2027-12-14T16:00:00-05:00
4767,2027-12-15,16:00:00,2027-12-15T16:00:00-05:00
4768,2027-12-16,16:00:00,2027-12-16T16:00:00-05:00
4769,2027-12-17,16:00:00,2027-12-17T16:00:00-05:00
4770,2027-12-20,16:00:00,2027-12-20T16:00:00-05:00
4771,2027-12-21,16:00:00,2027-12-21T16:00:00-05:00
4772,2027-12-22,16:00:00,2027-12-22T16:00:00-05:00
4773,2027-12-23,16:00:00,2027-12-23T16:00:00-05:00
4774,2027-12-27,16:00:00,2027-12-27T16:00:00-05:00
4775,2027-12-28,16:00:00,2027-12-28T16:00:00-05:00
4776,2027-12-29,16:00:00,2027-12-29T16:00:00-05:00
4777,2027-12-30,16:00:00,2027-12-30T16:00:00-05:00
4778,2027-12-31,16:00:00,2027-12-31T16:00:00-05:00
4779,2028-01-03,16:00:00,2028-01-03T16:00:00-05:00
4780,2028-01-04,16:00:00,2028-01-04T16:00:00-05:00
4781,2028-01-05,16:00:00,2028-01-05T16:00:00-05:00
4782,2028-01-06,16:00:00,2028-01-06T16:00:00-05:00
4783,2028-01-07,16:00:00,2028-01-07T16:00:00-05:00
4784,2028-01-10,16:00:00,2028-01-10T16:00:00-05:00
4785,2028-01-11,16:00:00,2028-01-11T16:00:00-05:00
4786,2028-01-12,16:00:00,2028-01-12T16:00:00-05:00
4787,2028-01-13,16:00:00,2028-01-13T16:00:00-05:00
4788,2028-01-14,16:00:00,2028-01-14T16:00:00-05:00
4789,2028-01-18,16:00:00,2028-01-18T16:00:00-05:00
4790,2028-01-19,16:00:00,2028-01-19T16:00:00-05:00
4791,2028-01-20,16:00:00,2028-01-20T16:00:00-05:00
4792,2028-01-21,16:00:00,2028-01-21T16:00:00-05:00
4793,2028-01-24,16:00:00,2028-01-24T16:00:00-05:00
4794,2028-01-25,16:00:00,2028-01-25T16:00:00-05:00
4795,2028-01-26,16:00:00,2028-01-26T16:00:00-05:00
4796,2028-01-27,16:00:00,2028-01-27T16:00:00-05:00
4797,2028-01-28,16:00:00,2028-01-28T16:00:00-05:00
4798,2028-01-31,16:00:00,2028-01-31T16:00:00-05:00
4799,2028-02-01,16:00:00,2028-02-01T16:00:00-05:00
4800,2028-02-02,16:00:00,2028-02-02T16:00:00-05:00
4801,2028-02-03,16:00:00,2028-02-03T16:00:00-05:00
4802,2028-02-04,16:00:00,2028-02-04T16:00:00-05:00
4803,2028-02-07,16:00:00,2028-02-07T16:00:00-05:00
4804,2028-02-08,16:00:00,2028-02-08T16:00:00-05:00
4805,2028-02-09,16:00:00,2028-02-09T16:00:00-05:00
4806,2028-02-10,16:00:00,2028-02-10T16:00:00-05:00
4807,2028-02-11,16:00:00,2028-02-11T16:00:00-05:00
4808,2028-02-14,16:00:00,2028-02-14T16:00:00-05:00
4809,2028-02-15,16:00:00,2028-02-15T16:00:00-05:00
4810,2028-02-16,16:00:00,2028-02-16T16:00:00-05:00
4811,2028-02-17,16:00:00,2028-02-17T16:00:00-05:00
4812,2028-02-18,16:00:00,2028-02-18T16:00:00-05:00
4813,2028-02-22,16:00:00,2028-02-22T16:00:00-05:00
4814,2028-02-23,16:00:00,2028-02-23T16:00:00-05:00
4815,2028-02-24,16:00:00,2028-02-24T16:00:00-05:00
4816,2028-02-25,16:00:00,2028-02-25T16:00:00-05:00
4817,2028-02-28,16:00:00,2028-02-28T16:00:00-05:00
4818,2028-02-29,16:00:00,2028-02-29T16:00:00-05:00
4819,2028-03-01,16:00:00,2028-03-01T16:00:00-05:00
4820,2028-03-02,16:00:00,2028-03-02T16:00:00-05:00
4821,2028-03-03,16:00:00,2028-03-03T16:00:00-05:00
4822,2028-03-06,16:00:00,2028-03-06T16:00:00-05:00
4823,2028-03-07,16:00:00,2028-03-07T16:00:00-05:00
4824,2028-03-08,16:00:00,2028-03-08T16:00:00-05:00
4825,2028-03-09,16:00:00,2028-03-09T16:00:00-05:00
4826,2028-03-10,16:00:00,2028-03-10T16:00:00-05:00
4827,2028-03-13,16:00:00,2028-03-13T16:00:00-04:00
4828,2028-03-14,16:00:00,2028-03-14T16:00:00-04:00
4829,2028-03-15,16:00:00,2028-03-15T16:00:00-04:00
4830,2028-03-16,16:00:00,2028-03-16T16:00:00-04:00
4831,2028-03-17,16:00:00,2028-03-17T16:00:00-04:00
4832,2028-03-20,16:00:00,2028-03-20T16:00:00-04:00
4833,2028-03-21,16:00:00,2028-03-21T16:00:00-04:00
4834,2028-03-22,16:00:00,2028-03-22T16:00:00-04:00
4835,2028-03-23,16:00:00,2028-03-23T16:00:00-04:00
4836,2028-03-24,16:00:00,2028-03-24T16:00:00-04:00
4837,2028-03-27,16:00:00,2028-03-27T16:00:00-04:00
4838,2028-03-28,16:00:00,2028-03-28T16:00:00-04:00
4839,2028-03-29,16:00:00,2028-03-29T16:00:00-04:00
4840,2028-03-30,16:00:00,2028-03-30T16:00:00-04:00
4841,2028-03-31,16:00:00,2028-03-31T16:00:00-04:00
4842,2028-04-03,16:00:00,2028-04-03T16:00:00-04:00
4843,2028-04-04,16:00:00,2028-04-04T16:00:00-04:00
4844,2028-04-05,16:00:00,2028-04-05T16:00:00-04:00
4845,2028-04-06,16:00:00,2028-04-06T16:00:00-04:00
4846,2028-04-07,16:00:00,2028-04-07T16:00:00-04:00
4847,2028-04-10,16:00:00,2028-04-10T16:00:00-04:00
4848,2028-04-11,16:00:00,2028-04-11T16:00:00-04:00
4849,2028-04-12,16:00:00,2028-04-12T16:00:00-04:00
4850,2028-04-13,16:00:00,2028-04-13T16:00:00-04:00
4851,2028-04-17,16:00:00,2028-04-17T16:00:00-04:00
4852,2028-04-18,16:00:00,2028-04-18T16:00:00-04:00
4853,2028-04-19,16:00:00,2028-04-19T16:00:00-04:00
4854,2028-04-20,16:00:00,2028-04-20T16:00:00-04:00
4855,2028-04-21,16:00:00,2028-04-21T16:00:00-04:00
4856,2028-04-24,16:00:00,2028-04-24T16:00:00-04:00
4857,2028-04-25,16:00:00,2028-04-25T16:00:00-04:00
4858,2028-04-26,16:00:00,2028-04-26T16:00:00-04:00
4859,2028-04-27,16:00:00,2028-04-27T16:00:00-04:00
4860,2028-04-28,16:00:00,2028-04-28T16:00:00-04:00
4861,2028-05-01,16:00:00,2028-05-01T16:00:00-04:00
4862,2028-05-02,16:00:00,2028-05-02T16:00:00-04:00
4863,2028-05-03,16:00:00,2028-05-03T16:00:00-04:00
4864,2028-05-04,16:00:00,2028-05-04T16:00:00-04:00
4865,2028-05-05,16:00:00,2028-05-05T16:00:00-04:00
4866,2028-05-08,16:00:00,2028-05-08T16:00:00-04:00
4867,2028-05-09,16:00:00,2028-05-09T16:00:00-04:00
4868,2028-05-10,16:00:00,2028-05-10T16:00:00-04:00
4869,2028-05-11,16:00:00,2028-05-11T16:00:00-04:00
4870,2028-05-12,16:00:00,2028-05-12T16:00:00-04:00
4871,2028-05-15,16:00:00,2028-05-15T16:00:00-04:00
4872,2028-05-16,16:00:00,2028-05-16T16:00:00-04:00
4873,2028-05-17,16:00:00,2028-05-17T16:00:00-04:00
4874,2028-05-18,16:00:00,2028-05-18T16:00:00-04:00
4875,2028-05-19,16:00:00,2028-05-19T16:00:00-04:00
4876,2028-05-22,16:00:00,2028-05-22T16:00:00-04:00
4877,2028-05-23,16:00:00,2028-05-23T16:00:00-04:00
4878,2028-05-24,16:00:00,2028-05-24T16:00:00-04:00
4879,2028-05-25,16:00:00,2028-05-25T16:00:00-04:00
4880,2028-05-26,16:00:00,2028-05-26T16:00:00-04:00
4881,2028-05-30,16:00:00,2028-05-30T16:00:00-04:00
4882,2028-05-31,16:00:00,2028-05-31T16:00:00-04:00
4883,2028-06-01,16:00:00,2028-06-01T16:00:00-04:00
4884,2028-06-02,16:00:00,2028-06-02T16:00:00-04:00
4885,2028-06-05,16:00:00,2028-06-05T16:00:00-04:00
4886,2028-06-06,16:00:00,2028-06-06T16:00:00-04:00
4887,2028-06-07,16:00:00,2028-06-07T16:00:00-04:00
4888,2028-06-08,16:00:00,2028-06-08T16:00:00-04:00
4889,2028-06-09,16:00:00,2028-06-09T16:00:00-04:00
4890,2028-06-12,16:00:00,2028-06-12T16:00:00-04:00
4891,2028-06-13,16:00:00,2028-06-13T16:00:00-04:00
4892,2028-06-14,16:00:00,2028-06-14T16:00:00-04:00
4893,2028-06-15,16:00:00,2028-06-15T16:00:00-04:00
4894,2028-06-16,16:00:00,2028-06-16T16:00:00-04:00
4895,2028-06-20,16:00:00,2028-06-20T16:00:00-04:00
4896,2028-06-21,16:00:00,2028-06-21T16:00:00-04:00
4897,2028-06-22,16:00:00,2028-06-22T16:00:00-04:00
4898,2028-06-23,16:00:00,2028-06-23T16:00:00-04:00
4899,2028-06-26,16:00:00,2028-06-26T16:00:00-04:00
4900,2028-06-27,16:00:00,2028-06-27T16:00:00-04:00
4901,2028-06-28,16:00:00,2028-06-28T16:00:00-04:00
4902,2028-06-29,16:00:00,2028-06-29T16:00:00-04:00
4903,2028-06-30,16:00:00,2028-06-30T16:00:00-04:00
4904,2028-07-03,13:00:00,2028-07-03T13:00:00-04:00
4905,2028-07-05,16:00:00,2028-07-05T16:00:00-04:00
4906,2028-07-06,16:00:00,2028-07-06T16:00:00-04:00
4907,2028-07-07,16:00:00,2028-07-07T16:00:00-04:00
4908,2028-07-10,16:00:00,2028-07-10T16:00:00-04:00
4909,2028-07-11,16:00:00,2028-07-11T16:00:00-04:00
4910,2028-07-12,16:00:00,2028-07-12T16:00:00-04:00
4911,2028-07-13,16:00:00,2028-07-13T16:00:00-04:00
4912,2028-07-14,16:00:00,2028-07-14T16:00:00-04:00
4913,2028-07-17,16:00:00,2028-07-17T16:00:00-04:00
4914,2028-07-18,16:00:00,2028-07-18T16:00:00-04:00
4915,2028-07-19,16:00:00,2028-07-19T16:00:00-04:00
4916,2028-07-20,16:00:00,2028-07-20T16:00:00-04:00
4917,2028-07-21,16:00:00,2028-07-21T16:00:00-04:00
4918,2028-07-24,16:00:00,2028-07-24T16:00:00-04:00
4919,2028-07-25,16:00:00,2028-07-25T16:00:00-04:00
4920,2028-07-26,16:00:00,2028-07-26T16:00:00-04:00
4921,2028-07-27,16:00:00,2028-07-27T16:00:00-04:00
4922,2028-07-28,16:00:00,2028-07-28T16:00:00-04:00
4923,2028-07-31,16:00:00,2028-07-31T16:00:00-04:00
4924,2028-08-01,16:00:00,2028-08-01T16:00:00-04:00
4925,2028-08-02,16:00:00,2028-08-02T16:00:00-04:00
4926,2028-08-03,16:00:00,2028-08-03T16:00:00-04:00
4927,2028-08-04,16:00:00,2028-08-04T16:00:00-04:00
4928,2028-08-07,16:00:00,2028-08-07T16:00:00-04:00
4929,2028-08-08,16:00:00,2028-08-08T16:00:00-04:00
4930,2028-08-09,16:00:00,2028-08-09T16:00:00-04:00
4931,2028-08-10,16:00:00,2028-08-10T16:00:00-04:00
4932,2028-08-11,16:00:00,2028-08-11T16:00:00-04:00
4933,2028-08-14,16:00:00,2028-08-14T16:00:00-04:00
4934,2028-08-15,16:00:00,2028-08-15T16:00:00-04:00
4935,2028-08-16,16:00:00,2028-08-16T16:00:00-04:00
4936,2028-08-17,16:00:00,2028-08-17T16:00:00-04:00
4937,2028-08-18,16:00:00,2028-08-18T16:00:00-04:00
4938,2028-08-21,16:00:00,2028-08-21T16:00:00-04:00
4939,2028-08-22,16:00:00,2028-08-22T16:00:00-04:00
4940,2028-08-23,16:00:00,2028-08-23T16:00:00-04:00
4941,2028-08-24,16:00:00,2028-08-24T16:00:00-04:00
4942,2028-08-25,16:00:00,2028-08-25T16:00:00-04:00
4943,2028-08-28,16:00:00,2028-08-28T16:00:00-04:00
4944,2028-08-29,16:00:00,2028-08-29T16:00:00-04:00
4945,2028-08-30,16:00:00,2028-08-30T16:00:00-04:00
4946,2028-08-31,16:00:00,2028-08-31T16:00:00-04:00
4947,2028-09-01,16:00:00,2028-09-01T16:00:00-04:00
